id,col,size,entry_idx,entry_price,entry_fees,exit_idx,exit_price,exit_fees,pnl,return,direction,status,parent_id
0,0,1.11,3280,34908.0,33.300000000000004,3730,35293.0,0.0,394.04999999999853,0.010169588632978075,0,1,0
1,0,0.73,7820,36413.0,21.9,8265,36337.0,0.0,-77.37999999999957,-0.002911048251997897,0,1,1
2,0,0.96,14752,36201.0,28.799999999999997,15210,35695.0,0.0,-514.560000000002,-0.014806220822629267,0,1,2
3,0,1.05,18005,34296.0,31.5,18457,34468.0,0.0,149.09999999999854,0.0041404245393048345,0,1,3
4,0,1.08,19395,34988.0,32.400000000000006,19841,35072.0,0.0,58.32000000000116,0.001543386303875645,0,1,4
5,0,1.06,21672,34351.0,31.8,22110,34331.0,0.0,-53.00000000000436,-0.0014555617012606361,0,1,5
6,0,0.8200000000000001,27185,36106.0,24.6,27662,36176.0,0.0,32.800000000001454,0.0011078491109511375,0,1,6
7,0,1.07,28547,36083.0,32.1,29013,35553.0,0.0,-599.2000000000058,-0.01551977385472398,0,1,7
8,0,0.91,29505,35349.0,27.3,29962,34810.0,0.0,-517.7899999999979,-0.01609663639706916,0,1,8
9,0,0.99,32278,35191.0,29.7,32881,35609.0,0.0,384.1199999999997,0.011025546304452837,0,1,9
10,0,0.7000000000000001,34305,35810.0,21.000000000000004,35041,36132.0,0.0,204.39999999999782,0.008154146886344507,0,1,10
11,0,0.59,35790,36550.0,17.7,36336,36330.0,0.0,-147.5000000000029,-0.006839945280437891,0,1,11
12,0,0.73,41182,36419.0,21.9,41903,37188.0,0.0,539.469999999999,0.020291606029819564,0,1,12
13,0,0.65,42693,36919.0,19.5,43330,37490.0,0.0,351.6499999999978,0.014653701346190217,0,1,13
14,0,0.62,44637,37150.0,18.6,45364,37305.0,0.0,77.49999999999855,0.0033647375504710004,0,1,14
15,0,0.74,51942,37254.0,22.2,52618,37617.0,0.0,246.419999999999,0.008938637461749038,0,1,15
16,0,0.73,55417,38440.0,21.9,56193,38804.0,0.0,243.81999999999752,0.008688865764828215,0,1,16
17,0,0.6,57057,38411.0,18.0,57812,38020.0,0.0,-252.59999999999854,-0.010960401968186134,0,1,17
18,0,0.78,60911,38213.0,23.400000000000002,61679,36885.0,0.0,-1059.2400000000002,-0.03553764425718997,0,1,18
19,0,0.72,63099,37585.0,21.599999999999998,63676,37466.0,0.0,-107.28000000000029,-0.003964347479047503,0,1,19
20,0,0.63,64274,36838.0,18.9,64937,37293.0,0.0,267.7500000000015,0.011536999837124773,0,1,20
21,0,0.8,66392,37480.0,24.0,67077,37250.0,0.0,-208.0,-0.006937033084311633,0,1,21
22,0,0.7000000000000001,67897,37108.0,21.000000000000004,68568,37120.0,0.0,-12.599999999998548,-0.000485070604721298,0,1,22
23,0,0.5700000000000001,74982,38309.0,17.1,75697,38338.0,0.0,-0.5699999999975276,-2.6103526586328603e-05,0,1,23
24,0,0.66,78498,37936.0,19.8,79118,38240.0,0.0,180.8399999999994,0.007222690847743544,0,1,24
25,0,0.7000000000000001,80566,38731.0,21.000000000000004,81297,39319.0,0.0,390.59999999999854,0.014407064108853318,0,1,25
26,0,0.6,82061,39410.0,18.0,82797,39710.0,0.0,162.0,0.006851053032225323,0,1,26
27,0,0.49,84406,39690.0,14.7,85092,39430.0,0.0,-142.0999999999978,-0.0073066263542452894,0,1,27
28,0,0.65,85778,39374.0,19.5,86462,39534.0,0.0,84.5,0.003301671153553106,0,1,28
29,0,0.93,88837,39540.0,27.900000000000002,89281,39750.0,0.0,167.39999999999563,0.004552352048558302,0,1,29
30,0,0.67,94280,40695.0,20.1,94979,40462.0,0.0,-176.21000000000058,-0.006462710406683889,0,1,30
31,0,1.49,101991,41208.0,44.7,102146,41160.0,0.0,-116.2199999999968,-0.0018928363424577232,0,1,31
32,0,0.78,103559,41567.0,23.400000000000002,104050,41497.0,0.0,-78.00000000000219,-0.0024057545649193543,0,1,32
33,0,1.46,104115,41432.0,43.8,104406,41515.0,0.0,77.3800000000003,0.001279204479629277,0,1,33
34,0,0.49,105942,42077.0,14.7,106733,41960.0,0.0,-72.03000000000175,-0.003493595075694645,0,1,34
35,0,0.6900000000000001,113275,41200.0,20.700000000000003,114007,40993.0,0.0,-163.53000000000173,-0.00575242718446608,0,1,35
36,0,0.61,125814,41254.0,18.3,126477,40920.0,0.0,-222.03999999999797,-0.008823386823095861,0,1,36
37,0,0.74,131668,40301.0,22.2,132438,39515.0,0.0,-603.8399999999995,-0.020247636535073554,0,1,37
38,0,0.59,133348,39490.0,17.7,134193,39531.0,0.0,6.489999999998691,0.00027855153203337003,0,1,38
39,0,0.6900000000000001,137715,39273.0,20.700000000000003,138514,40080.0,0.0,536.1299999999981,0.019784584829271947,0,1,39
40,0,0.61,140240,40205.0,18.3,141110,39947.0,0.0,-175.68000000000103,-0.007163288148240311,0,1,40
41,0,0.67,146320,41045.0,20.1,147019,41190.0,0.0,77.05000000000146,0.002801802899256966,0,1,41
42,0,0.72,150534,41589.0,21.599999999999998,151455,42133.0,0.0,370.08000000000027,0.012359037245425484,0,1,42
43,0,0.63,152932,42046.0,18.9,153843,42571.0,0.0,311.85,0.011772820244494126,0,1,43
44,0,0.54,154793,42523.0,16.200000000000003,155472,42054.0,0.0,-269.460000000002,-0.01173482585894701,0,1,44
45,0,0.56,164162,39340.0,16.8,165024,38944.0,0.0,-238.5599999999984,-0.010828673106253104,0,1,45
46,0,0.55,165848,39269.0,16.5,166671,39448.0,0.0,81.95000000000073,0.003794341592604887,0,1,46
47,0,0.61,172500,39205.0,18.3,173299,39261.0,0.0,15.859999999999854,0.000663180716745307,0,1,47
48,0,0.59,178642,37413.0,17.7,179398,37636.0,0.0,113.8699999999997,0.005158634699168725,0,1,48
49,0,0.62,181218,37509.0,18.6,182072,38172.0,0.0,392.4600000000013,0.016875949772054765,0,1,49
50,0,0.77,185240,38766.0,23.1,185912,38769.0,0.0,-20.78999999999869,-0.0006964866119795259,0,1,50
51,0,0.72,186783,39421.0,21.599999999999998,187523,39302.0,0.0,-107.28000000000029,-0.0037797113213769414,0,1,51
52,0,0.74,188868,39370.0,22.2,189726,39102.0,0.0,-220.5199999999997,-0.007569215138430267,0,1,52
53,0,0.65,198282,38826.0,19.5,199121,39411.0,0.0,360.75,0.014294544892597743,0,1,53
54,0,0.64,202430,40071.0,19.2,203295,40066.0,0.0,-22.400000000000727,-0.0008734496269122591,0,1,54
55,0,0.62,208698,39220.0,18.6,209565,40206.0,0.0,592.7199999999997,0.024375318714941342,0,1,55
56,0,0.54,219131,39349.0,16.200000000000003,219981,38910.0,0.0,-253.2600000000013,-0.01191898142265375,0,1,56
57,0,0.65,221687,38697.0,19.5,222509,38768.0,0.0,26.650000000001455,0.0010595136573895195,0,1,57
58,0,0.66,223406,38700.0,19.8,224106,39052.0,0.0,212.5199999999997,0.008320413436692495,0,1,58
59,0,0.67,225880,39271.0,20.1,226743,39120.0,0.0,-121.27000000000189,-0.0046089990069008374,0,1,59
60,0,0.75,227584,39203.0,22.5,228307,39895.0,0.0,496.5,0.016886462770706323,0,1,60
61,0,0.6900000000000001,229862,39707.0,20.700000000000003,230579,39409.0,0.0,-226.31999999999897,-0.00826050822273147,0,1,61
62,0,0.72,231305,39293.0,21.599999999999998,232085,39790.0,0.0,336.2400000000001,0.011885068587280181,0,1,62
63,0,0.73,235483,40543.0,21.9,236244,41197.0,0.0,455.5199999999983,0.015391066275312573,0,1,63
64,0,0.65,242028,40882.0,19.5,242850,40790.0,0.0,-79.29999999999927,-0.0029841984247345747,0,1,64
65,0,0.71,243667,40530.0,21.299999999999997,244421,39984.0,0.0,-408.95999999999987,-0.01421169504071058,0,1,65
66,0,0.63,246081,39727.0,18.9,247008,39818.0,0.0,38.43000000000175,0.0015354796486017766,0,1,66
67,0,0.61,250687,40464.0,18.3,251500,40447.0,0.0,-28.67000000000262,-0.0011615262949783583,0,1,67
68,0,0.72,258764,41158.0,21.599999999999998,259527,41224.0,0.0,25.92000000000044,0.000874678069877074,0,1,68
69,0,0.67,262943,41781.0,20.1,263804,41715.0,0.0,-64.31999999999752,-0.002297695124578069,0,1,69
70,0,0.67,264745,41720.0,20.1,265573,42200.0,0.0,301.4999999999985,0.010786193672099658,0,1,70
71,0,0.59,282500,42831.0,17.7,283370,43340.0,0.0,282.6100000000013,0.011183488594709494,0,1,71
72,0,0.74,286734,43367.0,22.2,287512,43715.0,0.0,235.32000000000045,0.007332764544469311,0,1,72
73,0,0.61,290641,44224.0,18.3,291521,44616.0,0.0,220.81999999999897,0.008185600578871164,0,1,73
74,0,0.6900000000000001,293303,44680.0,20.700000000000003,294117,44885.0,0.0,120.74999999999709,0.003916741271262215,0,1,74
75,0,0.59,297314,45009.0,17.7,298214,45294.0,0.0,150.45000000000147,0.005665533559954731,0,1,75
76,0,0.63,301885,44992.0,18.9,302923,43835.0,0.0,-747.8099999999998,-0.026382467994310096,0,1,76
77,0,0.76,310851,44078.0,22.8,311492,43870.0,0.0,-180.88000000000176,-0.005399519034439002,0,1,77
78,0,0.76,312117,44106.0,22.8,312491,44184.0,0.0,36.480000000006115,0.0010882873078494548,0,1,78
79,0,0.52,317454,42562.0,15.600000000000001,318419,42545.0,0.0,-24.440000000000147,-0.0011042714158169325,0,1,79
80,0,0.6900000000000001,323525,42406.0,20.700000000000003,324305,42167.0,0.0,-185.60999999999984,-0.0063434419657595565,0,1,80
81,0,0.79,325590,42267.0,23.700000000000003,326453,42194.0,0.0,-81.36999999999826,-0.0024368892989802397,0,1,81
82,0,0.67,329837,42134.0,20.1,330708,42564.0,0.0,267.9999999999985,0.00949352067214121,0,1,82
83,0,0.6900000000000001,338666,41160.0,20.700000000000003,339391,41213.0,0.0,15.869999999999706,0.0005587949465500383,0,1,83
84,0,0.67,340172,41717.0,20.1,340950,42027.0,0.0,187.5999999999971,0.006711892034422313,0,1,84
85,0,0.66,344777,42632.0,19.8,345608,42578.0,0.0,-55.44000000000305,-0.001970350910114576,0,1,85
86,0,0.63,347344,43358.0,18.9,348240,43361.0,0.0,-17.01000000000058,-0.0006227224502975442,0,1,86
87,0,0.63,349248,43299.0,18.9,350110,43438.0,0.0,68.6699999999997,0.0025173791542529743,0,1,87
88,0,0.67,352030,43174.0,20.1,352947,43199.0,0.0,-3.3500000000000014,-0.00011581044146940292,0,1,88
89,0,0.67,353865,42897.0,20.1,354707,43289.0,0.0,242.53999999999942,0.008438818565400824,0,1,89
90,0,0.7000000000000001,356462,43962.0,21.000000000000004,357372,43977.0,0.0,-10.500000000000004,-0.00034120376688958655,0,1,90
91,0,0.67,361126,43967.0,20.1,361956,44278.0,0.0,188.269999999999,0.0063911570041166885,0,1,91
92,0,0.72,362891,43799.0,21.599999999999998,363774,43853.0,0.0,17.28000000000102,0.0005479577159296198,0,1,92
93,0,0.61,365710,42625.0,18.3,366737,42397.0,0.0,-157.38000000000176,-0.006052785923753733,0,1,93
94,0,0.71,367843,42421.0,21.299999999999997,368023,42502.0,0.0,36.2099999999984,0.0012022347422266744,0,1,94
95,0,0.78,371430,42731.0,23.400000000000002,372269,42545.0,0.0,-168.48000000000175,-0.005054878191476966,0,1,95
96,0,0.73,374255,42425.0,21.9,375131,42601.0,0.0,106.57999999999956,0.0034413671184442994,0,1,96
97,0,0.72,376092,42506.0,21.599999999999998,376938,42599.0,0.0,45.35999999999913,0.0014821436973603444,0,1,97
98,0,0.67,385379,43181.0,20.1,386044,43375.0,0.0,109.87999999999957,0.003797966698316374,0,1,98
99,0,0.65,392295,42635.0,19.5,393135,42872.0,0.0,134.54999999999927,0.004855165943473645,0,1,99
100,0,0.66,398503,42121.0,19.8,399472,41953.0,0.0,-130.68000000000103,-0.004700743097267433,0,1,100
101,0,0.74,408314,41644.0,22.2,409180,41951.0,0.0,204.97999999999666,0.0066516184804532585,0,1,101
102,0,0.66,411280,41631.0,19.8,412314,41464.0,0.0,-130.02000000000118,-0.004732050635343896,0,1,102
103,0,0.61,413568,42139.0,18.3,414628,42218.0,0.0,29.88999999999869,0.0011628182918436093,0,1,103
104,0,0.6900000000000001,427784,43807.0,20.700000000000003,428782,43789.0,0.0,-33.11999999999826,-0.0010957152966420314,0,1,104
105,0,0.68,429900,44045.0,20.400000000000002,430977,43916.0,0.0,-108.12000000000117,-0.003609944375070989,0,1,105
106,0,0.67,438497,42238.0,20.1,439491,42265.0,0.0,-2.009999999999856,-7.102609025048025e-05,0,1,106
107,0,0.64,440657,42407.0,19.2,441676,42287.0,0.0,-95.99999999999928,-0.0035371518853019282,0,1,107
108,0,0.6900000000000001,444192,42563.0,20.700000000000003,445255,42357.0,0.0,-162.8399999999994,-0.005544721941592443,0,1,108
109,0,0.62,446557,41815.0,18.6,447617,42052.0,0.0,128.34000000000233,0.0049503766590937165,0,1,109
110,0,0.72,455564,42270.0,21.599999999999998,456630,42469.0,0.0,121.68000000000248,0.003998107404778885,0,1,110
111,0,0.6900000000000001,457923,42736.0,20.700000000000003,458980,42851.0,0.0,58.64999999999854,0.0019889554473979288,0,1,111
112,0,0.73,461193,43116.0,21.9,462206,43596.0,0.0,328.49999999999784,0.010436960757027484,0,1,112
113,0,0.67,463516,43633.0,20.1,464575,43660.0,0.0,-2.009999999999856,-6.875529988769474e-05,0,1,113
114,0,0.65,473207,44542.0,19.5,474351,43916.0,0.0,-426.3999999999978,-0.014727672758295467,0,1,114
115,0,0.58,475736,43848.0,17.4,476874,43623.0,0.0,-147.9,-0.005815544608648058,0,1,115
116,0,0.71,481729,43729.0,21.299999999999997,482815,43690.0,0.0,-48.990000000002325,-0.001577900249262578,0,1,116
117,0,0.61,485297,43063.0,18.3,486396,43415.0,0.0,196.41999999999751,0.007477416807932469,0,1,117
118,0,0.55,487629,44155.0,16.5,488674,44249.0,0.0,35.19999999999709,0.0014494394745780705,0,1,118
119,0,0.6,491052,44392.0,18.0,492184,44410.0,0.0,-7.200000000000728,-0.00027031897639217005,0,1,119
120,0,0.59,499645,45484.0,17.7,500815,45882.0,0.0,217.11999999999972,0.008090757189341297,0,1,120
121,0,0.51,510031,46262.0,15.3,511204,46882.0,0.0,300.9000000000007,0.012753447754096266,0,1,121
122,0,0.52,512634,47138.0,15.600000000000001,513818,46867.0,0.0,-156.5200000000019,-0.006385506385506462,0,1,122
123,0,0.55,518904,47236.0,16.5,520050,47496.0,0.0,126.5,0.004869167584046066,0,1,123
124,0,0.62,547411,45991.0,18.6,548528,46628.0,0.0,376.3400000000023,0.013198234437172572,0,1,124
125,0,0.58,549890,46560.0,17.4,551008,46887.0,0.0,172.25999999999985,0.006378865979381438,0,1,125
126,0,0.47000000000000003,559753,49205.0,14.100000000000001,560913,49245.0,0.0,4.699999999999271,0.00020323137892487448,0,1,126
127,0,0.46,565527,49842.0,13.8,566703,49272.0,0.0,-275.9999999999971,-0.012038040207054165,0,1,127
128,0,0.5,571922,50982.0,15.0,573073,51454.0,0.0,221.0,0.008669726570162017,0,1,128
129,0,0.33,578446,51403.0,9.9,579652,50464.0,0.0,-319.7700000000026,-0.0188510398225786,0,1,129
130,0,0.33,581124,49759.0,9.9,582322,50200.0,0.0,135.62999999999883,0.008259812295263097,0,1,130
131,0,0.39,584962,49050.0,11.700000000000001,586163,49462.0,0.0,148.9800000000003,0.007787971457696244,0,1,131
132,0,0.48,592979,51364.0,14.399999999999999,594090,51602.0,0.0,99.8400000000016,0.004049528852893142,0,1,132
133,0,0.46,613447,55751.0,13.8,614631,56185.0,0.0,185.8399999999994,0.007246506789115866,0,1,133
134,0,0.45,616056,55836.0,13.5,617231,55804.0,0.0,-27.900000000001455,-0.0011103947274160619,0,1,134
135,0,0.47000000000000003,641646,54794.00000000001,14.100000000000001,642828,55798.0,0.0,457.77999999999736,0.01777566886885415,0,1,135
136,0,0.46,647981,56861.0,13.8,649176,56452.0,0.0,-201.93999999999943,-0.007720581769578423,0,1,136
137,0,0.42,654464,54487.00000000001,12.6,655634,53979.99999999999,0.0,-225.54000000000596,-0.009855561877145267,0,1,137
138,0,0.48,658278,55069.00000000001,14.399999999999999,659441,55321.0,0.0,106.55999999999548,0.004031306179520067,0,1,138
139,0,0.41000000000000003,660861,55421.0,12.3,661957,55339.0,0.0,-45.91999999999898,-0.0020208946067374733,0,1,139
140,0,0.47000000000000003,666945,54949.0,14.100000000000001,668033,55912.0,0.0,438.51000000000056,0.016979380880452803,0,1,140
141,0,0.44,677294,58511.0,13.2,678479,58854.0,0.0,137.71999999999827,0.005349421476303534,0,1,141
142,0,0.43,679904,59450.0,12.9,681019,58844.00000000001,0.0,-273.4799999999981,-0.010698065601345595,0,1,142
143,0,0.2,692367,61212.00000000001,6.0,693482,63433.00000000001,0.0,438.2000000000007,0.035793635234921316,0,1,143
144,0,0.34,696158,62865.0,10.200000000000001,697145,63920.00000000001,0.0,348.50000000000074,0.016304780084307677,0,1,144
145,0,0.23,711910,71234.0,6.9,713084,71427.0,0.0,37.4899999999976,0.0022882331470925337,0,1,145
146,0,0.22,715929,68620.0,6.6,717176,68472.0,0.0,-39.15999999999949,-0.002593995919556947,0,1,146
147,0,0.22,722501,66497.0,6.6,723715,64233.00000000001,0.0,-504.67999999999813,-0.03449779689309279,0,1,147
148,0,0.29,728517,65214.0,8.7,729654,64319.00000000001,0.0,-268.2499999999956,-0.014184070905020165,0,1,148
149,0,0.25,731128,62845.00000000001,7.5,732358,63762.0,0.0,221.74999999999818,0.014114090221974582,0,1,149
150,0,0.31,754733,57848.99999999999,9.3,755871,57815.0,0.0,-19.839999999997236,-0.0011063285450049454,0,1,150
151,0,0.36,767239,64089.99999999999,10.799999999999999,768426,65188.0,0.0,384.48000000000246,0.016664066156966875,0,1,151
152,0,0.33,787159,64616.00000000001,9.9,788394,65014.0,0.0,121.44000000000014,0.005695183855391859,0,1,152
153,0,0.34,793688,64074.99999999999,10.200000000000001,794906,64995.00000000001,0.0,302.6000000000029,0.013889972688256084,0,1,153
154,0,0.41000000000000003,806947,62391.0,12.3,808156,62157.00000000001,0.0,-108.23999999999505,-0.004231379525892964,0,1,154
155,0,0.38,809610,61820.00000000001,11.4,810803,62188.0,0.0,128.4399999999965,0.005467486250404251,0,1,155
156,0,0.42,816187,62572.0,12.6,817389,62521.0,0.0,-34.019999999998255,-0.001294508725947642,0,1,156
157,0,0.28,826573,58563.00000000001,8.4,827796,58976.0,0.0,107.23999999999941,0.006539965507231491,0,1,157
158,0,0.37,835485,58417.99999999999,11.1,836657,58849.0,0.0,148.3700000000048,0.006864322640282329,0,1,158
159,0,0.4,841889,60057.00000000001,12.0,843133,59766.99999999999,0.0,-128.00000000000364,-0.005328271475431824,0,1,159
160,0,0.33,848620,57263.0,9.9,849764,57282.00000000001,0.0,-3.629999999995926,-0.00019209611791187422,0,1,160
161,0,0.42,858725,58858.0,12.6,859907,58866.99999999999,0.0,-8.820000000004802,-0.00035679092052076915,0,1,161
162,0,0.36,865056,58461.0,10.799999999999999,866241,59103.0,0.0,220.31999999999897,0.010468517473187205,0,1,162
163,0,0.37,887850,61780.99999999999,11.1,889066,62074.0,0.0,97.3100000000035,0.004256972208284254,0,1,163
164,0,0.37,904478,63967.99999999999,11.1,905725,63079.0,0.0,-340.0299999999967,-0.014366558279139432,0,1,164
165,0,0.46,911294,62880.99999999999,13.8,912511,62804.0,0.0,-49.21999999999825,-0.0017016268825240724,0,1,165
166,0,0.44,917944,62166.0,13.2,919150,62016.99999999999,0.0,-78.76000000000495,-0.0028793874465143526,0,1,166
167,0,0.47000000000000003,920573,61815.0,14.100000000000001,921726,62004.99999999999,0.0,75.19999999999564,0.002588368518967738,0,1,167
168,0,0.66,929194,63903.0,19.8,930369,62665.0,0.0,-836.8800000000017,-0.019842573901068847,0,1,168
169,0,0.39,935910,61245.00000000001,11.700000000000001,937123,60946.0,0.0,-128.31000000000057,-0.005371867091191141,0,1,169
170,0,0.43,943059,62345.00000000001,12.9,944291,63085.0,0.0,305.2999999999971,0.011388242842248668,0,1,170
171,0,0.39,949791,64583.00000000001,11.700000000000001,951039,64780.99999999999,0.0,65.51999999999389,0.002601303748664266,0,1,171
172,0,0.36,952527,64530.99999999999,10.799999999999999,953743,64525.0,0.0,-12.959999999996215,-0.0005578714106396847,0,1,172
173,0,0.37,959201,65627.0,11.1,960404,64686.0,0.0,-359.2699999999983,-0.014795739558413389,0,1,173
174,0,0.41000000000000003,963142,65246.99999999999,12.3,964252,65071.0,0.0,-84.45999999999985,-0.00315723328275629,0,1,174
175,0,0.44,969450,66347.0,13.2,970679,66844.0,0.0,205.4800000000003,0.007038750810134606,0,1,175
176,0,0.42,972115,66802.0,12.6,973277,66834.0,0.0,0.8399999999986907,2.9939223376498944e-05,0,1,176
177,0,0.37,978571,67494.0,11.1,979784,68265.0,0.0,274.1700000000004,0.010978753666992639,0,1,177
178,0,0.25,985417,65725.0,7.5,986662,64234.0,0.0,-380.25,-0.02314187904146063,0,1,178
179,0,0.39,996331,64313.0,11.700000000000001,997552,64376.0,0.0,12.869999999999708,0.0005131155442911892,0,1,179
180,0,0.43,1003019,65779.0,12.9,1004202,66281.0,0.0,202.95999999999694,0.007175542346341429,0,1,180
181,0,0.46,1005670,66285.0,13.8,1006859,65609.0,0.0,-324.75999999999914,-0.010650976842422841,0,1,181
182,0,0.44,1012253,66089.0,13.2,1013462,66331.0,0.0,93.27999999999956,0.003207795548427106,0,1,182
183,0,0.5,1016152,66400.0,15.0,1017351,67342.0,0.0,456.0,0.013734939759036145,0,1,183
184,0,0.61,1018735,67389.0,18.3,1019244,67349.0,0.0,-42.70000000000145,-0.0010387451958035047,0,1,184
185,0,0.55,1021984,67693.0,16.5,1023222,67679.0,0.0,-24.19999999999709,-0.0006499933523406365,0,1,185
186,0,0.53,1028652,68680.0,15.9,1029877,68973.0,0.0,139.39000000000087,0.0038293535235876764,0,1,186
187,0,0.55,1037949,67422.0,16.5,1039161,68101.0,0.0,356.9499999999971,0.009625938121087993,0,1,187
188,0,0.51,1050992,66563.0,15.3,1052223,67091.0,0.0,253.9800000000061,0.00748163394077809,0,1,188
189,0,0.56,1061528,65843.0,16.8,1062728,66065.0,0.0,107.51999999999971,0.0029160275200097122,0,1,189
190,0,0.47000000000000003,1064126,65370.00000000001,14.100000000000001,1065327,65527.0,0.0,59.689999999997234,0.001942787211258897,0,1,190
191,0,0.51,1067800,65684.0,15.3,1068995,65320.00000000001,0.0,-200.93999999999943,-0.005998416661591847,0,1,191
192,0,0.44,1076830,65835.0,13.2,1078014,64865.0,0.0,-440.0000000000029,-0.0151894888736995,0,1,192
193,0,0.51,1080743,64637.99999999999,15.3,1081961,65065.0,0.0,202.47000000000406,0.006141897954763576,0,1,193
194,0,0.45,1089850,65157.00000000001,13.5,1091025,65359.0,0.0,77.39999999999418,0.002639777767545882,0,1,194
195,0,0.45,1093734,63997.0,13.5,1094959,64320.00000000001,0.0,131.85000000000218,0.0045783396096692784,0,1,195
196,0,0.54,1096390,64840.00000000001,16.200000000000003,1097562,64897.0,0.0,14.579999999998833,0.0004164096236890474,0,1,196
197,0,0.6900000000000001,1100170,65285.0,20.700000000000003,1101165,65377.0,0.0,42.7800000000032,0.0009496821628246096,0,1,197
198,0,0.62,1102488,64834.99999999999,18.6,1103655,65512.0,0.0,401.1400000000052,0.009979177913164317,0,1,198
199,0,0.67,1108896,66677.0,20.1,1110070,66670.0,0.0,-24.79000000000233,-0.0005549139883318607,0,1,199
200,0,0.76,1112685,66427.0,22.8,1113867,67240.0,0.0,595.0799999999974,0.011787375615337084,0,1,200
201,0,0.65,1115313,67682.0,19.5,1116480,68297.0,0.0,380.25,0.008643361602789515,0,1,201
202,0,0.5700000000000001,1119221,68090.0,17.1,1120444,67485.0,0.0,-361.94999999999857,-0.00932589220149798,0,1,202
203,0,0.56,1125966,66340.0,16.8,1127179,66580.0,0.0,117.60000000000146,0.003165511003919243,0,1,203
204,0,0.6,1132624,67107.0,18.0,1133809,67390.0,0.0,151.8000000000029,0.0037700984994114605,0,1,204
205,0,0.46,1135256,66097.0,13.8,1136480,67250.0,0.0,516.5799999999974,0.016990181097477863,0,1,205
206,0,0.63,1148603,65910.0,18.9,1149792,66795.0,0.0,538.6499999999957,0.012972234865725884,0,1,206
207,0,0.67,1152554,66182.0,20.1,1153774,66731.0,0.0,347.7300000000017,0.007842011423045579,0,1,207
208,0,0.72,1155223,66446.0,21.599999999999998,1156425,67238.0,0.0,548.6400000000052,0.011467958944105098,0,1,208
209,0,0.65,1159006,68128.0,19.5,1160226,68197.0,0.0,25.349999999998545,0.0005724518553311084,0,1,209
210,0,0.48,1161735,69486.0,14.399999999999999,1162949,70004.0,0.0,234.2399999999994,0.007022997438332884,0,1,210
211,0,0.52,1165776,71107.0,15.600000000000001,1167000,71125.0,0.0,-6.239999999999419,-0.00016875975642340253,0,1,211
212,0,0.54,1168484,70705.0,16.200000000000003,1169712,70724.0,0.0,-5.9400000000052415,-0.00015557598472540422,0,1,212
213,0,0.42,1175318,73262.0,12.6,1176549,73043.0,0.0,-104.57999999999956,-0.003398760612595875,0,1,213
214,0,0.35000000000000003,1188879,73592.0,10.500000000000002,1190091,74192.0,0.0,199.5,0.007745407109468421,0,1,214
215,0,0.46,1192889,73725.0,13.8,1194127,74060.0,0.0,140.29999999999853,0.004136995591725965,0,1,215
216,0,0.48,1206715,75873.0,14.399999999999999,1207963,76340.0,0.0,209.7599999999962,0.0057596246359046315,0,1,216
217,0,0.59,1209487,76812.0,17.7,1210740,78473.0,0.0,962.2900000000052,0.02123366140707193,0,1,217
218,0,0.42,1213665,77945.0,12.6,1214921,79413.0,0.0,603.9600000000013,0.01844890628006932,0,1,218
219,0,0.24,1230557,78557.0,7.199999999999999,1231813,78583.0,0.0,-0.9600000000020366,-5.091844138661718e-05,0,1,219
220,0,0.27,1234781,80130.0,8.100000000000001,1236040,80251.0,0.0,24.569999999998252,0.0011356545613377452,0,1,220
221,0,0.55,1237480,80292.0,16.5,1238724,82289.0,0.0,1081.8499999999985,0.02449808200069742,0,1,221
222,0,0.36,1262711,80035.0,10.799999999999999,1263963,80160.0,0.0,34.2,0.0011869806959455239,0,1,222
223,0,0.38,1271569,82499.0,11.4,1272803,83919.0,0.0,528.2000000000022,0.01684868907501916,0,1,223
224,0,0.2,1296023,88888.99999999999,6.0,1297282,88880.0,0.0,-7.799999999999272,-0.0004387494515631446,0,1,224
225,0,0.29,1305878,92392.0,8.7,1307129,90425.0,0.0,-579.1299999999967,-0.021614425491384415,0,1,225
226,0,0.24,1310089,88643.0,7.199999999999999,1311339,89999.0,0.0,318.2399999999987,0.014958880001804932,0,1,226
227,0,0.26,1312888,90940.0,7.800000000000001,1314141,92024.0,0.0,274.04000000000013,0.01159005937981087,0,1,227
228,0,0.27,1326842,94375.0,8.100000000000001,1328099,94498.0,0.0,25.110000000002763,0.0009854304635762675,0,1,228
229,0,0.29,1333847,96892.0,8.7,1335102,97292.0,0.0,107.3,0.003818684721132808,0,1,229
230,0,0.31,1347905,99347.0,9.3,1349142,99919.0,0.0,168.0199999999997,0.005455625232769978,0,1,230
231,0,0.16,1354913,90956.0,4.8,1355480,91824.0,0.0,134.0799999999992,0.00921324596508196,0,1,231
232,0,0.37,1379313,92685.0,11.1,1380564,94402.0,0.0,624.1900000000009,0.01820143496790206,0,1,232
233,0,0.33,1400086,87571.0,9.9,1401334,86859.0,0.0,-244.85999999999913,-0.00847312466455787,0,1,233
234,0,0.31,1402874,88226.0,9.3,1404115,88514.0,0.0,79.97999999999884,0.0029243080271121468,0,1,234
235,0,0.28,1407044,86600.0,8.4,1408287,86342.0,0.0,-80.6400000000016,-0.0033256351039261628,0,1,235
236,0,0.3,1441500,88120.0,9.0,1442745,89320.0,0.0,351.0,0.01327734906945075,0,1,236
237,0,0.25,1444269,89815.0,7.5,1445508,90142.0,0.0,74.25,0.0033067973055725657,0,1,237
238,0,0.35000000000000003,1448411,88798.0,10.500000000000002,1449651,88578.0,0.0,-87.5,-0.0028153787247460526,0,1,238
239,0,0.29,1451171,91474.0,8.7,1452415,92657.0,0.0,334.3699999999997,0.0126046745523318,0,1,239
240,0,0.27,1455345,93919.0,8.100000000000001,1456598,94428.0,0.0,129.3300000000003,0.005100139481893984,0,1,240
241,0,0.28,1458116,93330.0,8.4,1459266,93202.0,0.0,-44.240000000000144,-0.0016929176042001553,0,1,241
242,0,0.26,1462167,91657.0,7.800000000000001,1463414,92686.0,0.0,259.74000000000086,0.010899331202199542,0,1,242
243,0,0.32,1464929,94559.0,9.6,1466176,96390.0,0.0,576.3199999999982,0.019046309711397057,0,1,243
244,0,0.27,1489930,87347.0,8.100000000000001,1491157,87838.0,0.0,124.46999999999971,0.005277800038925194,0,1,244
245,0,0.19,1499701,80421.0,5.7,1500960,78689.0,0.0,-334.7799999999999,-0.021909700202683374,0,1,245
246,0,0.26,1506702,83274.0,7.800000000000001,1507956,82218.0,0.0,-282.3600000000013,-0.013041285395201444,0,1,246
247,0,0.27,1510902,82166.0,8.100000000000001,1512148,82534.0,0.0,91.26000000000059,0.0041136236399484235,0,1,247
248,0,0.22,1517767,80334.0,6.6,1519021,80069.0,0.0,-64.89999999999927,-0.00367216869569543,0,1,248
249,0,0.25,1520576,79141.0,7.5,1521833,80109.0,0.0,234.5,0.01185226368127772,0,1,249
250,0,0.16,1524764,77687.0,4.8,1526024,75232.0,0.0,-397.5999999999993,-0.03198733378814982,0,1,250
251,0,0.07,1534583,85330.0,2.1,1535842,87064.0,0.0,119.28000000000011,0.019969530059767978,0,1,251
252,0,0.13,1538811,88577.0,3.9000000000000004,1540069,87979.0,0.0,-81.63999999999979,-0.007089876604536148,0,1,252
253,0,0.14,1548654,83228.0,4.2,1549909,83608.0,0.0,48.999999999998906,0.004205315518815689,0,1,253
254,0,0.13,1552857,88413.0,3.9000000000000004,1554116,90673.0,0.0,289.8999999999993,0.02522253514754611,0,1,254
255,0,0.12,1562743,79952.99999999999,3.5999999999999996,1564003,78373.0,0.0,-193.19999999999854,-0.020136830387852713,0,1,255
256,0,0.15,1583929,73103.0,4.5,1585185,73626.0,0.0,73.95000000000073,0.00674390927868904,0,1,256
257,0,0.22,1588140,73126.0,6.6,1589390,71040.0,0.0,-465.5200000000001,-0.028936356425895038,0,1,257
258,0,0.21,1598020,74411.0,6.3,1599279,79986.0,0.0,1164.4499999999982,0.07451855236456964,0,1,258
259,0,0.15,1602247,81725.0,4.5,1603504,81525.0,0.0,-34.5,-0.0028143163046803303,0,1,259
260,0,0.2,1609092,77735.0,6.0,1610352,77296.0,0.0,-93.79999999999927,-0.006033318325078746,0,1,260
261,0,0.22,1616156,77498.0,6.6,1617409,80926.0,0.0,747.5599999999998,0.04384629280755631,0,1,261
262,0,0.18,1623197,85324.0,5.3999999999999995,1624455,86714.0,0.0,244.7999999999989,0.015939243354741853,0,1,262
263,0,0.18,1626012,84989.0,5.3999999999999995,1627270,83827.0,0.0,-214.55999999999986,-0.0140253444563414,0,1,263
264,0,0.27,1630209,83713.0,8.100000000000001,1631434,84577.0,0.0,225.17999999999884,0.00996261034725784,0,1,264
265,0,0.2,1642634,86073.99999999999,6.0,1643892,83989.0,0.0,-423.0,-0.024571880010223764,0,1,265
266,0,0.21,1645454,85563.0,6.3,1646713,85203.0,0.0,-81.89999999999854,-0.004558044949335496,0,1,266
267,0,0.25,1649682,82123.0,7.5,1650937,81014.0,0.0,-284.75,-0.013869439742824787,0,1,267
268,0,0.21,1652498,81706.0,6.3,1653755,84024.0,0.0,480.48000000000246,0.02800283944875544,0,1,268
269,0,0.17,1656695,85399.0,5.1000000000000005,1657953,85380.0,0.0,-8.330000000001384,-0.0005737772105060731,0,1,269
270,0,0.23,1659508,85483.0,6.9,1660765,89882.0,0.0,1004.8700000000005,0.05110957734286352,0,1,270
271,0,0.19,1666545,90528.0,5.7,1667803,92696.0,0.0,406.2200000000019,0.02361700247437268,0,1,271
272,0,0.18,1670768,89819.0,5.3999999999999995,1672020,90618.0,0.0,138.4199999999997,0.008561662899831866,0,1,272
273,0,0.23,1673575,90962.0,6.9,1674826,91033.0,0.0,9.429999999998108,0.00045073767067557626,0,1,273
274,0,0.22,1680583,94259.0,6.6,1681839,94097.0,0.0,-42.23999999999942,-0.0020369407695816568,0,1,274
275,0,0.26,1684738,96804.0,7.800000000000001,1685996,98398.0,0.0,406.6399999999987,0.01615635717532328,0,1,275
276,0,0.18,1691796,96104.99999999999,5.3999999999999995,1693052,94813.0,0.0,-237.95999999999768,-0.013755787940273526,0,1,276
277,0,0.22,1698861,91337.0,6.6,1700119,90537.0,0.0,-182.6,-0.009087226425216506,0,1,277
278,0,0.21,1701678,93014.0,6.3,1702934,93822.0,0.0,163.38000000000028,0.008364332251058995,0,1,278
279,0,0.21,1705882,89508.0,6.3,1707133,90650.0,0.0,233.5199999999997,0.012423470527774037,0,1,279
280,0,0.21,1708693,92444.0,6.3,1709946,92758.0,0.0,59.64000000000233,0.003072130154472017,0,1,280
281,0,0.25,1712946,91516.0,7.5,1714202,94490.0,0.0,736.0,0.03216923816600376,0,1,281
282,0,0.16,1715790,95321.0,4.8,1717047,95175.0,0.0,-28.160000000000583,-0.0018463927151415075,0,1,282
283,0,0.29,1722821,93402.0,8.7,1724070,92278.0,0.0,-334.6599999999991,-0.01235519582021795,0,1,283
284,0,0.26,1727027,91681.0,7.800000000000001,1728270,92445.0,0.0,190.8399999999994,0.008006020876735612,0,1,284
285,0,0.33,1736814,87815.0,9.9,1737471,88038.0,0.0,63.69000000000015,0.002197802197802203,0,1,285
286,0,0.3,1750088,90363.0,9.0,1751332,91195.0,0.0,240.60000000000218,0.008875314011265754,0,1,286
287,0,0.3,1754272,89034.0,9.0,1755520,89858.0,0.0,238.1999999999971,0.008917941460565517,0,1,287
288,0,0.28,1757053,88576.0,8.4,1758265,88458.0,0.0,-41.44000000000087,-0.0016708815028902084,0,1,288
289,0,0.29,1761164,89634.0,8.7,1762404,91098.0,0.0,415.8600000000013,0.015998393466764897,0,1,289
290,0,0.46,1770962,92549.0,13.8,1772207,93116.0,0.0,247.0199999999997,0.005802331737782141,0,1,290
291,0,0.33,1777966,95298.0,9.9,1779215,95717.0,0.0,128.37000000000043,0.0040819324644798555,0,1,291
292,0,0.38,1782029,95195.0,11.4,1783285,95023.0,0.0,-76.76000000000059,-0.002121960186984627,0,1,292
293,0,0.37,1803120,93379.00000000001,11.1,1804372,93911.0,0.0,185.7399999999965,0.005375941057411094,0,1,293
294,0,0.34,1812934,93829.0,10.200000000000001,1814186,93980.0,0.0,41.14000000000014,0.0012895799806030162,0,1,294
295,0,0.38,1819912,92859.0,11.4,1821077,93127.0,0.0,90.44000000000378,0.002563025662563779,0,1,295
296,0,0.37,1823990,92295.0,11.1,1825244,90859.0,0.0,-542.4199999999997,-0.01588385069613738,0,1,296
297,0,0.48,1833766,93600.0,14.399999999999999,1835007,93548.0,0.0,-39.359999999999125,-0.0008760683760683566,0,1,297
298,0,0.44,1837920,94781.0,13.2,1839161,95090.0,0.0,122.75999999999912,0.0029436279423090917,0,1,298
299,0,0.38,1840703,94753.99999999999,11.4,1841958,95134.0,0.0,133.00000000000145,0.003693775460666609,0,1,299
300,0,0.31,1854656,96253.0,9.3,1855909,95467.0,0.0,-252.95999999999987,-0.008477657839236175,0,1,300
301,0,0.45,1865815,93716.00000000001,13.5,1867061,94237.0,0.0,220.9499999999971,0.005239233428656723,0,1,301
302,0,0.38,1879737,95514.0,11.4,1880992,97942.0,0.0,911.2399999999994,0.025106267144083573,0,1,302
303,0,0.31,1896485,101325.0,9.3,1897743,100609.0,0.0,-231.25999999999914,-0.007362447569701429,0,1,303
304,0,0.25,1903518,99307.0,7.5,1904774,98882.0,0.0,-113.75,-0.004581751538159445,0,1,304
305,0,0.25,1917581,105285.99999999999,7.5,1918838,104783.99999999999,0.0,-133.0,-0.005052903519936175,0,1,305
306,0,0.35000000000000003,1938678,104569.0,10.500000000000002,1939929,104503.0,0.0,-33.599999999998545,-0.0009180541078139395,0,1,306
307,0,0.24,1942924,108220.0,7.199999999999999,1944182,109166.00000000001,0.0,219.84000000000452,0.008464239512105145,0,1,307
308,0,0.28,1959886,114317.0,8.4,1961144,115035.99999999999,0.0,192.91999999999607,0.006027100081352607,0,1,308
309,0,0.28,1964139,116734.99999999999,8.4,1965398,118883.99999999999,0.0,593.3199999999975,0.018152225125283687,0,1,309
310,0,0.28,1966879,118551.00000000001,8.4,1968077,117650.0,0.0,-260.6800000000061,-0.00785316024327101,0,1,310
311,0,0.24,1971031,119647.0,7.199999999999999,1972291,121477.0,0.0,432.00000000000074,0.015044255183999626,0,1,311
312,0,0.19,1973872,120583.0,5.7,1975132,115982.0,0.0,-879.8899999999987,-0.03840508197672966,0,1,312
313,0,0.46,1994963,110422.0,13.8,1995568,110381.0,0.0,-32.66000000000058,-0.0006429878104001128,0,1,313
314,0,0.31,1998537,109329.0,9.3,1999794,109095.0,0.0,-81.84000000000087,-0.0024147298520978224,0,1,314
315,0,0.3,2007653,112695.0,9.0,2008912,113580.0,0.0,256.5,0.007586849460934381,0,1,315
316,0,0.21,2021637,109423.0,6.3,2022896,109320.0,0.0,-27.92999999999738,-0.0012154665838076779,0,1,316
317,0,0.22,2028701,108548.0,6.6,2029961,108123.0,0.0,-100.1,-0.004191693997125695,0,1,317
318,0,0.22,2042856,109238.00000000001,6.6,2044115,109199.0,0.0,-15.180000000005384,-0.0006316483275053045,0,1,318
319,0,0.32,2046917,111807.99999999999,9.6,2048174,111489.00000000001,0.0,-111.67999999999446,-0.003121422438465787,0,1,319
320,0,0.17,2049757,110007.0,5.1000000000000005,2051016,111731.0,0.0,287.9799999999981,0.015399020062359563,0,1,320
321,0,0.22,2056830,110433.99999999999,6.6,2058089,111642.0,0.0,259.16000000000565,0.010667004726805386,0,1,321
322,0,0.31,2085061,108838.00000000001,9.3,2086317,110785.99999999999,0.0,594.5799999999902,0.017622521545783348,0,1,322
323,0,0.41000000000000003,2089343,110227.00000000001,12.3,2090601,111221.0,0.0,395.2399999999936,0.008745588648878987,0,1,323
324,0,0.38,2098969,114953.0,11.4,2100223,116007.0,0.0,389.1200000000041,0.00890798848224936,0,1,324
325,0,0.27,2117408,116608.99999999999,8.100000000000001,2118665,116697.0,0.0,15.660000000005674,0.0004973887092764796,0,1,325
326,0,0.17,2127269,120455.0,5.1000000000000005,2128529,120726.0,0.0,40.96999999999971,0.002000747166991808,0,1,326
327,0,0.23,2131514,123056.0,6.9,2132771,123951.0,0.0,198.94999999999854,0.0070293199843972955,0,1,327
328,0,0.17,2141442,118255.0,5.1000000000000005,2142701,117683.99999999999,0.0,-102.17000000000334,-0.005082237537525006,0,1,328
329,0,0.31,2148522,121114.00000000001,9.3,2149779,121402.0,0.0,79.97999999999884,0.0021302244166652596,0,1,329
330,0,0.31,2155430,120613.00000000001,9.3,2156686,121729.0,0.0,336.65999999999184,0.009004004543456953,0,1,330
331,0,0.25,2162514,121718.0,7.5,2163771,122740.00000000001,0.0,248.00000000000364,0.008149986033290183,0,1,331
332,0,0.3,2166737,123360.99999999999,9.0,2167985,122994.0,0.0,-119.09999999999854,-0.003218196999051525,0,1,332
333,0,0.34,2169541,124443.0,10.200000000000001,2170790,125517.0,0.0,354.9600000000035,0.008389383091053818,0,1,333
334,0,0.25,2176588,124123.0,7.5,2177847,125364.00000000001,0.0,302.75000000000364,0.009756451262054692,0,1,334
335,0,0.27,2190528,119649.0,8.100000000000001,2191784,120936.99999999999,0.0,339.65999999999474,0.010514087037919083,0,1,335
336,0,0.34,2201788,119018.0,10.200000000000001,2203045,118440.00000000001,0.0,-206.7199999999968,-0.0051084709875816306,0,1,336
337,0,0.34,2211632,116647.99999999999,10.200000000000001,2212890,118039.00000000001,0.0,462.7400000000096,0.011667581098690318,0,1,337
338,0,0.33,2222874,120315.00000000001,9.9,2224131,119915.00000000001,0.0,-141.9,-0.0035739517100943355,0,1,338
339,0,0.54,2229894,122397.0,16.200000000000003,2231145,122920.0,0.0,266.21999999999827,0.004027876500240992,0,1,339
340,0,0.37,2232697,123071.0,11.1,2233945,122686.99999999999,0.0,-153.18000000000174,-0.003363911888259661,0,1,340
341,0,0.35000000000000003,2239707,123303.0,10.500000000000002,2240964,123770.0,0.0,152.95000000000437,0.0035441149039359336,0,1,341
342,0,0.38,2243900,124725.0,11.4,2245154,124485.99999999999,0.0,-102.22000000000699,-0.0021567448386451667,0,1,342
343,0,0.39,2246709,125010.99999999999,11.700000000000001,2247961,124652.0,0.0,-151.70999999999475,-0.0031117261680971,0,1,343
344,0,0.46,2250866,125500.0,13.8,2252113,125532.0,0.0,0.9200000000011634,1.5936254980099834e-05,0,1,344
345,0,0.3,2257878,126869.0,9.0,2259135,126721.0,0.0,-53.400000000001455,-0.0014030220148342374,0,1,345
346,0,0.36,2260701,127378.99999999999,10.799999999999999,2261955,127417.0,0.0,2.880000000000292,6.280470093187113e-05,0,1,346
347,0,0.28,2274846,130641.00000000003,8.4,2276092,131868.0,0.0,335.1599999999904,0.009162514065262554,0,1,347
348,0,0.2,2295960,132298.0,6.0,2297219,132724.0,0.0,79.20000000000073,0.0029932425282317467,0,1,348
349,0,0.27,2303027,134168.0,8.100000000000001,2304285,135717.0,0.0,410.1300000000032,0.011321626617375319,0,1,349
350,0,0.22,2317144,140702.0,6.6,2318404,136937.0,0.0,-834.8999999999993,-0.026971898054043274,0,1,350
351,0,0.21,2328442,137134.0,6.3,2329701,137393.0,0.0,48.08999999999942,0.0016698995143436147,0,1,351
352,0,0.51,2331129,137194.0,15.3,2332309,136256.0,0.0,-493.68000000000467,-0.007055702144408714,0,1,352
353,0,0.23,2335255,138324.0,6.9,2336515,138658.0,0.0,69.9199999999997,0.0021977386426072026,0,1,353
354,0,0.19,2342325,140032.0,5.7,2343585,138064.0,0.0,-379.6200000000019,-0.014268167276051258,0,1,354
355,0,0.25,2349395,139551.0,7.5,2350654,138096.0,0.0,-371.25,-0.010641270933207214,0,1,355
356,0,0.38,2359261,137822.0,11.4,2360018,138384.0,0.0,202.15999999999767,0.0038600513706084213,0,1,356
357,0,0.37,2362967,140463.0,11.1,2364218,141042.0,0.0,203.1300000000032,0.003908502594989489,0,1,357
358,0,0.27,2372804,137030.0,8.100000000000001,2374063,136888.0,0.0,-46.440000000003785,-0.0012551995913304677,0,1,358
359,0,0.26,2391030,133144.0,7.800000000000001,2392288,134350.0,0.0,305.75999999999766,0.008832542209938043,0,1,359
360,0,0.22,2400926,135217.0,6.6,2402186,134877.0,0.0,-81.4000000000029,-0.002736342323820327,0,1,360
361,0,0.29,2405163,136243.0,8.7,2406423,136385.0,0.0,32.48000000000029,0.0008220605829290386,0,1,361
362,0,0.39,2412244,137152.0,11.700000000000001,2413502,137458.0,0.0,107.64000000000378,0.002012365842277252,0,1,362
363,0,0.46,2415081,138367.0,13.8,2416341,138747.0,0.0,161.0000000000029,0.0025295048674901263,0,1,363
364,0,0.24,2429098,141422.0,7.199999999999999,2430357,142797.0,0.0,322.8,0.009510542914115202,0,1,364
365,0,0.25,2433333,142810.0,7.5,2434593,142835.0,0.0,-1.25,-3.501155381275821e-05,0,1,365
366,0,0.19,2440403,139395.0,5.7,2441663,139685.0,0.0,49.40000000000218,0.0018652031995409553,0,1,366
367,0,0.34,2454547,141692.0,10.200000000000001,2455807,142216.0,0.0,167.95999999999623,0.0034864353668519667,0,1,367
368,0,0.32,2457377,143270.0,9.6,2458637,142741.0,0.0,-178.87999999999883,-0.0039017240175891416,0,1,368
369,0,0.27,2461622,145417.0,8.100000000000001,2462882,146031.0,0.0,157.67999999999884,0.00401603663945753,0,1,369
370,0,0.3,2464461,145838.0,9.0,2465720,147342.0,0.0,442.1999999999971,0.010107105144063894,0,1,370
371,0,0.29,2475770,149392.0,8.7,2477030,150206.0,0.0,227.35999999999768,0.005247938309949609,0,1,371
372,0,0.33,2478576,150338.0,9.9,2479398,150631.0,0.0,86.79000000000232,0.001749391371443062,0,1,372
373,0,0.36,2510691,152429.0,10.799999999999999,2511951,152501.0,0.0,15.12000000000553,0.00027553811938683167,0,1,373
374,0,0.43,2517658,153396.99999999997,12.9,2518918,153784.0,0.0,153.5100000000035,0.0023272945363990703,0,1,374
375,0,0.32,2527558,154333.0,9.6,2528818,153122.0,0.0,-397.1199999999968,-0.00804105408435001,0,1,375
376,0,0.3,2534632,152798.0,9.0,2535892,153864.0,0.0,310.79999999999563,0.00678019345802946,0,1,376
377,0,0.42,2538872,154611.0,12.6,2540132,154969.0,0.0,137.7600000000006,0.002121453195438885,0,1,377
378,0,0.38,2552890,151346.0,11.4,2554150,152839.0,0.0,555.9399999999965,0.009666591783066555,0,1,378
379,0,0.36,2555719,153067.0,10.799999999999999,2556979,154225.0,0.0,406.08000000000465,0.007369321930919225,0,1,379
380,0,0.23,2559955,156666.0,6.9,2561215,158198.0,0.0,345.4600000000006,0.009587274839467419,0,1,380
381,0,0.22,2562794,158629.0,6.6,2564054,159336.0,0.0,148.94000000000088,0.004267819881610576,0,1,381
382,0,0.12,2584014,164965.0,3.5999999999999996,2585274,166102.0,0.0,132.8399999999987,0.006710514351529046,0,1,382
383,0,0.18,2598168,182392.0,5.3999999999999995,2599428,184808.0,0.0,429.4800000000047,0.013081714110268138,0,1,383
384,0,0.07,2605226,176515.0,2.1,2606486,182228.0,0.0,397.80999999999983,0.03219556411636403,0,1,384
385,0,0.17,2612300,182502.0,5.1000000000000005,2613560,188169.0,0.0,958.2899999999994,0.030887332741558974,0,1,385
386,0,0.08,2616405,186859.0,2.4,2617665,181858.0,0.0,-402.4800000000017,-0.02692404433289283,0,1,386
387,0,0.1,2619232,186372.0,3.0,2620492,185573.0,0.0,-82.90000000000146,-0.004448093061189527,0,1,387
388,0,0.13,2630524,180228.0,3.9000000000000004,2631784,178307.0,0.0,-253.62999999999957,-0.010825176998024707,0,1,388
389,0,0.08,2637527,164834.0,2.4,2638787,160515.0,0.0,-347.9200000000004,-0.026384119781113147,0,1,389
390,0,0.16,2651513,166304.0,4.8,2652773,167700.0,0.0,218.56000000000057,0.008213873388493383,0,1,390
391,0,0.18,2654323,166506.0,5.3999999999999995,2655583,167927.0,0.0,250.38000000000247,0.008354053307388405,0,1,391
392,0,0.13,2658515,165192.0,3.9000000000000004,2659775,164207.0,0.0,-131.94999999999928,-0.006144365344568711,0,1,392
393,0,0.13,2661319,161209.0,3.9000000000000004,2662579,163943.0,0.0,351.5199999999983,0.016773257076217744,0,1,393
394,0,0.12,2665513,169606.0,3.5999999999999996,2666773,171979.0,0.0,281.160000000002,0.013814369774654299,0,1,394
395,0,0.14,2668318,174219.0,4.2,2669578,174367.0,0.0,16.519999999997527,0.0006773084451178248,0,1,395
396,0,0.13,2672521,171490.0,3.9000000000000004,2673781,173665.0,0.0,278.85,0.012508017960230917,0,1,396
397,0,0.13,2675332,176046.0,3.9000000000000004,2676592,175571.0,0.0,-65.65,-0.0028685684423389343,0,1,397
398,0,0.12,2682349,175202.0,3.5999999999999996,2683609,178801.0,0.0,428.280000000001,0.02037077202315047,0,1,398
399,0,0.18,2686544,177839.0,5.3999999999999995,2687804,176308.0,0.0,-280.9800000000017,-0.00877760221323787,0,1,399
400,0,0.17,2707137,172754.0,5.1000000000000005,2708397,174112.0,0.0,225.7600000000006,0.007687231554696293,0,1,400
401,0,0.12,2714136,162966.0,3.5999999999999996,2715396,157208.0,0.0,-694.5599999999991,-0.03551661082679819,0,1,401
402,0,0.32,2726791,158965.0,9.6,2728051,155325.0,0.0,-1174.4000000000028,-0.02308684301575824,0,1,402
403,0,0.16,2735190,162085.0,4.8,2736450,161659.0,0.0,-72.95999999999985,-0.0028133386803220473,0,1,403
404,0,0.24,2742198,164739.0,7.199999999999999,2743458,163785.0,0.0,-236.15999999999912,-0.005973084697612565,0,1,404
405,0,0.2,2749014,165486.0,6.0,2750274,166635.0,0.0,223.79999999999563,0.006761901308871917,0,1,405
406,0,0.17,2755984,171962.0,5.1000000000000005,2757244,173815.0,0.0,309.910000000002,0.010601179330317232,0,1,406
407,0,0.19,2760188,173570.0,5.7,2761342,174438.0,0.0,159.21999999999827,0.004828023275911683,0,1,407
408,0,0.22,2762902,175661.0,6.6,2764162,172489.0,0.0,-704.4399999999965,-0.018228291994238813,0,1,408
409,0,0.19,2767089,174491.0,5.7,2768349,173348.0,0.0,-222.86999999999824,-0.006722409751792303,0,1,409
410,0,0.22,2776877,172745.0,6.6,2778137,172215.0,0.0,-123.19999999999854,-0.0032417725549219564,0,1,410
411,0,0.27,2780998,175723.0,8.100000000000001,2782258,177914.0,0.0,583.4699999999997,0.012297764094626193,0,1,411
412,0,0.23,2783819,177885.0,6.9,2785079,177214.0,0.0,-161.23000000000175,-0.003940748236220072,0,1,412
413,0,0.18,2804949,165576.0,5.3999999999999995,2806209,166013.0,0.0,73.25999999999985,0.002458085712905247,0,1,413
414,0,0.23,2809167,164825.0,6.9,2810427,164942.0,0.0,20.010000000003494,0.0005278325496739887,0,1,414
415,0,0.24,2816222,168027.0,7.199999999999999,2817482,166275.0,0.0,-427.6799999999959,-0.010605438411683736,0,1,415
416,0,0.2,2829474,165759.0,6.0,2830734,165782.0,0.0,-1.4000000000014552,-4.2229984495606726e-05,0,1,416
417,0,0.28,2832290,167525.0,8.4,2833550,165605.0,0.0,-546.0000000000058,-0.011640053723324998,0,1,417
418,0,0.24,2839326,164120.0,7.199999999999999,2840586,164233.0,0.0,19.92000000000262,0.0005057275164514437,0,1,418
419,0,0.3,2850561,166175.0,9.0,2851821,165355.0,0.0,-255.0,-0.005115089514066497,0,1,419
420,0,0.28,2853376,163475.0,8.4,2854636,164215.0,0.0,198.79999999999708,0.004343171738797917,0,1,420
421,0,0.24,2857578,160605.0,7.199999999999999,2858838,159096.0,0.0,-369.3599999999962,-0.009582516110955352,0,1,421
422,0,0.28,2860397,159415.0,8.4,2861657,158122.0,0.0,-370.44000000000085,-0.00829909356083181,0,1,422
423,0,0.23,2864616,154378.0,6.9,2865876,153942.0,0.0,-107.17999999999884,-0.0030185648214123444,0,1,423
424,0,0.2,2871659,156818.0,6.0,2872919,156125.0,0.0,-144.60000000000218,-0.0046104401280465945,0,1,424
425,0,0.2,2878565,155345.0,6.0,2879825,156479.0,0.0,220.8000000000029,0.007106762367633426,0,1,425
426,0,0.17,2881380,156012.0,5.1000000000000005,2882640,162205.0,0.0,1047.7100000000014,0.03950337153552296,0,1,426
427,0,0.29,2906675,157129.0,8.7,2907935,157491.0,0.0,96.2800000000032,0.0021129135932896606,0,1,427
428,0,0.23,2909494,155181.0,6.9,2910754,159868.0,0.0,1071.1099999999947,0.03001011721795823,0,1,428
429,0,0.21,2923476,156951.0,6.3,2924736,158835.0,0.0,389.3399999999994,0.011812603933711778,0,1,429
430,0,0.24,2927707,158315.0,7.199999999999999,2928967,157733.0,0.0,-146.88000000000028,-0.003865710766509814,0,1,430
431,0,0.25,2937591,161415.0,7.5,2938851,162382.0,0.0,234.25,0.005804912802403742,0,1,431
432,0,0.38,2962954,163695.0,11.4,2964214,165465.0,0.0,661.2000000000058,0.010629524420416111,0,1,432
433,0,0.31,2976935,169535.0,9.3,2978195,169395.0,0.0,-52.70000000000145,-0.0010027427964727324,0,1,433
434,0,0.26,2979762,170066.0,7.800000000000001,2981022,173665.0,0.0,927.939999999998,0.020985970152764176,0,1,434
435,0,0.25,2993837,176725.0,7.5,2995097,177315.0,0.0,140.0,0.0031687650304144856,0,1,435
436,0,0.29,3012141,176425.0,8.7,3013401,176293.0,0.0,-46.980000000006115,-0.0009182372112797,0,1,436
437,0,0.33,3014972,176705.0,9.9,3016232,175445.0,0.0,-425.6999999999956,-0.007300302764494421,0,1,437
438,0,0.22,3040469,171135.0,6.6,3041729,171795.0,0.0,138.60000000000437,0.003681304233499985,0,1,438
439,0,0.22,3043335,173215.0,6.6,3044595,173135.0,0.0,-24.200000000005822,-0.0006350489276334408,0,1,439
440,0,0.31,3054662,172637.0,9.3,3055922,172925.0,0.0,79.97999999999884,0.0014944652652675628,0,1,440
441,0,0.59,3057305,172965.0,17.7,3058462,174878.0,0.0,1110.9699999999982,0.0108865955540138,0,1,441
442,0,0.43,3061371,174165.0,12.9,3062631,171905.0,0.0,-984.7000000000029,-0.013148451181351056,0,1,442
443,0,0.31,3064207,172586.0,9.3,3065467,171381.0,0.0,-382.84999999999565,-0.007155852734288912,0,1,443
444,0,0.24,3068416,169505.0,7.199999999999999,3069676,169375.0,0.0,-38.39999999999709,-0.0009439249579657704,0,1,444
445,0,0.39,3075514,170907.99999999997,11.700000000000001,3076774,171138.0,0.0,78.00000000001164,0.001170220235448486,0,1,445
446,0,0.25,3078389,169661.0,7.5,3079649,169435.0,0.0,-64.0,-0.0015088912596294966,0,1,446
447,0,0.48,3088220,165150.0,14.399999999999999,3089480,166005.0,0.0,395.9999999999942,0.0049954586739327156,0,1,447
448,0,0.33,3091071,166201.0,9.9,3092331,165735.0,0.0,-163.67999999999884,-0.0029843382410454596,0,1,448
449,0,0.26,3093860,167080.0,7.800000000000001,3095118,168484.0,0.0,357.24000000000086,0.008223605458463032,0,1,449
450,0,0.23,3096617,166105.0,6.9,3097877,165645.0,0.0,-112.70000000000292,-0.002949941302188451,0,1,450
451,0,0.3,3103505,167354.0,9.0,3104763,166335.0,0.0,-314.6999999999971,-0.006268150148786347,0,1,451
452,0,0.25,3110396,168732.0,7.5,3111656,168417.0,0.0,-86.25,-0.0020446625417822346,0,1,452
453,0,0.29,3116996,166771.0,8.7,3118256,165905.0,0.0,-259.8399999999994,-0.005372636729407379,0,1,453
454,0,0.32,3123891,166291.0,9.6,3125117,166765.0,0.0,142.0800000000003,0.002670018221070298,0,1,454
455,0,0.27,3130754,167111.0,8.100000000000001,3132014,166865.0,0.0,-74.51999999999825,-0.0016515968428170108,0,1,455
456,0,0.21,3148428,161335.0,6.3,3149688,159712.0,0.0,-347.13000000000176,-0.01024576192394712,0,1,456
457,0,0.45,3162153,159296.0,13.5,3163410,158829.0,0.0,-223.64999999999418,-0.0031199779027721165,0,1,457
458,0,0.21,3184183,155355.0,6.3,3185443,157942.0,0.0,536.9700000000005,0.01645907759647261,0,1,458
459,0,0.31,3191039,156145.0,9.3,3192292,148795.0,0.0,-2287.8,-0.047263761247558364,0,1,459
460,0,0.17,3202057,141275.0,5.1000000000000005,3203317,143055.0,0.0,297.50000000000216,0.012387188108299505,0,1,460
461,0,0.18,3204812,146395.0,5.3999999999999995,3206072,145728.0,0.0,-125.46000000000132,-0.0047610915673350004,0,1,461
462,0,0.24,3211708,146665.0,7.199999999999999,3212965,146895.0,0.0,47.99999999999709,0.0013636518596801409,0,1,462
463,0,0.23,3215832,144955.0,6.9,3217090,147282.0,0.0,528.3099999999991,0.015846297126694466,0,1,463
464,0,0.22,3218577,145648.0,6.6,3219834,144389.0,0.0,-283.5799999999996,-0.008850104361199592,0,1,464
465,0,0.19,3225452,138455.0,5.7,3226711,135559.0,0.0,-555.9400000000016,-0.02113322017984189,0,1,465
466,0,0.14,3229569,137385.0,4.2,3230829,136485.0,0.0,-130.2,-0.006769297958292389,0,1,466
467,0,0.14,3232328,139135.0,4.2,3233588,138368.0,0.0,-111.58000000000102,-0.005728249541811961,0,1,467
468,0,0.2,3236227,138075.0,6.0,3237484,139464.0,0.0,271.8000000000029,0.009842476914720366,0,1,468
469,0,0.21,3245831,141195.0,6.3,3247040,137874.0,0.0,-703.7099999999998,-0.023733135026027828,0,1,469
470,0,0.25,3249917,137730.0,7.5,3251177,138883.0,0.0,280.75,0.008153633921440499,0,1,470
471,0,0.12,3259552,127988.00000000001,3.5999999999999996,3260812,129415.00000000001,0.0,167.6399999999998,0.010915085789292732,0,1,471
472,0,0.2,3279790,128475.0,6.0,3281050,128402.0,0.0,-20.599999999998545,-0.0008017123954076102,0,1,472
473,0,0.28,3283929,129066.00000000003,8.4,3285187,127610.99999999999,0.0,-415.8000000000087,-0.011505741248663713,0,1,473
474,0,0.3,3286688,128355.99999999999,9.0,3287944,129464.00000000001,0.0,323.40000000000873,0.00839851662563518,0,1,474
475,0,0.26,3290824,134326.0,7.800000000000001,3292084,131980.0,0.0,-617.7599999999991,-0.01768831052811813,0,1,475
476,0,0.2,3300466,130305.0,6.0,3301724,130749.0,0.0,82.80000000000291,0.0031771612754692034,0,1,476
477,0,0.23,3304586,128231.0,6.9,3305841,128483.99999999999,0.0,51.28999999999869,0.0017390490598996678,0,1,477
478,0,0.16,3314214,136448.0,4.8,3315474,137305.0,0.0,132.31999999999897,0.006060916979362054,0,1,478
479,0,0.24,3318349,136909.0,7.199999999999999,3319607,136745.0,0.0,-46.560000000000585,-0.001416999612881567,0,1,479
480,0,0.2,3327991,140484.0,6.0,3329251,139404.0,0.0,-222.0,-0.007901255659007431,0,1,480
481,0,0.23,3331887,141137.0,6.9,3333144,139400.0,0.0,-406.410000000002,-0.012519750313525218,0,1,481
482,0,0.2,3334641,136708.0,6.0,3335901,138920.0,0.0,436.3999999999978,0.015961026421277388,0,1,482
483,0,0.21,3341518,132274.0,6.3,3342774,132354.0,0.0,10.50000000000291,0.00037800323570780247,0,1,483
484,0,0.25,3345630,130664.00000000001,7.5,3346890,136634.0,0.0,1484.9999999999964,0.04546011143084541,0,1,484
485,0,0.25,3355259,132174.0,7.5,3356518,133588.0,0.0,346.0,0.010471045742733064,0,1,485
486,0,0.23,3362135,131584.0,6.9,3363392,131054.0,0.0,-128.79999999999782,-0.004255836575875415,0,1,486
487,0,0.2,3369023,128754.00000000001,6.0,3370282,127005.0,0.0,-355.8000000000029,-0.013817046460692595,0,1,487
488,0,0.16,3372857,127933.99999999999,4.8,3374117,127971.0,0.0,1.120000000001892,5.471571278949947e-05,0,1,488
489,0,0.18,3375614,131834.0,5.3999999999999995,3376872,131456.0,0.0,-73.44000000000088,-0.0030948010376686203,0,1,489
490,0,0.3,3382467,134624.0,9.0,3383726,135152.0,0.0,149.40000000000146,0.003699191823151926,0,1,490
491,0,0.29,3386599,134404.0,8.7,3387857,134274.0,0.0,-46.39999999999709,-0.0011904407606915717,0,1,491
492,0,0.28,3389359,132294.0,8.4,3390618,131536.0,0.0,-220.64000000000524,-0.005956430374771483,0,1,492
493,0,0.29,3400362,126742.99999999999,8.7,3401621,127336.99999999999,0.0,163.56000000000205,0.004449949898613787,0,1,493
494,0,0.45,3416619,124410.99999999999,13.5,3428718,125283.0,0.0,378.90000000000146,0.006767890299089335,0,1,494
495,0,0.44,3442206,120907.99999999999,13.2,3443461,121414.00000000001,0.0,209.4400000000067,0.003936877625963669,0,1,495
496,0,0.2,3447710,122369.00000000001,6.0,3448969,123724.0,0.0,265.0,0.010827905760445863,0,1,496
497,0,0.31,3451847,122935.0,9.3,3453107,122502.0,0.0,-143.52999999999594,-0.0037662179200389384,0,1,497
498,0,0.37,3458745,124339.00000000003,11.1,3460004,124067.0,0.0,-111.74000000000669,-0.0024288437256212293,0,1,498
499,0,0.5,3461505,124209.99999999999,15.0,3462762,125398.0,0.0,579.0000000000073,0.00932292085983427,0,1,499
500,0,0.32,3468093,126256.99999999999,9.6,3469353,126851.0,0.0,180.48000000000175,0.004467079053042647,0,1,500
501,0,0.28,3472233,125246.0,8.4,3473492,126983.99999999999,0.0,478.23999999999216,0.013637162065055745,0,1,501
502,0,0.37,3479131,125294.0,11.1,3480389,125778.0,0.0,167.98000000000175,0.0036234775807301605,0,1,502
503,0,0.39,3481888,125652.99999999999,11.700000000000001,3483147,126710.99999999999,0.0,400.91999999999535,0.00818126109205501,0,1,503
504,0,0.27,3486023,128679.0,8.100000000000001,3487282,129065.00000000001,0.0,96.12000000000117,0.002766574188484557,0,1,504
505,0,0.38,3488784,130040.00000000001,11.4,3490044,131869.0,0.0,683.6199999999968,0.013834204860042998,0,1,505
506,0,0.37,3492680,132064.0,11.1,3493938,131008.99999999999,0.0,-401.45000000000584,-0.008215713593409375,0,1,506
507,0,0.33,3495438,132066.0,9.9,3496698,132349.0,0.0,83.49000000000669,0.0019157088122606898,0,1,507
508,0,0.4,3499557,134105.0,12.0,3500814,132884.0,0.0,-500.3999999999942,-0.009328511241191495,0,1,508
509,0,0.34,3509213,134978.0,10.200000000000001,3510473,133915.0,0.0,-371.61999999999824,-0.008097615907777524,0,1,509
510,0,0.33,3515863,137114.0,9.9,3517122,138116.0,0.0,320.75999999999624,0.007088991641991252,0,1,510
511,0,0.45,3539817,130964.00000000001,13.5,3541077,131119.0,0.0,56.249999999992724,0.0009544607678444749,0,1,511
512,0,0.38,3551906,128354.00000000001,11.4,3553166,128454.0,0.0,26.6,0.0005453667201645449,0,1,512
513,0,0.4,3558800,129533.99999999999,12.0,3560057,128986.99999999999,0.0,-230.8000000000029,-0.004454428953016253,0,1,513
514,0,0.36,3561558,128403.99999999999,10.799999999999999,3562815,129829.0,0.0,502.2,0.010864147534344726,0,1,514
515,0,0.48,3582237,129346.0,14.399999999999999,3583496,129282.0,0.0,-45.11999999999389,-0.0007267329488348096,0,1,515
516,0,0.42,3586120,126391.00000000001,12.6,3587378,125867.0,0.0,-232.68000000000174,-0.0043832234890142825,0,1,516
517,0,0.52,3593014,124479.0,15.600000000000001,3594274,124365.00000000001,0.0,-74.87999999999155,-0.0011568216325643984,0,1,517
518,0,0.6,3599894,125939.00000000001,18.0,3601150,126091.00000000001,0.0,73.19999999999709,0.0009687229531757052,0,1,518
519,0,0.51,3602646,127274.0,15.3,3603904,127678.0,0.0,190.74000000000086,0.0029385420431510103,0,1,519
520,0,0.47000000000000003,3606786,127007.0,14.100000000000001,3608046,127408.0,0.0,174.37000000000117,0.002921098837071992,0,1,520
521,0,0.4,3613684,131747.0,12.0,3614944,131916.0,0.0,55.599999999998545,0.0010550524869636223,0,1,521
522,0,0.4,3616441,131569.0,12.0,3617700,131591.0,0.0,-3.2000000000043656,-6.080459682760311e-05,0,1,522
523,0,0.41000000000000003,3620579,132667.0,12.3,3621838,132655.0,0.0,-17.219999999998254,-0.0003165821191403721,0,1,523
524,0,0.51,3627239,131847.0,15.3,3628497,132791.0,0.0,466.1400000000023,0.006932277564146355,0,1,524
525,0,0.39,3647897,129900.0,11.700000000000001,3649150,129707.0,0.0,-86.9699999999968,-0.0017167051578136398,0,1,525
526,0,0.46,3654777,128818.00000000001,13.8,3656030,130678.0,0.0,841.7999999999986,0.014206089211135064,0,1,526
527,0,0.35000000000000003,3657530,131136.0,10.500000000000002,3658790,131140.0,0.0,-9.099999999998547,-0.00019826744753535143,0,1,527
528,0,0.46,3661669,130871.0,13.8,3662929,131147.0,0.0,113.15999999999913,0.0018797136111132191,0,1,528
529,0,0.41000000000000003,3664429,131246.0,12.3,3665689,130420.0,0.0,-350.9599999999962,-0.006522103530774201,0,1,529
530,0,0.5,3675232,128063.00000000001,15.0,3676492,128196.0,0.0,51.499999999992724,0.0008042916377094511,0,1,530
531,0,0.34,3684650,125822.99999999999,10.200000000000001,3685910,126860.99999999999,0.0,342.71999999999827,0.008011253904294087,0,1,531
532,0,0.42,3695693,123458.99999999999,12.6,3696953,122229.0,0.0,-529.1999999999913,-0.01020581731586988,0,1,532
533,0,0.33,3702595,122193.0,9.9,3703855,121709.99999999999,0.0,-169.2900000000067,-0.00419827649701718,0,1,533
534,0,0.3,3709498,120853.00000000001,9.0,3710758,121458.99999999999,0.0,172.79999999999563,0.004766120824472586,0,1,534
535,0,0.34,3716401,121003.0,10.200000000000001,3717661,122163.00000000001,0.0,384.20000000000147,0.009338611439385835,0,1,535
536,0,0.42,3723065,123000.0,12.6,3724325,123779.0,0.0,314.58000000000027,0.006089430894308948,0,1,536
537,0,0.33,3725827,123807.99999999999,9.9,3727087,123772.0,0.0,-21.77999999999738,-0.0005330834841043556,0,1,537
538,0,0.44,3729967,124844.0,13.2,3731227,124152.0,0.0,-317.6800000000032,-0.005783217455384378,0,1,538
539,0,0.51,3736869,122818.0,15.3,3738129,121133.99999999999,0.0,-874.1400000000037,-0.01395560911267084,0,1,539
540,0,0.32,3746480,114047.0,9.6,3747740,117515.00000000001,0.0,1100.1600000000021,0.03014546634282363,0,1,540
541,0,0.23,3750621,116173.0,6.9,3751881,116018.0,0.0,-42.550000000001454,-0.0015924526352939694,0,1,541
542,0,0.29,3753383,116076.99999999999,8.7,3754643,119072.0,0.0,859.8500000000029,0.02554338930192898,0,1,542
543,0,0.31,3757525,119501.0,9.3,3758785,118305.0,0.0,-380.0599999999948,-0.010259328373820998,0,1,543
544,0,0.25,3760286,119308.0,7.5,3761546,120072.0,0.0,183.5,0.006152144030576324,0,1,544
545,0,0.33,3766950,118933.99999999997,9.9,3772138,121047.0,0.0,687.3900000000082,0.01751391528074415,0,1,545
546,0,0.34,3773640,120430.0,10.200000000000001,3774900,119109.99999999999,0.0,-459.0000000000029,-0.011209831437349568,0,1,546
547,0,0.23,3777782,122909.99999999999,6.9,3779042,122766.00000000001,0.0,-40.01999999999534,-0.0014156700024406455,0,1,547
548,0,0.26,3787446,119654.0,7.800000000000001,3788706,119508.0,0.0,-45.759999999999124,-0.0014709077841108247,0,1,548
549,0,0.25,3796903,119943.0,7.5,3798163,118263.00000000001,0.0,-427.49999999999636,-0.014256771966684054,0,1,549
550,0,0.25,3802423,121636.99999999999,7.5,3803683,121220.0,0.0,-111.74999999999636,-0.003674868666606259,0,1,550
551,0,0.25,3815989,129208.0,7.5,3817249,129343.0,0.0,26.25,0.0008126431799888551,0,1,551
552,0,0.23,3818750,130084.0,6.9,3820010,129352.0,0.0,-175.25999999999695,-0.005857753451615777,0,1,552
553,0,0.26,3822891,129334.99999999999,7.800000000000001,3824151,128490.00000000001,0.0,-227.4999999999971,-0.006765376734835805,0,1,553
554,0,0.26,3832555,126533.0,7.800000000000001,3833815,123538.00000000001,0.0,-786.499999999997,-0.02390680691993384,0,1,554
555,0,0.32,3836695,123344.0,9.6,3837955,121935.99999999999,0.0,-460.16000000000497,-0.011658451160980797,0,1,555
556,0,0.41000000000000003,3877723,119233.0,12.3,3878983,119555.0,0.0,119.7199999999968,0.002448986438318185,0,1,556
557,0,0.4,3884625,118302.0,12.0,3885885,120433.0,0.0,840.4000000000015,0.017759632127943768,0,1,557
558,0,0.43,3890148,120948.0,12.9,3891408,120318.0,0.0,-283.80000000000143,-0.005456890564540161,0,1,558
559,0,0.44,3892909,119432.99999999999,13.2,3894169,120869.0,0.0,618.6400000000037,0.0117722907404152,0,1,559
560,0,0.38,3899812,119833.0,11.4,3901072,120440.00000000001,0.0,219.2600000000035,0.004815034256006352,0,1,560
561,0,0.43,3906715,119358.99999999999,12.9,3907975,117828.0,0.0,-671.2299999999944,-0.013078192679228103,0,1,561
562,0,0.43,3910857,121163.00000000001,12.9,3912117,120391.00000000001,0.0,-344.8599999999991,-0.006619182423677178,0,1,562
563,0,0.42,3924602,119273.0,12.6,3925862,121492.0,0.0,919.3800000000032,0.01835285437609524,0,1,563
564,0,0.37,3927364,122130.0,11.1,3928624,122497.0,0.0,124.69000000000088,0.002759354785883914,0,1,564
565,0,0.44,3940915,118843.0,13.2,3942175,118986.99999999999,0.0,50.1599999999933,0.0009592487567629965,0,1,565
566,0,0.43,3945057,119308.0,12.9,3946317,118513.00000000001,0.0,-354.7499999999985,-0.006914875783685893,0,1,566
567,0,0.42,3947819,117659.99999999999,12.6,3949079,117086.99999999999,0.0,-253.2599999999962,-0.005124936257011653,0,1,567
568,0,0.5,3954723,118163.00000000001,15.0,3955983,118097.0,0.0,-48.000000000007276,-0.0008124370572853985,0,1,568
569,0,0.39,3961625,120148.0,11.700000000000001,3962885,120070.0,0.0,-42.11999999999826,-0.0008988913673136093,0,1,569
570,0,0.3,3979163,115452.0,9.0,3980423,115879.0,0.0,119.09999999999854,0.0034386584901084016,0,1,570
571,0,0.34,3981923,115828.0,10.200000000000001,3983183,116305.0,0.0,151.9800000000003,0.0038591704941810345,0,1,571
572,0,0.44,3999848,109538.00000000001,13.2,4001108,109728.0,0.0,70.39999999999127,0.0014606803118550652,0,1,572
573,0,0.35000000000000003,4002607,108823.0,10.500000000000002,4003867,109489.00000000001,0.0,222.60000000000582,0.005844352756310859,0,1,573
574,0,0.38,4006747,108715.00000000001,11.4,4008007,108467.0,0.0,-105.64000000000524,-0.0025571448282207033,0,1,574
575,0,0.53,4009508,108968.0,15.9,4010768,109209.99999999999,0.0,112.35999999999476,0.001945525291828703,0,1,575
576,0,0.36,4034349,113972.0,10.799999999999999,4035609,113367.0,0.0,-228.60000000000292,-0.005571543887972556,0,1,576
577,0,0.44,4054805,112498.0,13.2,4056065,112973.0,0.0,195.8,0.003955625877793383,0,1,577
578,0,0.34,4057565,114993.0,10.200000000000001,4058825,114650.0,0.0,-126.82000000000262,-0.003243675701999319,0,1,578
579,0,0.4,4061705,112630.0,12.0,4062965,111600.0,0.0,-424.0,-0.009411346888040486,0,1,579
580,0,0.52,4064465,111375.0,15.600000000000001,4065725,113755.0,0.0,1221.9999999999986,0.021099887766554408,0,1,580
581,0,0.42,4068605,114616.0,12.6,4069865,114573.0,0.0,-30.66000000000495,-0.0006369093320305349,0,1,581
582,0,0.34,4071365,113976.0,10.200000000000001,4072625,115765.00000000001,0.0,598.060000000002,0.015433073629536092,0,1,582
583,0,0.28,4078264,118204.0,8.4,4079524,117469.0,0.0,-214.20000000000292,-0.006471862204324814,0,1,583
584,0,0.3,4109993,106921.0,9.0,4111252,106997.0,0.0,13.799999999999272,0.0004302241842107498,0,1,584
585,0,0.39,4133017,107191.00000000001,11.700000000000001,4134277,107714.00000000001,0.0,192.27000000000118,0.004599266729482914,0,1,585
586,0,0.34,4137157,106118.99999999999,10.200000000000001,4138417,107338.00000000001,0.0,404.2600000000064,0.01120440260462329,0,1,586
587,0,0.41000000000000003,4154887,107763.00000000001,12.3,4156147,109366.00000000001,0.0,644.9300000000032,0.014596846784146763,0,1,587
588,0,0.3,4161787,108645.0,9.0,4163047,109451.0,0.0,232.79999999999563,0.007142528418242767,0,1,588
589,0,0.38,4168448,108779.00000000001,11.4,4169708,110160.99999999999,0.0,513.759999999989,0.012428869542834287,0,1,589
590,0,0.32,4171208,110065.0,9.6,4172468,109761.99999999999,0.0,-106.5600000000064,-0.0030254849407170305,0,1,590
591,0,0.38,4175348,111950.0,11.4,4176608,112560.99999999999,0.0,220.779999999993,0.0051898168825366825,0,1,591
592,0,0.36,4178108,111416.99999999999,10.799999999999999,4179368,111769.0,0.0,115.92000000000117,0.0028900437096673155,0,1,592
593,0,0.44,4182248,112734.99999999999,13.2,4183508,114223.0,0.0,641.5200000000084,0.01293298443251891,0,1,593
594,0,0.22,4189148,118918.0,6.6,4190408,119650.0,0.0,154.44000000000088,0.0059032274340302055,0,1,594
595,0,0.11,4191908,124020.0,3.3,4193168,123790.00000000001,0.0,-28.599999999999273,-0.0020964360587001564,0,1,595
596,0,0.2,4198569,123108.0,6.0,4199829,122919.0,0.0,-43.79999999999927,-0.0017789258212301097,0,1,596
597,0,0.18,4205469,123358.99999999999,5.3999999999999995,4206729,122428.0,0.0,-172.97999999999448,-0.0077902706734001535,0,1,597
598,0,0.22,4209609,123215.00000000001,6.6,4210869,124089.00000000001,0.0,185.67999999999884,0.006849815363389154,0,1,598
599,0,0.22,4212369,125989.00000000001,6.6,4213629,126092.0,0.0,16.059999999999853,0.0005794156632721851,0,1,599
600,0,0.24,4226169,125889.0,7.199999999999999,4227429,125333.0,0.0,-140.64000000000232,-0.0046548943910906405,0,1,600
601,0,0.29,4230309,124755.0,8.7,4231569,121980.0,0.0,-813.45,-0.022484068774798607,0,1,601
602,0,0.26,4235829,123946.0,7.800000000000001,4237089,122540.00000000001,0.0,-373.3599999999977,-0.0115856905426556,0,1,602
603,0,0.31,4238589,123169.0,9.3,4239849,122343.0,0.0,-265.3599999999977,-0.006949800680365941,0,1,603
604,0,0.29,4242728,122951.00000000001,8.7,4243988,122333.0,0.0,-187.92000000000115,-0.005270392270091369,0,1,604
605,0,0.3,4249628,125600.0,9.0,4250888,124306.0,0.0,-397.20000000000437,-0.010541401273885467,0,1,605
606,0,0.3,4256528,125009.99999999999,9.0,4257788,124488.00000000001,0.0,-165.59999999999127,-0.004415646748259908,0,1,606
607,0,0.27,4266188,126568.0,8.100000000000001,4267448,129285.99999999999,0.0,725.7600000000006,0.021237595600783785,0,1,607
608,0,0.26,4270327,128498.00000000001,7.800000000000001,4271587,127907.0,0.0,-161.4600000000035,-0.0048327600429579716,0,1,608
609,0,0.25,4279985,126508.99999999999,7.5,4281245,127368.0,0.0,207.25000000000364,0.006552893470029916,0,1,609
610,0,0.35000000000000003,4291024,122750.00000000001,10.500000000000002,4292284,122423.0,0.0,-124.95000000000437,-0.0029083503054990827,0,1,610
611,0,0.36,4293783,121975.0,10.799999999999999,4295043,121014.00000000001,0.0,-356.75999999999914,-0.008124615699938493,0,1,611
612,0,0.38,4297684,121522.0,11.4,4298944,121326.0,0.0,-85.88000000000321,-0.001859745560474716,0,1,612
613,0,0.39,4300444,120802.99999999999,11.700000000000001,4301704,124399.0,0.0,1390.7400000000023,0.029519134458581377,0,1,613
614,0,0.35000000000000003,4307344,126881.0,10.500000000000002,4308604,127443.0,0.0,186.1999999999971,0.004192905163105521,0,1,614
615,0,0.33,4311484,128561.99999999999,9.9,4312744,129451.0,0.0,283.47000000000264,0.006681601095191487,0,1,615
616,0,0.17,4314243,128178.0,5.1000000000000005,4315503,129800.0,0.0,270.63999999999794,0.012420228120270153,0,1,616
617,0,0.18,4321141,125845.0,5.3999999999999995,4322401,131853.0,0.0,1076.0400000000022,0.0475028805276333,0,1,617
618,0,0.23,4325280,131261.0,6.9,4326540,131753.0,0.0,106.25999999999985,0.003519705015198721,0,1,618
619,0,0.35000000000000003,4345740,133175.0,10.500000000000002,4347000,131367.0,0.0,-643.3000000000029,-0.013801389149615229,0,1,619
620,0,0.38,4352640,131933.0,11.4,4353898,134103.0,0.0,813.1999999999986,0.016220354270728297,0,1,620
621,0,0.38,4359538,136211.0,11.4,4360798,135799.0,0.0,-167.95999999999768,-0.0032449655314181224,0,1,621
622,0,0.3,4369198,133866.0,9.0,4370458,133480.0,0.0,-124.79999999999563,-0.0031075851971373277,0,1,622
623,0,0.31,4373339,134661.0,9.3,4374599,134647.0,0.0,-13.639999999996508,-0.0003267464224978928,0,1,623
624,0,0.38,4376099,135175.0,11.4,4377359,134095.0,0.0,-421.80000000000143,-0.008211577584612568,0,1,624
625,0,0.42,4380238,133809.0,12.6,4381498,132403.0,0.0,-603.1200000000041,-0.01073171460813555,0,1,625
626,0,0.51,4382998,132128.0,15.3,4384258,132082.0,0.0,-38.75999999999185,-0.0005751998062483654,0,1,626
627,0,0.37,4393799,134799.0,11.1,4395059,134469.0,0.0,-133.19999999999854,-0.002670642957291939,0,1,627
628,0,0.36,4410359,133705.0,10.799999999999999,4411619,133779.0,0.0,15.839999999999419,0.00032908268202384643,0,1,628
629,0,0.22,4421398,126794.0,6.6,4422658,126636.99999999999,0.0,-41.14000000000451,-0.0014748331939998778,0,1,629
630,0,0.42,4431057,125771.0,12.6,4432317,125118.0,0.0,-286.86000000000206,-0.005430504647335276,0,1,630
631,0,0.46,4444857,126864.00000000001,13.8,4446117,127491.00000000001,0.0,274.61999999999824,0.004705826712069587,0,1,631
632,0,0.22,4455894,127336.99999999999,6.6,4457154,127455.0,0.0,19.360000000002763,0.0006910795762426677,0,1,632
633,0,0.25,4465555,121469.0,7.5,4466815,120811.99999999999,0.0,-171.75000000000364,-0.0056557640220962924,0,1,633
634,0,0.26,4492708,112800.0,7.800000000000001,4493968,113353.0,0.0,135.98000000000246,0.004636524822695119,0,1,634
635,0,0.28,4507886,115710.99999999999,8.4,4509146,116355.0,0.0,171.92000000000334,0.005306323512889975,0,1,635
636,0,0.35000000000000003,4514778,118609.99999999999,10.500000000000002,4516038,119092.0,0.0,158.20000000000437,0.003810808532164341,0,1,636
637,0,0.29,4517538,119622.0,8.7,4518798,119821.0,0.0,49.009999999999124,0.0014127836016785958,0,1,637
638,0,0.38,4521410,121505.0,11.4,4522670,120545.0,0.0,-376.2000000000029,-0.008147812847207996,0,1,638
639,0,0.34,4524172,120367.00000000001,10.200000000000001,4525432,120743.0,0.0,117.6399999999965,0.0028745420256381703,0,1,639
640,0,0.37,4531074,118828.0,11.1,4532334,119064.00000000001,0.0,76.22000000000699,0.0017335981418522477,0,1,640
641,0,0.33,4537975,121469.99999999999,9.9,4539235,121882.0,0.0,126.0600000000064,0.0031448094179634426,0,1,641
642,0,0.43,4542115,123197.0,12.9,4543375,124038.00000000001,0.0,348.7300000000047,0.006582952506960485,0,1,642
643,0,0.3,4544876,122647.0,9.0,4546136,123401.0,0.0,217.1999999999971,0.0059031203372279005,0,1,643
644,0,0.4,4551778,123845.0,12.0,4553038,123552.0,0.0,-129.1999999999971,-0.002608098833218884,0,1,644
645,0,0.46,4555650,123480.0,13.8,4556910,123794.0,0.0,130.64000000000232,0.0022999676060900956,0,1,645
646,0,0.34,4562552,124592.00000000001,10.200000000000001,4563812,124968.0,0.0,117.6399999999965,0.0027770643379991466,0,1,646
647,0,0.45,4572217,119975.0,13.5,4573477,120423.0,0.0,188.09999999999854,0.0034840591789955973,0,1,647
648,0,0.46,4576237,119875.0,13.8,4577497,122024.0,0.0,974.7400000000009,0.017676746611053198,0,1,648
649,0,0.35000000000000003,4578997,122627.0,10.500000000000002,4580257,122863.00000000001,0.0,72.10000000000582,0.0016798910517261012,0,1,649
650,0,0.38,4585895,124464.00000000001,11.4,4587155,124790.00000000001,0.0,112.47999999999737,0.002378197711788092,0,1,650
651,0,0.45,4592795,124353.0,13.5,4594055,124724.0,0.0,153.45000000000437,0.0027421935940428435,0,1,651
652,0,0.53,4596935,125550.99999999999,15.9,4598195,125624.0,0.0,22.79000000000233,0.0003424903027455329,0,1,652
653,0,0.51,4599694,125148.0,15.3,4600954,125452.0,0.0,139.74000000000086,0.002189407741234392,0,1,653
654,0,0.35000000000000003,4609354,128891.0,10.500000000000002,4610614,127894.0,0.0,-359.45000000000437,-0.00796797293837438,0,1,654
655,0,0.46,4616253,126350.0,13.8,4617513,126948.0,0.0,261.28000000000173,0.004495449149188791,0,1,655
656,0,0.44,4619013,126411.99999999999,13.2,4620273,126852.0,0.0,180.40000000000583,0.0032433629718698646,0,1,656
657,0,0.27,4639711,124694.00000000001,8.100000000000001,4640971,125492.0,0.0,207.35999999999913,0.006159077421527874,0,1,657
658,0,0.39,4643851,125226.0,11.700000000000001,4645111,125714.00000000001,0.0,178.620000000007,0.0036573874435022915,0,1,658
659,0,0.51,4650512,126170.0,15.3,4651772,126803.0,0.0,307.52999999999446,0.004779266069588564,0,1,659
660,0,0.43,4653271,126576.0,12.9,4654531,127804.0,0.0,515.1400000000009,0.009464669447604617,0,1,660
661,0,0.32,4660171,127778.0,9.6,4661431,126734.99999999999,0.0,-343.36000000000206,-0.008397376700214485,0,1,661
662,0,0.44,4678109,124828.0,13.2,4679369,125014.00000000001,0.0,68.64000000000378,0.001249719614189193,0,1,662
663,0,0.54,4694423,121761.0,16.200000000000003,4695683,122819.0,0.0,555.1200000000069,0.00844276903113487,0,1,663
664,0,0.54,4698563,124227.0,16.200000000000003,4699823,124156.0,0.0,-54.53999999999651,-0.000813027763690611,0,1,664
665,0,0.46,4705463,124939.00000000001,13.8,4706723,126105.0,0.0,522.5599999999934,0.009092437109309225,0,1,665
666,0,0.38,4708223,125905.0,11.4,4709483,126919.0,0.0,373.91999999999973,0.007815416385369915,0,1,666
667,0,0.41000000000000003,4712363,126866.00000000001,12.3,4713623,126660.99999999999,0.0,-96.35000000001746,-0.0018523481468639552,0,1,667
668,0,0.44,4726161,127172.0,13.2,4727421,128164.00000000001,0.0,423.2800000000032,0.007564558236089763,0,1,668
669,0,0.45,4733059,128389.00000000001,13.5,4734319,129014.00000000001,0.0,267.75,0.004634353410338891,0,1,669
670,0,0.5,4735819,128576.0,15.0,4737079,129114.00000000001,0.0,254.00000000000728,0.003950970632155415,0,1,670
671,0,0.34,4742719,132041.0,10.200000000000001,4743979,132607.0,0.0,182.24000000000234,0.0040593452033838495,0,1,671
672,0,0.31,4767317,129447.0,9.3,4768577,128380.0,0.0,-340.0699999999968,-0.00847451080364929,0,1,672
673,0,0.48,4776976,126879.99999999999,14.399999999999999,4778236,127463.00000000001,0.0,265.4400000000111,0.004358448928121241,0,1,673
674,0,0.46,4788013,128557.0,13.8,4789273,128075.0,0.0,-235.52000000000118,-0.00398266916620645,0,1,674
675,0,0.41000000000000003,4794911,127658.99999999999,12.3,4796171,127749.0,0.0,24.60000000000873,0.0004700021150096844,0,1,675
676,0,0.4,4797671,126673.0,12.0,4798931,127282.0,0.0,231.59999999999854,0.004570824090374399,0,1,676
677,0,0.59,4801810,127039.00000000003,17.7,4803070,127523.0,0.0,267.85999999998313,0.0035737057124187953,0,1,677
678,0,0.44,4811470,128604.0,13.2,4812730,127566.00000000001,0.0,-469.9199999999939,-0.008304562844079391,0,1,678
679,0,0.44,4815609,128086.99999999999,13.2,4816869,127851.0,0.0,-117.03999999998923,-0.002076713483803786,0,1,679
680,0,0.42,4838629,124702.99999999999,12.6,4839889,124788.00000000001,0.0,23.10000000001164,0.0004410479298816205,0,1,680
681,0,0.4,4845526,125349.00000000001,12.0,4846786,125565.00000000001,0.0,74.40000000000146,0.001483857071057636,0,1,681
682,0,0.73,4855183,128206.00000000001,21.9,4856443,128781.0,0.0,397.85,0.004250971093396565,0,1,682
683,0,0.67,4857942,129406.0,20.1,4859202,130321.0,0.0,592.9500000000029,0.0068389410073721795,0,1,683
684,0,0.33,4863461,132092.0,9.9,4864721,132042.0,0.0,-26.4,-0.0006056384943827029,0,1,684
685,0,0.45,4867600,131033.99999999999,13.5,4868860,131742.0,0.0,305.1000000000058,0.0051742295892670065,0,1,685
686,0,0.23,4883918,134673.0,6.9,4885178,134953.0,0.0,57.50000000000146,0.0018563483400533612,0,1,686
687,0,0.42,4911288,133047.0,12.6,4912548,132928.0,0.0,-62.5800000000032,-0.001119904995978922,0,1,687
688,0,0.36,4915428,131744.0,10.799999999999999,4916688,131749.0,0.0,-8.999999999997089,-0.00018976196259406057,0,1,688
689,0,0.42,4925088,132096.0,12.6,4926348,132355.0,0.0,96.17999999999884,0.0017335876937984288,0,1,689
690,0,0.39,4929228,132600.0,11.700000000000001,4930488,132517.0,0.0,-44.069999999995346,-0.0008521870286575269,0,1,690
691,0,0.49,4931988,131616.0,14.7,4933248,131349.0,0.0,-145.52999999999446,-0.002256564551422234,0,1,691
692,0,0.42,4962345,134658.0,12.6,4963605,134852.0,0.0,68.87999999999593,0.001217900161891535,0,1,692
693,0,0.36,4965105,134552.0,10.799999999999999,4966365,133553.0,0.0,-370.43999999999943,-0.007647600927522433,0,1,693
694,0,0.44,4969242,133082.0,13.2,4970502,132270.0,0.0,-370.4799999999988,-0.006326926255992526,0,1,694
695,0,0.47000000000000003,4972001,131719.0,14.100000000000001,4973261,132373.0,0.0,293.28000000000463,0.004737357556616812,0,1,695
696,0,0.44,4976127,130466.00000000001,13.2,4977387,130451.0,0.0,-19.80000000000582,-0.00034491744975712616,0,1,696
697,0,0.47000000000000003,4992683,129048.0,14.100000000000001,4993943,129168.0,0.0,42.300000000001454,0.0006974149153803475,0,1,697
698,0,0.3,5003478,130052.0,9.0,5004738,130209.99999999999,0.0,38.39999999999418,0.0009842216959368606,0,1,698
699,0,0.5,5010378,129680.0,15.0,5011638,129709.99999999999,0.0,-7.275957614183426e-12,-1.1221402859628973e-16,0,1,699
700,0,0.54,5013137,129683.99999999999,16.200000000000003,5014397,129840.00000000001,0.0,68.04000000000524,0.0009715924863515136,0,1,700
701,0,0.59,5017275,129551.0,17.7,5018535,130006.0,0.0,250.7499999999971,0.0032805613233398054,0,1,701
702,0,0.45,5024171,127465.00000000001,13.5,5025431,126941.00000000001,0.0,-249.3000000000029,-0.004346291138744019,0,1,702
703,0,0.53,5026931,126763.00000000001,15.9,5028191,127013.00000000001,0.0,116.6,0.001735522194962252,0,1,703
704,0,0.47000000000000003,5044622,125504.0,14.100000000000001,5045882,124216.00000000001,0.0,-619.4599999999933,-0.010501657317694939,0,1,704
705,0,0.59,5047381,124633.00000000001,17.7,5048641,124153.0,0.0,-300.90000000001163,-0.004092014153554995,0,1,705
706,0,0.44,5051520,122800.0,13.2,5052780,122764.00000000001,0.0,-29.039999999996507,-0.0005374592833875575,0,1,706
707,0,0.35000000000000003,5054280,122303.99999999999,10.500000000000002,5055540,123058.99999999999,0.0,253.75,0.005927851909994767,0,1,707
708,0,0.47000000000000003,5058419,122478.0,14.100000000000001,5059679,123205.0,0.0,327.5900000000023,0.00569081794281426,0,1,708
709,0,0.5,5061178,122329.0,15.0,5062438,122310.99999999999,0.0,-24.000000000007276,-0.0003923844713846639,0,1,709
710,0,0.41000000000000003,5065315,122356.0,12.3,5066575,121619.0,0.0,-314.47000000000554,-0.006268593285167981,0,1,710
711,0,0.45,5068073,120931.0,13.5,5069333,121356.0,0.0,177.75,0.0032663254252424936,0,1,711
712,0,0.58,5074969,121176.00000000001,17.4,5076229,121122.0,0.0,-48.72000000000698,-0.0006932065755596161,0,1,712
713,0,0.46,5088760,118530.0,13.8,5090020,120564.00000000001,0.0,921.8400000000067,0.016907112123513156,0,1,713
714,0,0.44,5095654,119975.0,13.2,5096914,119930.0,0.0,-33.00000000000291,-0.0006251302354657772,0,1,714
715,0,0.46,5099553,119183.99999999997,13.8,5100813,119696.0,0.0,221.72000000001134,0.004044167002282393,0,1,715
716,0,0.45,5122989,118358.0,13.5,5124249,119167.0,0.0,350.5500000000029,0.006581726625999143,0,1,716
717,0,0.48,5134025,118896.0,14.399999999999999,5135285,119294.0,0.0,176.64000000000087,0.0030951419728165947,0,1,717
718,0,0.28,5136785,122286.99999999999,8.4,5138045,121781.0,0.0,-150.0800000000003,-0.004383131485767098,0,1,718
719,0,0.46,5143683,122550.0,13.8,5144943,122630.0,0.0,23.00000000000291,0.0004079967360261634,0,1,719
720,0,0.51,5154710,122240.00000000001,15.3,5155967,121674.0,0.0,-303.9600000000108,-0.004875654450261952,0,1,720
721,0,0.42,5164341,122300.0,12.6,5165599,120980.0,0.0,-567.0000000000015,-0.011038430089942793,0,1,721
722,0,0.74,5177852,122733.99999999999,22.2,5192671,124840.00000000001,0.0,1536.2400000000168,0.016914628383333248,0,1,722
723,0,0.39,5207739,126716.00000000001,11.700000000000001,5208996,126614.00000000001,0.0,-51.47999999999884,-0.0010416995485968386,0,1,723
724,0,0.4,5210489,127460.0,12.0,5211749,127996.0,0.0,202.40000000000146,0.003969872901302398,0,1,724
725,0,0.5,5213244,128111.99999999999,15.0,5214504,128315.00000000001,0.0,86.50000000001455,0.0013503809166981167,0,1,725
726,0,0.62,5233646,128450.0,18.6,5234904,128298.0,0.0,-112.84000000000523,-0.001416893732970093,0,1,726
727,0,0.55,5240509,131067.0,16.5,5241768,131880.0,0.0,430.6499999999942,0.005974043809654523,0,1,727
728,0,0.6,5254270,131020.0,18.0,5255530,130568.0,0.0,-289.1999999999971,-0.003678827659899215,0,1,728
729,0,0.43,5257024,131188.0,12.9,5258282,132088.0,0.0,374.1,0.006631704119279203,0,1,729
730,0,0.5,5260910,133950.0,15.0,5262168,133853.0,0.0,-63.5,-0.0009481149682717432,0,1,730
731,0,0.56,5288349,130665.0,16.8,5289598,131430.0,0.0,411.59999999999417,0.005625071748364057,0,1,731
732,0,0.56,5321326,127148.0,16.8,5322585,127577.0,0.0,223.44000000000523,0.0031380753138076046,0,1,732
733,0,0.59,5328193,128263.0,17.7,5329451,127549.0,0.0,-438.9600000000093,-0.005800581617458002,0,1,733
734,0,0.53,5330935,127057.0,15.9,5332190,127811.99999999999,0.0,384.2499999999942,0.005706100411626191,0,1,734
735,0,0.54,5344679,128615.0,16.200000000000003,5345939,127788.00000000001,0.0,-462.7799999999872,-0.00666329743809024,0,1,735
736,0,0.68,5348800,127445.0,20.400000000000002,5350057,127376.0,0.0,-67.31999999999826,-0.000776805680881929,0,1,736
737,0,0.5700000000000001,5351554,128393.99999999999,17.1,5352814,128473.0,0.0,27.930000000013386,0.00038163777123559887,0,1,737
738,0,0.51,5358184,128817.0,15.3,5359444,130627.0,0.0,907.8000000000059,0.013818051965191019,0,1,738
739,0,0.37,5362319,132537.0,11.1,5363579,132929.0,0.0,133.9399999999936,0.00273131276549177,0,1,739
740,0,0.53,5369195,132696.0,15.9,5370455,133290.0,0.0,298.91999999999246,0.004250316512931706,0,1,740
741,0,0.32,5376080,134565.0,9.6,5377340,135510.0,0.0,292.80000000000143,0.006799687883179166,0,1,741
742,0,0.23,5378838,138877.0,6.9,5380098,139893.0,0.0,226.78000000000029,0.007099807743542855,0,1,742
743,0,0.16,5382976,141709.0,4.8,5384236,140919.0,0.0,-131.19999999999783,-0.005786506149926867,0,1,743
744,0,0.32,5396539,139573.0,9.6,5397799,141805.0,0.0,704.6399999999979,0.01577669033409036,0,1,744
745,0,0.24,5399299,140456.00000000003,7.199999999999999,5400559,141485.0,0.0,239.75999999999914,0.007112547701771347,0,1,745
746,0,0.31,5410330,141680.0,9.3,5411590,142435.0,0.0,224.74999999999562,0.005117165443252299,0,1,746
747,0,0.45,5417221,143064.0,13.5,5418480,141237.0,0.0,-835.6500000000015,-0.012980204663647061,0,1,747
748,0,0.15,5419978,143833.0,4.5,5421238,144090.0,0.0,34.04999999999927,0.001578219184748946,0,1,748
749,0,0.16,5426874,150248.0,4.8,5428134,149832.0,0.0,-71.3600000000013,-0.002968425536446463,0,1,749
750,0,0.14,5431011,150148.0,4.2,5432271,151370.0,0.0,166.88000000000176,0.007938833684098439,0,1,750
751,0,0.18,5433771,152225.0,5.3999999999999995,5435030,151397.0,0.0,-154.44000000000088,-0.005636393496469075,0,1,751
752,0,0.34,5437908,150645.0,10.200000000000001,5439166,150285.0,0.0,-132.60000000000144,-0.0025888678681669107,0,1,752
753,0,0.35000000000000003,5440663,149748.0,10.500000000000002,5441922,152845.0,0.0,1073.4500000000044,0.02048107487245247,0,1,753
754,0,0.24,5451465,154524.0,7.199999999999999,5452725,155491.0,0.0,224.87999999999448,0.00606378297222423,0,1,754
755,0,0.2,5454225,151802.0,6.0,5455485,150536.0,0.0,-259.2000000000007,-0.00853743692441472,0,1,755
756,0,0.23,5458365,148739.0,6.9,5459625,149571.0,0.0,184.46000000000058,0.005391995374447875,0,1,756
757,0,0.19,5461123,149681.0,5.7,5462382,148693.0,0.0,-193.41999999999751,-0.006801130403992404,0,1,757
758,0,0.32,5465262,150118.0,9.6,5466522,149214.0,0.0,-298.87999999999886,-0.0062217722058646955,0,1,758
759,0,0.32,5468022,149806.0,9.6,5469282,151645.0,0.0,578.8800000000032,0.012075617799020133,0,1,759
760,0,0.25,5472162,153119.0,7.5,5473422,150437.0,0.0,-678.0,-0.017711714418197612,0,1,760
761,0,0.28,5474921,150547.0,8.4,5476181,149625.0,0.0,-266.5599999999962,-0.006323606581333314,0,1,761
762,0,0.2,5479058,147849.0,6.0,5480318,149883.0,0.0,400.7999999999993,0.013554369660937822,0,1,762
763,0,0.24,5488716,149309.0,7.199999999999999,5489973,148575.0,0.0,-183.3599999999962,-0.005116905210000631,0,1,763
764,0,0.32,5495599,149255.0,9.6,5496859,149058.0,0.0,-72.64000000000087,-0.0015208870724599023,0,1,764
765,0,0.35000000000000003,5506617,148717.0,10.500000000000002,5507877,149630.0,0.0,309.0500000000029,0.005937451669950364,0,1,765
766,0,0.35000000000000003,5523151,146923.0,10.500000000000002,5524409,146671.0,0.0,-98.69999999999709,-0.0019193727326558242,0,1,766
767,0,0.41000000000000003,5534169,146045.0,12.3,5535427,145455.0,0.0,-254.20000000000147,-0.004245266869800428,0,1,767
768,0,0.38,5540645,147657.0,11.4,5541904,147491.0,0.0,-74.48000000000175,-0.0013274006650548541,0,1,768
769,0,0.42,5543392,147588.0,12.6,5544650,146064.0,0.0,-652.6800000000018,-0.010529311326124103,0,1,769
770,0,0.51,5547526,146382.0,15.3,5548784,147511.0,0.0,560.4899999999936,0.007507753685562346,0,1,770
771,0,0.26,5550282,146512.0,7.800000000000001,5551542,147645.0,0.0,286.78000000000173,0.0075283935786830194,0,1,771
772,0,0.56,5554413,147558.0,16.8,5555668,147574.0,0.0,-7.84000000000815,-9.4877946299181e-05,0,1,772
773,0,0.5700000000000001,5557161,147838.0,17.1,5558414,147753.0,0.0,-65.54999999999708,-0.0007778784886158827,0,1,773
774,0,0.42,5562461,151116.0,12.6,5563721,151074.0,0.0,-30.240000000006695,-0.0004764551735091978,0,1,774
775,0,0.3,5585661,155655.0,9.0,5586921,155880.0,0.0,58.5,0.0012527705502553724,0,1,775
776,0,0.31,5588420,156087.0,9.3,5589680,157150.0,0.0,320.2299999999988,0.006618104006099138,0,1,776
777,0,0.3,5592558,156837.0,9.0,5593818,157690.0,0.0,246.90000000000146,0.005247486243679775,0,1,777
778,0,0.26,5595318,157511.0,7.800000000000001,5596578,158673.0,0.0,294.3200000000026,0.007186799652087854,0,1,778
779,0,0.34,5602215,156577.0,10.200000000000001,5603475,156997.0,0.0,132.60000000000292,0.0024907872803796765,0,1,779
780,0,0.37,5606352,156699.0,11.1,5607612,156705.0,0.0,-8.879999999998835,-0.0001531598797694743,0,1,780
781,0,0.36,5613007,160082.0,10.799999999999999,5614267,161285.0,0.0,422.28000000000173,0.007327494658987299,0,1,781
782,0,0.07,5636458,157689.0,2.1,5637718,152365.0,0.0,-374.7800000000003,-0.033952907304884955,0,1,782
783,0,0.07,5643358,146732.0,2.1,5644618,148915.0,0.0,150.7099999999995,0.014673009295859065,0,1,783
784,0,0.09,5650232,162838.0,2.6999999999999997,5651492,161920.0,0.0,-85.3200000000008,-0.00582173694100891,0,1,784
785,0,0.12,5654371,157555.99999999997,3.5999999999999996,5655631,158875.0,0.0,154.68000000000248,0.008181218106578111,0,1,785
786,0,0.13,5657131,161012.0,3.9000000000000004,5658391,162180.0,0.0,147.94000000000014,0.007067796189103924,0,1,786
787,0,0.1,5661270,164731.0,3.0,5662529,164572.0,0.0,-18.900000000001455,-0.001147325032932566,0,1,787
788,0,0.12,5666788,172501.0,3.5999999999999996,5668048,172160.0,0.0,-44.519999999998255,-0.0021507121697844386,0,1,788
789,0,0.11,5669548,170864.0,3.3,5670808,168370.0,0.0,-277.64000000000016,-0.014771982395355378,0,1,789
790,0,0.15,5680587,170459.0,4.5,5681847,171502.0,0.0,151.95000000000073,0.005942778028734211,0,1,790
791,0,0.18,5687487,170512.0,5.3999999999999995,5688747,168918.0,0.0,-292.32000000000187,-0.009524256357323886,0,1,791
792,0,0.18,5690247,171431.0,5.3999999999999995,5691507,170672.0,0.0,-142.019999999999,-0.0046024347988403175,0,1,792
793,0,0.19,5697146,173000.0,5.7,5698406,174392.0,0.0,258.7800000000032,0.007872832369942294,0,1,793
794,0,0.2,5701286,174382.99999999997,6.0,5702545,174950.0,0.0,107.40000000000146,0.0030794286140277856,0,1,794
795,0,0.22,5707945,171095.0,6.6,5709205,171341.0,0.0,47.51999999999534,0.0012624565299978305,0,1,795
796,0,0.17,5717605,171395.0,5.1000000000000005,5718865,168138.0,0.0,-558.7899999999987,-0.019177922343125483,0,1,796
797,0,0.2,5728644,172542.99999999997,6.0,5729904,172910.0,0.0,67.40000000000146,0.0019531363196421026,0,1,797
798,0,0.22,5731404,172324.0,6.6,5732664,174420.0,0.0,454.5200000000026,0.011989043894060095,0,1,798
799,0,0.22,5735544,176730.0,6.6,5736804,176501.0,0.0,-56.97999999999738,-0.0014655123634922656,0,1,799
800,0,0.25,5745202,177571.0,7.5,5750362,180924.0,0.0,830.75,0.018713641304041764,0,1,800
801,0,0.25,5755997,180816.0,7.5,5757257,181214.0,0.0,92.0,0.0020352181222900627,0,1,801
802,0,0.09,5769794,195004.0,2.6999999999999997,5771054,196924.0,0.0,170.09999999999928,0.009692108879817809,0,1,802
803,0,0.1,5800154,192727.99999999997,3.0,5801414,196328.0,0.0,357.0,0.018523515005603754,0,1,803
804,0,0.14,5810954,193064.0,4.2,5812214,194828.0,0.0,242.75999999999914,0.008981477644718816,0,1,804
805,0,0.16,5813714,194526.0,4.8,5814974,194224.0,0.0,-53.119999999999706,-0.0017067127273474917,0,1,805
806,0,0.13,5824750,189860.0,3.9000000000000004,5826010,186195.0,0.0,-480.34999999999707,-0.019461708627409553,0,1,806
807,0,0.13,5827510,186741.0,3.9000000000000004,5828770,186262.0,0.0,-66.17000000000044,-0.0027257003014871046,0,1,807
808,0,0.18,5834410,190558.00000000003,5.3999999999999995,5835670,190155.0,0.0,-77.94000000000088,-0.002272274058291989,0,1,808
809,0,0.14,5838549,187578.0,4.2,5839809,188703.0,0.0,153.3,0.005837571570226786,0,1,809
810,0,0.19,5845449,189199.0,5.7,5846709,189908.0,0.0,129.00999999999914,0.0035888138943651685,0,1,810
811,0,0.3,5859249,190466.0,9.0,5860509,187689.0,0.0,-842.0999999999985,-0.014737538458307496,0,1,811
812,0,0.2,5862009,186649.0,6.0,5863269,187759.0,0.0,216.0,0.00578626191407401,0,1,812
813,0,0.15,5868909,194607.0,4.5,5870169,195219.0,0.0,87.29999999999927,0.002990642679862467,0,1,813
814,0,0.21,5875809,187566.0,6.3,5877069,188799.0,0.0,252.63000000000028,0.00641374236268834,0,1,814
815,0,0.21,5879948,188252.0,6.3,5881208,187019.0,0.0,-265.2300000000003,-0.006709092068078966,0,1,815
816,0,0.2,5882706,186304.0,6.0,5883966,187282.0,0.0,189.59999999999854,0.005088457574716553,0,1,816
817,0,0.2,5893310,181110.0,6.0,5894569,182828.0,0.0,337.59999999999854,0.009320302578543386,0,1,817
818,0,0.19,5896069,183972.0,5.7,5897329,183652.0,0.0,-66.50000000000291,-0.0019024634183463535,0,1,818
819,0,0.22,5900207,186999.0,6.6,5901467,183799.0,0.0,-710.6,-0.017272819640746742,0,1,819
820,0,0.24,5907106,185229.0,7.199999999999999,5908366,186420.0,0.0,278.6399999999965,0.006267917010835158,0,1,820
821,0,0.18,5909866,188355.00000000003,5.3999999999999995,5911126,188096.0,0.0,-52.02000000000262,-0.0015343367577182157,0,1,821
822,0,0.19,5924848,195015.0,5.7,5926108,191816.0,0.0,-613.5099999999977,-0.016557700689690476,0,1,822
823,0,0.21,5959107,183604.0,6.3,5960367,184242.0,0.0,127.6800000000032,0.0033114746955404855,0,1,823
824,0,0.15,5965767,178829.0,4.5,5967027,177452.0,0.0,-211.04999999999927,-0.007867851411124567,0,1,824
825,0,0.18,5968527,177142.0,5.3999999999999995,5969787,178186.0,0.0,182.5200000000019,0.005724221246231896,0,1,825
826,0,0.13,5975426,176979.0,3.9000000000000004,5976686,172680.0,0.0,-562.769999999999,-0.02446052921533059,0,1,826
827,0,0.13,5982326,169411.0,3.9000000000000004,5983586,169793.0,0.0,45.759999999999856,0.002077787156678131,0,1,827
828,0,0.19,5986466,171574.0,5.7,5987726,172533.0,0.0,176.5099999999955,0.005414573303647268,0,1,828
829,0,0.21,5989226,172260.0,6.3,5990486,172343.0,0.0,11.13000000000029,0.00030767444560548813,0,1,829
830,0,0.18,5996126,173485.0,5.3999999999999995,5997386,174250.0,0.0,132.30000000000072,0.004236677522552405,0,1,830
831,0,0.28,6000266,172675.0,8.4,6001526,173295.0,0.0,165.19999999999854,0.0034168235123787157,0,1,831
832,0,0.22,6003026,172781.0,6.6,6004286,173167.0,0.0,78.31999999999826,0.0020604117350865665,0,1,832
833,0,0.29,6012683,174285.0,8.7,6013943,173726.0,0.0,-170.81000000000057,-0.003379522047221517,0,1,833
834,0,0.3,6015443,175478.0,9.0,6016703,174290.0,0.0,-365.40000000000146,-0.0069410410421819535,0,1,834
835,0,0.26,6022341,176358.0,7.800000000000001,6023601,177584.0,0.0,310.960000000002,0.00678166003243407,0,1,835
836,0,0.31,6033378,177538.0,9.3,6034638,178178.0,0.0,189.10000000000144,0.003435884148745647,0,1,836
837,0,0.21,6036138,177185.0,6.3,6037398,176836.0,0.0,-79.59000000000087,-0.0021390072523069345,0,1,837
838,0,0.25,6043038,181396.0,7.5,6044298,183205.0,0.0,444.75,0.00980727248671415,0,1,838
839,0,0.2,6056836,187600.0,6.0,6058096,187937.0,0.0,61.400000000001455,0.001636460554371041,0,1,839
840,0,0.26,6060975,189871.0,7.800000000000001,6062235,189652.0,0.0,-64.73999999999505,-0.0013114166987058633,0,1,840
841,0,0.24,6063735,189616.0,7.199999999999999,6064995,190380.0,0.0,176.1600000000006,0.003870981351784673,0,1,841
842,0,0.25,6067635,189915.0,7.5,6068895,190888.0,0.0,235.75,0.004965379248611221,0,1,842
843,0,0.24,6070395,187159.0,7.199999999999999,6071655,189185.0,0.0,479.04000000000525,0.01066472892032989,0,1,843
844,0,0.25,6074534,189264.0,7.5,6075794,188976.0,0.0,-79.5,-0.0016801927466396146,0,1,844
845,0,0.22,6095233,176147.00000000003,6.6,6096493,176969.0,0.0,174.2399999999965,0.004496244613873549,0,1,845
846,0,0.26,6101893,179531.0,7.800000000000001,6103153,180338.0,0.0,202.0199999999997,0.004327943363541665,0,1,846
847,0,0.23,6108793,180750.0,6.9,6110053,182737.0,0.0,450.11000000000206,0.010827109266943342,0,1,847
848,0,0.25,6115693,180939.0,7.5,6116953,180352.0,0.0,-154.25,-0.0034099890018182925,0,1,848
849,0,0.28,6122593,179938.0,8.4,6123853,180880.0,0.0,255.35999999999476,0.005068412453178212,0,1,849
850,0,0.3,6125353,182918.0,9.0,6126613,181432.0,0.0,-454.8000000000029,-0.008287866694365834,0,1,850
851,0,0.31,6132251,180401.0,9.3,6133510,175999.0,0.0,-1373.9199999999953,-0.024567491311023693,0,1,851
852,0,0.22,6136386,172870.0,6.6,6137646,175270.0,0.0,521.4,0.013709724070110486,0,1,852
853,0,0.34,6150185,180242.0,10.200000000000001,6151443,179077.0,0.0,-406.29999999999853,-0.0066299752554898166,0,1,853
854,0,0.28,6157082,181388.0,8.4,6158342,181462.0,0.0,12.320000000001164,0.0002425739299182093,0,1,854
855,0,0.36,6159841,180898.0,10.799999999999999,6161101,182844.0,0.0,689.7599999999977,0.01059160410839254,0,1,855
856,0,0.24,6166501,179514.0,7.199999999999999,6167761,178774.0,0.0,-184.79999999999853,-0.004289359047205198,0,1,856
857,0,0.25,6170641,180392.0,7.5,6171901,179422.0,0.0,-250.0,-0.005543483081289636,0,1,857
858,0,0.23,6173401,175372.0,6.9,6174661,175145.0,0.0,-59.1100000000064,-0.0014654562872067822,0,1,858
859,0,0.3,6177541,177418.0,9.0,6178801,176841.0,0.0,-182.10000000000582,-0.003421298853554991,0,1,859
860,0,0.19,6180301,174461.00000000003,5.7,6181561,174667.0,0.0,33.439999999999415,0.0010088214557981263,0,1,860
861,0,0.21,6187201,175529.0,6.3,6188461,175988.0,0.0,90.08999999999942,0.0024440405858860773,0,1,861
862,0,0.27,6191341,175961.0,8.100000000000001,6192601,176431.0,0.0,118.80000000000146,0.002500554100056293,0,1,862
863,0,0.28,6194101,175515.0,8.4,6195361,175705.0,0.0,44.79999999999709,0.000911602996894793,0,1,863
864,0,0.31,6200999,179579.0,9.3,6202259,176826.0,0.0,-862.7300000000002,-0.015497357708863513,0,1,864
865,0,0.28,6205136,176894.0,8.4,6206396,178522.0,0.0,447.43999999999653,0.00903365857519185,0,1,865
866,0,0.27,6212035,179200.0,8.100000000000001,6213295,179810.0,0.0,156.60000000000437,0.0032366071428572333,0,1,866
867,0,0.23,6214795,179952.0,6.9,6216055,178263.0,0.0,-395.36999999999387,-0.009552547345958774,0,1,867
868,0,0.34,6218935,178690.0,10.200000000000001,6220195,177334.0,0.0,-471.24000000000086,-0.007756449717387668,0,1,868
869,0,0.26,6221695,179126.0,7.800000000000001,6222955,181672.0,0.0,654.1599999999992,0.014045978808213195,0,1,869
870,0,0.27,6225835,182981.0,8.100000000000001,6227095,185250.0,0.0,604.5299999999974,0.012236243107207797,0,1,870
871,0,0.22,6232735,185021.0,6.6,6233995,186672.0,0.0,356.62000000000114,0.008761167651239616,0,1,871
872,0,0.16,6246080,177313.0,4.8,6247340,177839.0,0.0,79.35999999999986,0.0027973132257646032,0,1,872
873,0,0.29,6279194,181382.0,8.7,6280454,180981.0,0.0,-124.99000000000088,-0.0023762005050115393,0,1,873
874,0,0.3,6286094,182059.0,9.0,6287354,182739.0,0.0,195.0,0.0035702711758276167,0,1,874
875,0,0.32,6288854,182073.0,9.6,6290114,181630.0,0.0,-151.36000000000203,-0.002597859100470725,0,1,875
876,0,0.3,6295513,183885.0,9.0,6296773,183186.0,0.0,-218.70000000000437,-0.003964434293172442,0,1,876
877,0,0.26,6299653,184936.0,7.800000000000001,6300913,181761.0,0.0,-833.3,-0.01733031967815893,0,1,877
878,0,0.4,6313453,182585.0,12.0,6314713,183321.0,0.0,282.40000000000873,0.0038666922255389097,0,1,878
879,0,0.24,6316213,182671.0,7.199999999999999,6317473,186113.0,0.0,818.8799999999944,0.01867838901631883,0,1,879
880,0,0.2,6320353,185285.0,6.0,6321613,187225.0,0.0,382.0,0.010308443748819387,0,1,880
881,0,0.2,6327101,189815.0,6.0,6328361,190918.0,0.0,214.59999999999854,0.005652872533782855,0,1,881
882,0,0.13,6334001,194219.0,3.9000000000000004,6335261,192505.0,0.0,-226.71999999999971,-0.008979554008619125,0,1,882
883,0,0.15,6336761,193481.0,4.5,6338021,196730.0,0.0,482.8500000000022,0.016637292550689808,0,1,883
884,0,0.06,6340901,204373.0,1.7999999999999998,6342161,199098.0,0.0,-318.3,-0.02595744056210948,0,1,884
885,0,0.1,6343661,199517.0,3.0,6344921,198253.0,0.0,-129.39999999999782,-0.006485662875845057,0,1,885
886,0,0.13,6347801,191598.0,3.9000000000000004,6349061,192774.0,0.0,148.980000000001,0.005981273290952973,0,1,886
887,0,0.2,6354701,192041.0,6.0,6355961,194665.0,0.0,518.7999999999956,0.013507532245718247,0,1,887
888,0,0.17,6357461,195818.00000000003,5.1000000000000005,6358721,195435.0,0.0,-70.21000000000058,-0.0021091013083577776,0,1,888
889,0,0.19,6364360,193529.0,5.7,6365620,192252.0,0.0,-248.33000000000465,-0.006753509809899418,0,1,889
890,0,0.22,6371259,193104.0,6.6,6372519,194400.0,0.0,278.5200000000026,0.006556052696992356,0,1,890
891,0,0.17,6375399,196674.0,5.1000000000000005,6376659,197805.0,0.0,187.17000000000408,0.005598096342170414,0,1,891
892,0,0.18,6380917,194973.0,5.3999999999999995,6382177,195766.0,0.0,137.33999999999796,0.003913362362993792,0,1,892
893,0,0.19,6390577,189281.0,5.7,6391837,189645.0,0.0,63.46000000000349,0.0017645722497240525,0,1,893
894,0,0.16,6401617,183840.0,4.8,6402877,185296.0,0.0,228.15999999999912,0.007756744995648359,0,1,894
895,0,0.15,6404377,181907.0,4.5,6405637,180959.0,0.0,-146.70000000000073,-0.005376373641476166,0,1,895
896,0,0.2,6408517,181421.0,6.0,6409777,181599.0,0.0,29.599999999998545,0.0008157820759448614,0,1,896
897,0,0.23,6422164,183769.0,6.9,6423424,184714.0,0.0,210.44999999999854,0.004979076993399287,0,1,897
898,0,0.26,6429064,185253.0,7.800000000000001,6430324,185233.0,0.0,-12.99999999999709,-0.000269901162194344,0,1,898
899,0,0.29,6431824,184647.0,8.7,6433084,187192.0,0.0,729.3499999999956,0.01362058414163233,0,1,899
900,0,0.2,6435964,180862.0,6.0,6437224,183152.0,0.0,452.0,0.01249571496500094,0,1,900
901,0,0.15,6438724,185060.0,4.5,6439984,183685.0,0.0,-210.75,-0.007592132281422241,0,1,901
902,0,0.24,6442713,183107.0,7.199999999999999,6443973,183762.0,0.0,149.9999999999971,0.0034133047890030853,0,1,902
903,0,0.22,6445473,182414.0,6.6,6446733,182409.0,0.0,-7.6999999999985445,-0.00019187123795319098,0,1,903
904,0,0.31,6449613,181956.0,9.3,6450873,181829.0,0.0,-48.67000000000262,-0.0008628459627602742,0,1,904
905,0,0.19,6452373,180614.00000000003,5.7,6453633,180529.0,0.0,-21.850000000001454,-0.0006367169765356376,0,1,905
906,0,0.24,6459122,173965.0,7.199999999999999,6460382,174125.0,0.0,31.200000000001456,0.0007472767510706526,0,1,906
907,0,0.23,6463262,172555.0,6.9,6464522,173295.0,0.0,163.29999999999708,0.004114630117933339,0,1,907
908,0,0.18,6483959,175949.0,5.3999999999999995,6485219,176509.0,0.0,95.39999999999927,0.00301223650034951,0,1,908
909,0,0.24,6486719,179085.0,7.199999999999999,6487979,177346.0,0.0,-424.56000000000057,-0.009877990898176855,0,1,909
910,0,0.28,6490857,179357.0,8.4,6492117,179013.0,0.0,-104.71999999999971,-0.00208522667082968,0,1,910
911,0,0.25,6493617,178771.0,7.5,6494877,180140.0,0.0,334.75,0.007490029143429304,0,1,911
912,0,0.33,6497757,177510.0,9.9,6499017,176438.0,0.0,-363.660000000002,-0.006208100952059073,0,1,912
913,0,0.3,6500517,175722.0,9.0,6501777,174635.0,0.0,-335.09999999999854,-0.006356631497478945,0,1,913
914,0,0.27,6504656,174684.0,8.100000000000001,6505916,175195.0,0.0,129.87000000000117,0.0027535435414806414,0,1,914
915,0,0.3,6507415,175713.0,9.0,6508675,173664.0,0.0,-623.7000000000044,-0.011831793891174896,0,1,915
916,0,0.29,6511554,172279.0,8.7,6512814,171000.0,0.0,-379.6099999999962,-0.007598140226028634,0,1,916
917,0,0.22,6514314,169545.0,6.6,6515574,170955.0,0.0,303.59999999999707,0.008139432009201019,0,1,917
918,0,0.26,6518303,170029.0,7.800000000000001,6519563,171716.0,0.0,430.8200000000026,0.009745396373559864,0,1,918
919,0,0.21,6525203,170185.0,6.3,6526463,169547.0,0.0,-140.2800000000032,-0.003925140288509653,0,1,919
920,0,0.19,6527963,166251.0,5.7,6529223,167310.0,0.0,195.51000000000278,0.006189436454517655,0,1,920
921,0,0.23,6548663,171173.0,6.9,6549923,169553.0,0.0,-379.4999999999985,-0.009639370695144641,0,1,921
922,0,0.2,6552799,166604.0,6.0,6554059,167503.0,0.0,173.79999999999563,0.005215961201411599,0,1,922
923,0,0.16,6555558,166546.0,4.8,6556818,164279.0,0.0,-367.5200000000012,-0.013791985397427781,0,1,923
924,0,0.21,6562449,162654.99999999997,6.3,6563709,165494.0,0.0,589.8900000000024,0.017269681227137262,0,1,924
925,0,0.22,6566589,165223.0,6.6,6567849,166450.0,0.0,263.3400000000023,0.007244754059664881,0,1,925
926,0,0.25,6573483,164662.0,7.5,6574743,163669.0,0.0,-255.75,-0.0062127266764645155,0,1,926
927,0,0.19,6580378,171135.0,5.7,6581638,170447.0,0.0,-136.42000000000115,-0.004195518158179251,0,1,927
928,0,0.18,6583138,175195.0,5.3999999999999995,6584398,176766.0,0.0,277.37999999999886,0.008795913125374547,0,1,928
929,0,0.25,6590035,175990.0,7.5,6591295,174842.0,0.0,-294.5,-0.006693562134212171,0,1,929
930,0,0.26,6600720,174875.0,7.800000000000001,6601980,176980.0,0.0,539.500000000003,0.011865618298784911,0,1,930
931,0,0.21,6603480,180220.0,6.3,6604740,179701.0,0.0,-115.28999999999796,-0.00304627677283315,0,1,931
932,0,0.18,6614514,180960.0,5.3999999999999995,6615774,180649.0,0.0,-61.37999999999956,-0.0018843943412908796,0,1,932
933,0,0.22,6617274,177645.0,6.6,6618534,179204.0,0.0,336.3799999999959,0.008607053393002793,0,1,933
934,0,0.21,6626929,181232.0,6.3,6628189,180425.0,0.0,-175.77000000000118,-0.004618389688355288,0,1,934
935,0,0.28,6629688,181490.0,8.4,6630948,182347.0,0.0,231.55999999999912,0.004556724888423587,0,1,935
936,0,0.18,6632445,183634.99999999997,5.3999999999999995,6633705,185520.0,0.0,333.90000000000293,0.01010156016010029,0,1,936
937,0,0.19,6635205,183271.0,5.7,6636465,186680.0,0.0,642.0099999999991,0.018437177731337722,0,1,937
938,0,0.23,6659801,192719.99999999997,6.9,6661061,195340.0,0.0,595.7000000000058,0.013439186384391996,0,1,938
939,0,0.18,6669460,186231.00000000003,5.3999999999999995,6670720,186412.0,0.0,27.17999999999447,0.0008108209696558,0,1,939
940,0,0.18,6676359,183426.0,5.3999999999999995,6677619,184167.0,0.0,127.97999999999737,0.0038762225638676383,0,1,940
941,0,0.27,6687244,182537.0,8.100000000000001,6688504,183721.0,0.0,311.58000000000027,0.006322005949478741,0,1,941
942,0,0.26,6696899,183143.0,7.800000000000001,6698159,186980.0,0.0,989.8200000000027,0.02078703526752325,0,1,942
943,0,0.17,6701039,190410.0,5.1000000000000005,6702299,191664.0,0.0,208.0800000000003,0.0064282338112494185,0,1,943
944,0,0.13,6710697,199173.0,3.9000000000000004,6711957,197590.0,0.0,-209.69000000000088,-0.008098487244757103,0,1,944
945,0,0.22,6714837,197273.0,6.6,6716097,196310.0,0.0,-218.46000000000058,-0.005033633594054953,0,1,945
946,0,0.24,6717597,197895.0,7.199999999999999,6718857,197080.0,0.0,-202.79999999999853,-0.004269941130397402,0,1,946
947,0,0.27,6727251,200370.0,8.100000000000001,6728511,201354.0,0.0,257.58000000000027,0.004761191795178924,0,1,947
948,0,0.19,6730008,203988.0,5.7,6731268,200512.0,0.0,-666.1400000000024,-0.017187285526599663,0,1,948
949,0,0.2,6736905,200449.0,6.0,6738165,198262.0,0.0,-443.40000000000146,-0.011060169918532928,0,1,949
950,0,0.17,6741045,199741.0,5.1000000000000005,6742305,198794.0,0.0,-166.08999999999796,-0.004891334277889807,0,1,950
951,0,0.2,6743805,198660.0,6.0,6745065,198908.0,0.0,43.60000000000582,0.0010973522601431043,0,1,951
952,0,0.26,6775389,195839.0,7.800000000000001,6776648,196299.0,0.0,111.80000000000582,0.0021956811462477974,0,1,952
953,0,0.25,6778148,197713.0,7.5,6779408,194862.0,0.0,-720.25,-0.014571626549594614,0,1,953
954,0,0.27,6795930,193638.0,8.100000000000001,6797190,193347.0,0.0,-86.6699999999997,-0.0016577324698664462,0,1,954
955,0,0.26,6798689,191351.0,7.800000000000001,6799948,191901.0,0.0,135.2,0.0027175191140887687,0,1,955
956,0,0.29,6819207,195973.0,8.7,6820467,195426.0,0.0,-167.33000000000465,-0.002944283141045022,0,1,956
957,0,0.33,6844040,192486.0,9.9,6845297,191541.0,0.0,-321.7499999999985,-0.005065303450640542,0,1,957
958,0,0.27,6846794,191244.0,8.100000000000001,6848051,191345.0,0.0,19.169999999996797,0.0003712534772332106,0,1,958
959,0,0.3,6850929,190127.0,9.0,6852188,189216.0,0.0,-282.3000000000029,-0.004949323347025986,0,1,959
960,0,0.38,6860556,191674.0,11.4,6861815,191428.0,0.0,-104.87999999999593,-0.0014399449064556973,0,1,960
961,0,0.33,6864684,193703.0,9.9,6865943,194334.0,0.0,198.32999999999592,0.003102688135960659,0,1,961
962,0,0.42,6867437,193990.0,12.6,6868696,194049.0,0.0,12.179999999998836,0.00014949224186812325,0,1,962
963,0,0.26,6894835,186413.0,7.800000000000001,6896094,184804.0,0.0,-426.1400000000038,-0.008792305257680605,0,1,963
964,0,0.23,6898972,182243.0,6.9,6900232,182320.0,0.0,10.809999999999127,0.0002578974226719062,0,1,964
965,0,0.17,6915522,197237.99999999997,5.1000000000000005,6916782,197957.0,0.0,117.13000000000321,0.003493241667427265,0,1,965
966,0,0.21,6919659,197035.0,6.3,6920919,198072.0,0.0,211.4699999999968,0.005110767122592355,0,1,966
967,0,0.21,6922418,198520.0,6.3,6923678,200700.0,0.0,451.5000000000029,0.010830143058633961,0,1,967
968,0,0.27,6929317,198476.0,8.100000000000001,6930577,199259.0,0.0,203.30999999999622,0.0037939095910839897,0,1,968
969,0,0.24,6936216,195906.0,7.199999999999999,6937476,193604.0,0.0,-559.679999999996,-0.011903668085714494,0,1,969
970,0,0.27,6940351,196241.0,8.100000000000001,6941611,195932.0,0.0,-91.53000000000029,-0.001727467756483105,0,1,970
971,0,0.16,6960581,201886.0,4.8,6961841,202642.0,0.0,116.15999999999913,0.0035960888818441818,0,1,971
972,0,0.21,6963341,202802.0,6.3,6964601,200267.0,0.0,-538.6499999999985,-0.012647804262285347,0,1,972
973,0,0.24,6982657,206664.0,7.199999999999999,6983917,206311.0,0.0,-91.92000000000117,-0.0018532497193512409,0,1,973
974,0,0.22,6985416,205946.99999999997,6.6,6986676,204095.0,0.0,-414.0399999999951,-0.009138273439282814,0,1,974
975,0,0.17,7015624,205471.99999999997,5.1000000000000005,7016884,203601.0,0.0,-323.16999999999246,-0.00925186886777739,0,1,975
976,0,0.28,7019762,203513.0,8.4,7021022,203463.0,0.0,-22.4,-0.000393095281382516,0,1,976
977,0,0.24,7026660,199142.00000000003,7.199999999999999,7027919,199094.0,0.0,-18.720000000004074,-0.00039168030852365133,0,1,977
978,0,0.33,7029419,200344.0,9.9,7030679,201186.0,0.0,267.9600000000006,0.004053028790480383,0,1,978
979,0,0.39,7033396,202415.0,11.700000000000001,7034656,202427.0,0.0,-7.020000000006986,-8.892621594258288e-05,0,1,979
980,0,0.4,7040294,203008.00000000003,12.0,7041554,203364.0,0.0,130.39999999999418,0.001605848045397154,0,1,980
981,0,0.33,7043052,204416.0,9.9,7044312,208338.0,0.0,1284.3600000000092,0.01903960551033201,0,1,981
982,0,0.19,7047192,212794.99999999997,5.7,7048451,214655.00000000003,0.0,347.70000000000874,0.008599826123734328,0,1,982
983,0,0.25,7056847,216131.0,7.5,7058107,215705.00000000003,0.0,-113.99999999999272,-0.0021098315373545254,0,1,983
984,0,0.16,7063743,218103.00000000003,4.8,7065003,216394.99999999997,0.0,-278.0800000000061,-0.007968712030554546,0,1,984
985,0,0.13,7076161,228957.00000000003,3.9000000000000004,7077421,232316.0,0.0,432.7699999999983,0.014539848093746801,0,1,985
986,0,0.09,7087200,238473.99999999997,2.6999999999999997,7088460,237255.00000000003,0.0,-112.40999999999549,-0.005237468235530708,0,1,986
987,0,0.14,7089960,237902.00000000003,4.2,7091220,238744.99999999997,0.0,113.81999999998952,0.0034173735403650453,0,1,987
988,0,0.12,7094100,232171.99999999997,3.5999999999999996,7095360,231889.0,0.0,-37.55999999999549,-0.0013481384490806921,0,1,988
989,0,0.14,7096860,233236.0,4.2,7098120,233991.0,0.0,101.49999999999709,0.003108439520485599,0,1,989
990,0,0.14,7103760,230380.00000000003,4.2,7105020,230126.00000000003,0.0,-39.76000000000131,-0.001232745898081471,0,1,990
991,0,0.18,7117557,237821.99999999997,5.3999999999999995,7118817,241636.0,0.0,681.1200000000041,0.015911059531918927,0,1,991
992,0,0.12,7124454,233082.00000000003,3.5999999999999996,7125714,233382.00000000003,0.0,32.4,0.0011583906093134604,0,1,992
993,0,0.17,7135343,232761.0,5.1000000000000005,7136603,235396.0,0.0,442.84999999999707,0.011191737447424537,0,1,993
994,0,0.15,7145003,230282.00000000003,4.5,7146263,233229.0,0.0,437.54999999999563,0.012667077756837142,0,1,994
995,0,0.2,7149143,232810.0,6.0,7173557,241269.99999999997,0.0,1686.0,0.03620978480305829,0,1,995
996,0,0.16,7179197,244421.0,4.8,7180457,239863.0,0.0,-734.0799999999988,-0.01877089120820221,0,1,996
997,0,0.11,7197137,238842.99999999997,3.3,7198397,238553.00000000003,0.0,-35.199999999994176,-0.001339792248464251,0,1,997
998,0,0.18,7204037,246544.99999999997,5.3999999999999995,7205297,244707.00000000003,0.0,-336.2399999999892,-0.007576710134052365,0,1,998
999,0,0.15,7206797,245468.0,4.5,7208057,250776.00000000003,0.0,791.7000000000044,0.021501784346635935,0,1,999
1000,0,0.18,7220597,252078.0,5.3999999999999995,7221857,250217.99999999997,0.0,-340.20000000001016,-0.007497679289743875,0,1,1000
1001,0,0.14,7241143,258755.0,4.2,7242403,262101.00000000003,0.0,464.24000000000234,0.012815211300264792,0,1,1001
1002,0,0.15,7248042,267219.0,4.5,7249302,265189.0,0.0,-309.0,-0.007709032666090361,0,1,1002
1003,0,0.16,7254942,265576.0,4.8,7256202,265149.0,0.0,-73.1199999999997,-0.0017207880230141208,0,1,1003
1004,0,0.17,7265914,266199.0,5.1000000000000005,7267174,267461.0,0.0,209.44000000000088,0.004628116559416095,0,1,1004
1005,0,0.18,7275573,273447.0,5.3999999999999995,7276833,274239.0,0.0,137.15999999999767,0.0027866460410974963,0,1,1005
1006,0,0.12,7296273,256673.99999999997,3.5999999999999996,7297533,256209.0,0.0,-59.399999999995636,-0.00192851632810477,0,1,1006
1007,0,0.17,7303173,266901.0,5.1000000000000005,7304433,270570.0,0.0,618.6299999999959,0.013634268886216145,0,1,1007
1008,0,0.19,7309921,263861.0,5.7,7315185,264988.0,0.0,208.4299999999974,0.004157492012840041,0,1,1008
1009,0,0.14,7323571,268053.0,4.2,7324831,264780.0,0.0,-462.42000000000115,-0.012322190014661309,0,1,1009
1010,0,0.14,7330471,259335.99999999997,4.2,7331731,262261.0,0.0,405.3,0.011163124286639726,0,1,1010
1011,0,0.23,7335789,263235.0,6.9,7337049,261526.00000000003,0.0,-399.9699999999924,-0.006606264364541064,0,1,1011
1012,0,0.2,7348208,266986.0,6.0,7349468,269049.0,0.0,406.59999999999854,0.007614631478804104,0,1,1012
1013,0,0.19,7355104,271436.0,5.7,7356364,270070.0,0.0,-265.24000000000086,-0.005143017138478332,0,1,1013
1014,0,0.17,7361848,275438.0,5.1000000000000005,7363108,277088.0,0.0,275.4,0.005881541399516405,0,1,1014
1015,0,0.23,7365988,276257.0,6.9,7367248,275476.0,0.0,-186.5299999999974,-0.0029356722182604916,0,1,1015
1016,0,0.14,7372880,284109.0,4.2,7374140,286236.0,0.0,293.57999999999885,0.007380969979831655,0,1,1016
1017,0,0.11,7379780,289838.0,3.3,7381040,290081.0,0.0,23.429999999999563,0.0007348932852144854,0,1,1017
1018,0,0.17,7386527,293378.0,5.1000000000000005,7387787,293568.0,0.0,27.20000000000291,0.0005453715002488841,0,1,1018
1019,0,0.11,7396187,287582.0,3.3,7397447,285449.0,0.0,-237.93000000000103,-0.007521333045879121,0,1,1019
1020,0,0.12,7400327,291395.0,3.5999999999999996,7401587,292205.0,0.0,93.5999999999971,0.0026767789426722344,0,1,1020
1021,0,0.11,7403086,291006.0,3.3,7404339,290957.0,0.0,-8.689999999999419,-0.0002714720658680395,0,1,1021
1022,0,0.16,7407219,291712.0,4.8,7408479,293110.0,0.0,218.88000000000028,0.0046895568231680625,0,1,1022
1023,0,0.16,7414118,303424.0,4.8,7415378,304772.0,0.0,210.88000000000028,0.004343756591436411,0,1,1023
1024,0,0.15,7423778,305485.0,4.5,7425038,308059.0,0.0,381.59999999999854,0.008327741132952487,0,1,1024
1025,0,0.11,7427918,311115.0,3.3,7429178,312390.0,0.0,136.95,0.004001735692589556,0,1,1025
1026,0,0.07,7434812,298186.0,2.1,7436072,309307.0,0.0,776.3700000000011,0.03719490519340283,0,1,1026
1027,0,0.03,7447227,332714.0,0.8999999999999999,7448487,329370.0,0.0,-101.21999999999971,-0.010140841683848562,0,1,1027
1028,0,0.05,7461008,338099.0,1.5,7462268,337157.0,0.0,-48.599999999998545,-0.0028748975891675836,0,1,1028
1029,0,0.09,7484315,331424.0,2.6999999999999997,7485575,329472.0,0.0,-178.38000000000028,-0.005980254900067597,0,1,1029
1030,0,0.1,7495355,332409.0,3.0,7496615,334652.0,0.0,221.3000000000029,0.006657461139740588,0,1,1030
1031,0,0.08,7498115,338289.0,2.4,7499375,343224.0,0.0,392.40000000000293,0.014499436872023734,0,1,1031
1032,0,0.1,7504864,336550.0,3.0,7506124,336534.0,0.0,-4.599999999998545,-0.00013668102807899406,0,1,1032
1033,0,0.11,7511764,332103.0,3.3,7513024,327049.0,0.0,-559.2400000000023,-0.015308503687109181,0,1,1033
1034,0,0.12,7522563,330139.0,3.5999999999999996,7523823,331555.0,0.0,166.31999999999826,0.00419823165393966,0,1,1034
1035,0,0.12,7529463,332645.0,3.5999999999999996,7530723,334685.0,0.0,241.19999999999564,0.006042477716484431,0,1,1035
1036,0,0.14,7536363,342741.0,4.2,7537623,339003.0,0.0,-527.5199999999998,-0.010993724124047014,0,1,1036
1037,0,0.13,7539123,336850.0,3.9000000000000004,7540383,333735.0,0.0,-408.84999999999707,-0.009336499925782922,0,1,1037
1038,0,0.14,7550163,337930.0,4.2,7551423,337149.0,0.0,-113.53999999999651,-0.002399905305832495,0,1,1038
1039,0,0.13,7559816,333286.0,3.9000000000000004,7561076,333895.0,0.0,75.26999999999825,0.0017372466890298018,0,1,1039
1040,0,0.18,7563956,331655.0,5.3999999999999995,7565216,334855.0,0.0,570.6,0.009558125160181515,0,1,1040
1041,0,0.16,7573614,341645.0,4.8,7574874,345250.0,0.0,571.9999999999957,0.010464078209837618,0,1,1041
1042,0,0.09,7577603,352875.0,2.6999999999999997,7578863,356341.0,0.0,309.2399999999987,0.009737159050655291,0,1,1042
1043,0,0.09,7580363,354045.0,2.6999999999999997,7581623,359450.0,0.0,483.75000000000074,0.015181685943877215,0,1,1043
1044,0,0.1,7594163,363974.0,3.0,7595423,368428.0,0.0,442.40000000000146,0.012154714347728173,0,1,1044
1045,0,0.08,7598303,376504.0,2.4,7599563,372986.0,0.0,-283.83999999999867,-0.009423538660943797,0,1,1045
1046,0,0.04,7628663,411570.0,1.2,7629923,410393.99999999994,0.0,-48.240000000000876,-0.0029302427290619384,0,1,1046
1047,0,0.04,7632803,393314.0,1.2,7634063,394543.0,0.0,47.96000000000167,0.0030484549240556956,0,1,1047
1048,0,0.06,7639703,393432.0,1.7999999999999998,7640963,398426.0,0.0,297.8399999999994,0.012617173997031229,0,1,1048
1049,0,0.08,7669757,420597.99999999994,2.4,7671017,420195.0,0.0,-34.63999999999796,-0.0010294865881434875,0,1,1049
1050,0,0.04,7692984,433864.99999999994,1.2,7694244,431331.00000000006,0.0,-102.55999999999695,-0.00590967236352304,0,1,1050
1051,0,0.06,7708163,460984.0,1.7999999999999998,7709423,458160.00000000006,0.0,-171.23999999999506,-0.006191104246568033,0,1,1051
1052,0,0.01,7728702,470327.00000000006,0.3,7729962,495310.00000000006,0.0,249.52999999999992,0.05305457692201381,0,1,1052
1053,0,0.02,7735595,491988.0,0.6,7736855,503230.0,0.0,224.24000000000015,0.022789173719684235,0,1,1053
1054,0,0.03,7739582,485885.00000000006,0.8999999999999999,7740842,498451.0,0.0,376.07999999999777,0.025800343702727855,0,1,1054
1055,0,0.05,7742342,498751.00000000006,1.5,7743602,509682.0,0.0,545.0499999999993,0.02185659778125755,0,1,1055
1056,0,0.04,7746481,514639.99999999994,1.2,7747741,515189.99999999994,0.0,20.8,0.001010415047411783,0,1,1056
1057,0,0.04,7749241,518438.0,1.2,7750501,526301.0,0.0,313.32000000000045,0.015108846187972353,0,1,1057
1058,0,0.04,7760277,518860.0,1.2,7761537,518297.99999999994,0.0,-23.6800000000032,-0.0011409628801605056,0,1,1058
1059,0,0.05,7767177,499903.0,1.5,7768437,484257.0,0.0,-783.7999999999993,-0.0313580834681928,0,1,1059
1060,0,0.04,7789254,476385.99999999994,1.2,7790514,475964.99999999994,0.0,-18.040000000000145,-0.0009467112803482967,0,1,1060
1061,0,0.05,7793394,483445.0,1.5,7794654,479564.00000000006,0.0,-195.54999999999563,-0.00808985510244167,0,1,1061
1062,0,0.04,7803054,469277.00000000006,1.2,7804314,471610.99999999994,0.0,92.15999999999694,0.00490968021019552,0,1,1062
1063,0,0.06,7807194,459359.0,1.7999999999999998,7808454,454668.0,0.0,-283.25999999999914,-0.0102773647626366,0,1,1063
1064,0,0.04,7816854,468518.0,1.2,7818114,472377.00000000006,0.0,153.1600000000006,0.0081725782147111,0,1,1064
1065,0,0.05,7823754,466177.0000000001,1.5,7825014,454566.0,0.0,-582.0500000000029,-0.024971201925449035,0,1,1065
1066,0,0.05,7827894,448380.0,1.5,7829154,454547.99999999994,0.0,306.8999999999978,0.013689281413087017,0,1,1066
1067,0,0.05,7837401,449060.00000000006,1.5,7838661,454485.99999999994,0.0,269.79999999999563,0.012016211642096628,0,1,1067
1068,0,0.06,7841541,448452.00000000006,1.7999999999999998,7842801,444364.00000000006,0.0,-247.07999999999885,-0.009182699597727249,0,1,1068
1069,0,0.06,7844301,446899.0,1.7999999999999998,7845561,431827.00000000006,0.0,-906.119999999996,-0.033792870424860955,0,1,1069
1070,0,0.04,7848441,423647.0,1.2,7849701,408241.0,0.0,-617.4399999999998,-0.036435995061926546,0,1,1070
1071,0,0.07,7855341,433485.00000000006,2.1,7856601,423552.00000000006,0.0,-697.4100000000013,-0.022983494238555006,0,1,1071
1072,0,0.05,7861880,410390.0,1.5,7863140,398770.0,0.0,-582.5,-0.02838763127756524,0,1,1072
1073,0,0.04,7864520,402559.0,1.2,7865780,407143.0,0.0,182.1600000000006,0.01131262746578766,0,1,1073
1074,0,0.05,7868660,401291.00000000006,1.5,7869920,403836.0,0.0,125.75,0.006267272378398717,0,1,1074
1075,0,0.06,7875319,409745.0,1.7999999999999998,7876579,407966.0,0.0,-108.5400000000016,-0.00441494099989024,0,1,1075
1076,0,0.07,7878079,412047.99999999994,2.1,7879339,410793.99999999994,0.0,-89.87999999999883,-0.0031161418087212738,0,1,1076
1077,0,0.06,7882219,404407.0,1.7999999999999998,7883479,405680.0,0.0,74.58000000000102,0.0030736362130230612,0,1,1077
1078,0,0.06,7884859,397776.0,1.7999999999999998,7886119,401516.0,0.0,222.60000000000144,0.009326857326736717,0,1,1078
1079,0,0.07,7895899,401782.0,2.1,7897159,404436.0,0.0,183.68000000000248,0.006530904819031303,0,1,1079
