id,col,size,entry_idx,entry_price,entry_fees,exit_idx,exit_price,exit_fees,pnl,return,direction,status,parent_id
0,0,0.18,1890,34753.0,5.3999999999999995,2347,34816.0,0.0,5.940000000000146,0.0009495583115126985,0,1,0
1,0,0.13,7820,36413.0,3.9000000000000004,8265,36337.0,0.0,-13.78000000000011,-0.002911048251997936,0,1,1
2,0,0.18,11034,36783.0,5.3999999999999995,11484,36281.0,0.0,-95.75999999999968,-0.01446320311013235,0,1,2
3,0,0.19,14752,36201.0,5.7,15210,35695.0,0.0,-101.84000000000033,-0.014806220822629257,0,1,3
4,0,0.19,21672,34351.0,5.7,22110,34331.0,0.0,-9.500000000000181,-0.0014555617012605442,0,1,4
5,0,0.14,27185,36106.0,4.2,27662,36176.0,0.0,5.600000000000182,0.0011078491109511243,0,1,5
6,0,0.17,29505,35349.0,5.1000000000000005,29962,34810.0,0.0,-96.7300000000001,-0.01609663639706924,0,1,6
7,0,0.15,31027,35056.0,4.5,31603,35060.0,0.0,-3.899999999999636,-0.0007416704701049058,0,1,7
8,0,0.13,34305,35810.0,3.9000000000000004,35041,36132.0,0.0,37.959999999999674,0.008154146886344527,0,1,8
9,0,0.1,35790,36550.0,3.0,36336,36330.0,0.0,-25.0,-0.006839945280437756,0,1,9
10,0,0.11,37584,36123.0,3.3,38265,36560.0,0.0,44.76999999999971,0.011267059768014766,0,1,10
11,0,0.11,38980,36053.0,3.3,39716,36250.0,0.0,18.370000000000072,0.004632069453304875,0,1,11
12,0,0.12,41182,36419.0,3.5999999999999996,41903,37188.0,0.0,88.67999999999975,0.020291606029819543,0,1,12
13,0,0.11,42693,36919.0,3.3,43330,37490.0,0.0,59.50999999999949,0.014653701346190184,0,1,13
14,0,0.1,44637,37150.0,3.0,45364,37305.0,0.0,12.5,0.0033647375504710633,0,1,14
15,0,0.11,46105,37244.0,3.3,46772,37664.0,0.0,42.89999999999982,0.01047148533992048,0,1,15
16,0,0.11,48301,38220.0,3.3,49036,37971.0,0.0,-30.68999999999942,-0.00729984301412859,0,1,16
17,0,0.12,49779,37918.0,3.5999999999999996,50448,37442.0,0.0,-60.71999999999989,-0.01334458568489897,0,1,17
18,0,0.12,51942,37254.0,3.5999999999999996,52618,37617.0,0.0,39.9600000000004,0.008938637461749164,0,1,18
19,0,0.13,53225,37606.0,3.9000000000000004,53848,38112.0,0.0,61.880000000000656,0.012657554645535422,0,1,19
20,0,0.1,57057,38411.0,3.0,57812,38020.0,0.0,-42.100000000000364,-0.01096040196818629,0,1,20
21,0,0.11,59426,38489.0,3.3,60103,38430.0,0.0,-9.789999999999782,-0.0023123489828262107,0,1,21
22,0,0.14,60911,38213.0,4.2,61679,36885.0,0.0,-190.12000000000006,-0.03553764425718997,0,1,22
23,0,0.1,64274,36838.0,3.0,64937,37293.0,0.0,42.5,0.011536999837124707,0,1,23
24,0,0.12,67897,37108.0,3.5999999999999996,68568,37120.0,0.0,-2.1600000000004,-0.00048507060472144364,0,1,24
25,0,0.11,70000,38028.99999999999,3.3,70716,38561.0,0.0,55.22000000000044,0.013200452286413106,0,1,25
26,0,0.13,71504,38364.0,3.9000000000000004,72138,38827.0,0.0,56.2899999999996,0.011286622875612473,0,1,26
27,0,0.09,74982,38309.0,2.6999999999999997,75697,38338.0,0.0,-0.0899999999998724,-2.6103526586404822e-05,0,1,27
28,0,0.11,77026,37876.0,3.3,77741,38023.0,0.0,12.870000000000072,0.0030890273524131553,0,1,28
29,0,0.12,78498,37936.0,3.5999999999999996,79118,38240.0,0.0,32.88000000000047,0.0072226908477436725,0,1,29
30,0,0.12,80566,38731.0,3.5999999999999996,81297,39319.0,0.0,66.9599999999995,0.014407064108853264,0,1,30
31,0,0.1,82061,39410.0,3.0,82797,39710.0,0.0,27.0,0.006851053032225323,0,1,31
32,0,0.09,84406,39690.0,2.6999999999999997,85092,39430.0,0.0,-26.10000000000009,-0.007306626354245427,0,1,32
33,0,0.11,85778,39374.0,3.3,86462,39534.0,0.0,14.299999999999454,0.0033016711535529797,0,1,33
34,0,0.13,87842,39068.0,3.9000000000000004,88483,39592.0,0.0,64.21999999999989,0.01264461963755501,0,1,34
35,0,0.11,90737,40242.0,3.3,91418,40404.0,0.0,14.519999999999708,0.0032801550618755866,0,1,35
36,0,0.1,92175,40160.0,3.0,92823,40590.0,0.0,40.0,0.0099601593625498,0,1,36
37,0,0.12,94280,40695.0,3.5999999999999996,94979,40462.0,0.0,-31.560000000000038,-0.006462710406683876,0,1,37
38,0,0.12,99502,41070.0,3.5999999999999996,100158,40890.0,0.0,-25.199999999999456,-0.005113221329437436,0,1,38
39,0,0.14,103559,41567.0,4.2,104050,41497.0,0.0,-13.999999999999272,-0.0024057545649191618,0,1,39
40,0,0.08,105942,42077.0,2.4,106733,41960.0,0.0,-11.759999999999673,-0.003493595075694463,0,1,40
41,0,0.09,107615,42330.0,2.6999999999999997,108336,42580.0,0.0,19.8,0.005197259626742263,0,1,41
42,0,0.09,111400,40855.0,2.6999999999999997,112126,40609.0,0.0,-24.839999999999872,-0.006755599069881253,0,1,42
43,0,0.11,113275,41200.0,3.3,114007,40993.0,0.0,-26.069999999999528,-0.005752427184465915,0,1,43
44,0,0.1,114705,40940.0,3.0,115387,40740.0,0.0,-23.0,-0.0056179775280898875,0,1,44
45,0,0.12,116910,40918.0,3.5999999999999996,117655,40961.0,0.0,1.5599999999998548,0.0003177085879074928,0,1,45
46,0,0.07,118410,39871.0,2.1,119170,40147.0,0.0,17.220000000000162,0.00616989792079462,0,1,46
47,0,0.12,120479,39897.0,3.5999999999999996,121109,40030.0,0.0,12.360000000000037,0.0025816477429380733,0,1,47
48,0,0.12,121769,39673.0,3.5999999999999996,122519,40239.0,0.0,64.31999999999917,0.013510447911677792,0,1,48
49,0,0.12,127645,41496.0,3.5999999999999996,128368,40936.0,0.0,-70.79999999999981,-0.014218237902448392,0,1,49
50,0,0.1,133348,39490.0,3.0,134193,39531.0,0.0,1.1000000000003638,0.0002785515320335183,0,1,50
51,0,0.11,135877,39275.0,3.3,136817,39270.0,0.0,-3.8500000000001817,-0.0008911521323997874,0,1,51
52,0,0.11,140240,40205.0,3.3,141110,39947.0,0.0,-31.68000000000011,-0.007163288148240294,0,1,52
53,0,0.1,142046,40158.0,3.0,142866,39454.0,0.0,-73.40000000000009,-0.018277802679416328,0,1,53
54,0,0.13,144601,40169.0,3.9000000000000004,145465,40656.0,0.0,59.40999999999949,0.011376932460354903,0,1,54
55,0,0.12,146320,41045.0,3.5999999999999996,147019,41190.0,0.0,13.800000000000546,0.0028018028992570243,0,1,55
56,0,0.11,152932,42046.0,3.3,153843,42571.0,0.0,54.45,0.011772820244494124,0,1,56
57,0,0.09,154793,42523.0,2.6999999999999997,155472,42054.0,0.0,-44.91000000000004,-0.011734825858946933,0,1,57
58,0,0.09,159835,40598.0,2.6999999999999997,160672,39930.0,0.0,-62.819999999999894,-0.017192965170698037,0,1,58
59,0,0.1,164162,39340.0,3.0,165024,38944.0,0.0,-42.59999999999991,-0.010828673106253154,0,1,59
60,0,0.12,168426,39811.0,3.5999999999999996,169268,38430.0,0.0,-169.32000000000025,-0.035442465650197236,0,1,60
61,0,0.07,170191,38726.0,2.1,170942,38608.0,0.0,-10.359999999999763,-0.0038217218406237825,0,1,61
62,0,0.11,172500,39205.0,3.3,173299,39261.0,0.0,2.8599999999998547,0.0006631807167452793,0,1,62
63,0,0.11,176915,37770.0,3.3,177784,37717.0,0.0,-9.129999999999928,-0.002197511252316636,0,1,63
64,0,0.11,178642,37413.0,3.3,179398,37636.0,0.0,21.229999999999745,0.005158634699168676,0,1,64
65,0,0.11,181218,37509.0,3.3,182072,38172.0,0.0,69.6300000000003,0.01687594977205478,0,1,65
66,0,0.14,185240,38766.0,4.2,185912,38769.0,0.0,-3.7799999999999274,-0.0006964866119795563,0,1,66
67,0,0.13,186783,39421.0,3.9000000000000004,187523,39302.0,0.0,-19.370000000000253,-0.00377971132137698,0,1,67
68,0,0.12,188868,39370.0,3.5999999999999996,189726,39102.0,0.0,-35.759999999999856,-0.007569215138430247,0,1,68
69,0,0.13,192935,39057.0,3.9000000000000004,193742,38390.0,0.0,-90.61000000000004,-0.017845712676344837,0,1,69
70,0,0.11,196712,38869.0,3.3,197488,38436.0,0.0,-50.930000000000106,-0.011911806323805629,0,1,70
71,0,0.11,198282,38826.0,3.3,199121,39411.0,0.0,61.05000000000037,0.01429454489259783,0,1,71
72,0,0.11,202430,40071.0,3.3,203295,40066.0,0.0,-3.8500000000001817,-0.000873449626912272,0,1,72
73,0,0.11,204977,39203.0,3.3,205811,39335.0,0.0,11.220000000000436,0.0026018416957886885,0,1,73
74,0,0.09,208698,39220.0,2.6999999999999997,209565,40206.0,0.0,86.04000000000023,0.024375318714941425,0,1,74
75,0,0.11,210482,40690.0,3.3,211363,40698.0,0.0,-2.4199999999998907,-0.0005406733841238389,0,1,75
76,0,0.12,213279,40111.0,3.5999999999999996,214146,40474.0,0.0,39.9600000000004,0.008301962055296635,0,1,76
77,0,0.13,215016,40363.0,3.9000000000000004,215700,40605.0,0.0,27.560000000000038,0.005252335059336527,0,1,77
78,0,0.1,217336,39941.0,3.0,218201,39628.0,0.0,-34.30000000000018,-0.008587666808542645,0,1,78
79,0,0.1,219131,39349.0,3.0,219981,38910.0,0.0,-46.90000000000009,-0.011918981422653711,0,1,79
80,0,0.12,221687,38697.0,3.5999999999999996,222509,38768.0,0.0,4.920000000000437,0.001059513657389556,0,1,80
81,0,0.12,223406,38700.0,3.5999999999999996,224106,39052.0,0.0,38.63999999999978,0.008320413436692459,0,1,81
82,0,0.12,225880,39271.0,3.5999999999999996,226743,39120.0,0.0,-21.719999999999892,-0.004608999006900744,0,1,82
83,0,0.13,229862,39707.0,3.9000000000000004,230579,39409.0,0.0,-42.63999999999978,-0.008260508222731467,0,1,83
84,0,0.11,233757,40500.0,3.3,234587,40415.0,0.0,-12.650000000000365,-0.002839506172839588,0,1,84
85,0,0.12,237944,40275.0,3.5999999999999996,238724,40566.0,0.0,31.32000000000007,0.006480446927374316,0,1,85
86,0,0.1,239588,40653.0,3.0,240359,40148.0,0.0,-53.5,-0.013160160381767642,0,1,86
87,0,0.12,242028,40882.0,3.5999999999999996,242850,40790.0,0.0,-14.639999999999963,-0.0029841984247345943,0,1,87
88,0,0.13,243667,40530.0,3.9000000000000004,244421,39984.0,0.0,-74.88000000000048,-0.014211695040710674,0,1,88
89,0,0.11,246081,39727.0,3.3,247008,39818.0,0.0,6.7100000000002185,0.0015354796486017565,0,1,89
90,0,0.11,250687,40464.0,3.3,251500,40447.0,0.0,-5.169999999999891,-0.0011615262949782278,0,1,90
91,0,0.13,252356,40366.0,3.9000000000000004,253154,40480.0,0.0,10.920000000000618,0.0020809592231086746,0,1,91
92,0,0.11,254551,40928.99999999999,3.3,255460,40666.0,0.0,-32.22999999999938,-0.007158738302914666,0,1,92
93,0,0.11,256371,40958.0,3.3,257140,40752.0,0.0,-25.959999999999855,-0.005762000097660987,0,1,93
94,0,0.13,258764,41158.0,3.9000000000000004,259527,41224.0,0.0,4.679999999999927,0.0008746780698770455,0,1,94
95,0,0.11,260475,41796.0,3.3,261228,41832.0,0.0,0.6600000000000366,0.00014355440712030654,0,1,95
96,0,0.12,262943,41781.00000000001,3.5999999999999996,263804,41715.0,0.0,-11.520000000000072,-0.0022976951245781718,0,1,96
97,0,0.11,267250,41414.0,3.3,268204,41481.0,0.0,4.069999999999891,0.0008934176848408511,0,1,97
98,0,0.12,271712,41976.0,3.5999999999999996,272490,42357.0,0.0,42.12000000000025,0.008361921097770205,0,1,98
99,0,0.12,273436,42316.0,3.5999999999999996,274212,42322.0,0.0,-2.8800000000006545,-0.000567161357406311,0,1,99
100,0,0.11,276093,42639.0,3.3,276900,42304.0,0.0,-40.15000000000036,-0.008560238279509446,0,1,100
101,0,0.09,277910,42425.0,2.6999999999999997,278749,42742.0,0.0,25.829999999999746,0.006764879198585673,0,1,101
102,0,0.09,280517,42022.0,2.6999999999999997,281490,42607.0,0.0,49.94999999999963,0.01320736756936833,0,1,102
103,0,0.12,285269,43449.0,3.5999999999999996,286020,43334.0,0.0,-17.400000000000183,-0.0033372459665355135,0,1,103
104,0,0.12,289051,43854.0,3.5999999999999996,289899,44386.0,0.0,60.240000000000144,0.011447074383180583,0,1,104
105,0,0.1,290641,44224.0,3.0,291521,44616.0,0.0,36.19999999999982,0.008185600578871159,0,1,105
106,0,0.13,293303,44680.0,3.9000000000000004,294117,44885.0,0.0,22.749999999999638,0.003916741271262247,0,1,106
107,0,0.1,297314,45009.0,3.0,298214,45294.0,0.0,25.5,0.005665533559954675,0,1,107
108,0,0.09,299280,44807.0,2.6999999999999997,300061,45547.0,0.0,63.899999999999906,0.01584573838909097,0,1,108
109,0,0.08,304103,43686.0,2.4,305071,43317.0,0.0,-31.91999999999998,-0.009133360802087619,0,1,109
110,0,0.12,306871,43483.0,3.5999999999999996,307687,43935.0,0.0,50.63999999999978,0.009704942161304375,0,1,110
111,0,0.1,308567,43669.0,3.0,309332,44061.0,0.0,36.19999999999982,0.008289633378369052,0,1,111
112,0,0.14,312117,44106.0,4.2,312491,44184.0,0.0,6.720000000000073,0.0010882873078492839,0,1,112
113,0,0.15,313677,44318.0,4.5,314375,43528.0,0.0,-123.0,-0.018502640010830813,0,1,113
114,0,0.12,315160,43679.0,3.5999999999999996,315517,43744.0,0.0,4.200000000000182,0.0008013003960713734,0,1,114
115,0,0.09,317454,42562.0,2.6999999999999997,318419,42545.0,0.0,-4.230000000000199,-0.001104271415816978,0,1,115
116,0,0.11,319295,42097.0,3.3,320179,41776.0,0.0,-38.6100000000004,-0.008337886310188461,0,1,116
117,0,0.12,327416,42205.0,3.5999999999999996,328205,42652.0,0.0,50.040000000000326,0.009880345930577012,0,1,117
118,0,0.12,329837,42134.0,3.5999999999999996,330708,42564.0,0.0,47.99999999999945,0.009493520672141155,0,1,118
119,0,0.12,335996,41686.0,3.5999999999999996,336841,41401.0,0.0,-37.79999999999982,-0.007556493786882851,0,1,119
120,0,0.12,338666,41160.0,3.5999999999999996,339391,41213.0,0.0,2.759999999999673,0.0005587949465499824,0,1,120
121,0,0.11,340172,41717.0,3.3,340950,42027.0,0.0,30.800000000000363,0.006711892034422497,0,1,121
122,0,0.12,342966,42464.0,3.5999999999999996,343815,42458.0,0.0,-4.319999999999345,-0.0008477769404670908,0,1,122
123,0,0.12,344777,42632.0,3.5999999999999996,345608,42578.0,0.0,-10.080000000000473,-0.00197035091011456,0,1,123
124,0,0.11,347344,43358.0,3.3,348240,43361.0,0.0,-2.9700000000000726,-0.0006227224502975381,0,1,124
125,0,0.11,349248,43299.0,3.3,350110,43438.0,0.0,11.989999999999963,0.0025173791542529773,0,1,125
126,0,0.12,353865,42897.0,3.5999999999999996,354707,43289.0,0.0,43.43999999999996,0.008438818565400838,0,1,126
127,0,0.12,356462,43962.0,3.5999999999999996,357372,43977.0,0.0,-1.7999999999998177,-0.00034120376688955196,0,1,127
128,0,0.12,361126,43967.0,3.5999999999999996,361956,44278.0,0.0,33.71999999999971,0.0063911570041166686,0,1,128
129,0,0.12,362891,43799.0,3.5999999999999996,363774,43853.0,0.0,2.879999999999564,0.0005479577159295044,0,1,129
130,0,0.11,365710,42625.0,3.3,366737,42397.0,0.0,-28.379999999999928,-0.006052785923753651,0,1,130
131,0,0.14,371430,42731.0,4.2,372269,42545.0,0.0,-30.239999999999963,-0.005054878191476908,0,1,131
132,0,0.13,374255,42425.0,3.9000000000000004,375131,42601.0,0.0,18.98000000000011,0.0034413671184443336,0,1,132
133,0,0.13,376092,42506.0,3.9000000000000004,376938,42599.0,0.0,8.190000000000145,0.001482143697360399,0,1,133
134,0,0.13,378747,42757.0,3.9000000000000004,379655,42842.0,0.0,7.1500000000001815,0.0012863390789812522,0,1,134
135,0,0.12,380644,42248.0,3.5999999999999996,381604,42411.0,0.0,15.959999999999491,0.0031480780155272617,0,1,135
136,0,0.12,383463,43274.0,3.5999999999999996,384412,43391.0,0.0,10.439999999999964,0.0020104450709432847,0,1,136
137,0,0.12,385379,43181.00000000001,3.5999999999999996,386044,43375.0,0.0,19.679999999999744,0.0037979666983163395,0,1,137
138,0,0.13,387716,43620.0,3.9000000000000004,388566,43224.0,0.0,-55.38000000000047,-0.009766162310866657,0,1,138
139,0,0.12,389547,43082.0,3.5999999999999996,390430,43335.0,0.0,26.75999999999967,0.005176175665010846,0,1,139
140,0,0.12,392295,42635.0,3.5999999999999996,393135,42872.0,0.0,24.8399999999996,0.004855165943473593,0,1,140
141,0,0.11,398503,42121.0,3.3,399472,41953.0,0.0,-21.780000000000474,-0.004700743097267498,0,1,141
142,0,0.14,401277,41839.0,4.2,402159,42099.0,0.0,32.19999999999963,0.005497263318912912,0,1,142
143,0,0.14,403161,41963.0,4.2,404046,41700.0,0.0,-41.01999999999971,-0.006982341586635796,0,1,143
144,0,0.15,406170,41736.0,4.5,407156,41839.0,0.0,10.949999999999818,0.001749089515046933,0,1,144
145,0,0.14,408314,41644.0,4.2,409180,41951.0,0.0,38.77999999999956,0.006651618480453291,0,1,145
146,0,0.11,411280,41631.0,3.3,412314,41464.0,0.0,-21.66999999999989,-0.004732050635343831,0,1,146
147,0,0.11,413568,42139.0,3.3,414628,42218.0,0.0,5.3900000000005095,0.0011628182918437702,0,1,147
148,0,0.13,416961,42375.0,3.9000000000000004,417892,42345.0,0.0,-7.799999999999637,-0.0014159292035397571,0,1,148
149,0,0.13,419029,42269.0,3.9000000000000004,419907,42650.0,0.0,45.62999999999975,0.008303957983392037,0,1,149
150,0,0.12,424487,43486.0,3.5999999999999996,425550,43697.0,0.0,21.719999999999708,0.004162259117876962,0,1,150
151,0,0.13,427784,43807.0,3.9000000000000004,428782,43789.0,0.0,-6.239999999999236,-0.001095715296641955,0,1,151
152,0,0.12,429900,44045.0,3.5999999999999996,430977,43916.0,0.0,-19.079999999999565,-0.003609944375070868,0,1,152
153,0,0.13,433172,43549.0,3.9000000000000004,434165,43631.0,0.0,6.759999999999854,0.0011940572688235983,0,1,153
154,0,0.12,435364,43413.0,3.5999999999999996,436290,42670.0,0.0,-92.75999999999985,-0.017805726395319348,0,1,154
155,0,0.12,438497,42238.0,3.5999999999999996,439491,42265.0,0.0,-0.35999999999930843,-7.102609025034891e-05,0,1,155
156,0,0.11,440657,42407.00000000001,3.3,441676,42287.0,0.0,-16.50000000000073,-0.003537151885302111,0,1,156
157,0,0.13,444192,42563.0,3.9000000000000004,445255,42357.0,0.0,-30.680000000000653,-0.005544721941592581,0,1,157
158,0,0.11,446557,41815.0,3.3,447617,42052.0,0.0,22.770000000000618,0.004950376659093762,0,1,158
159,0,0.12,452111,42468.0,3.5999999999999996,453165,42441.0,0.0,-6.839999999999781,-0.0013421870584910563,0,1,159
160,0,0.13,455564,42270.0,3.9000000000000004,456630,42469.0,0.0,21.969999999999892,0.003998107404778783,0,1,160
161,0,0.12,457923,42736.0,3.5999999999999996,458980,42851.0,0.0,10.200000000000182,0.0019889554473980138,0,1,161
162,0,0.13,461193,43116.0,3.9000000000000004,462206,43596.0,0.0,58.50000000000055,0.010436960757027651,0,1,162
163,0,0.12,463516,43633.0,3.5999999999999996,464575,43660.0,0.0,-0.3600000000002179,-6.87552998877413e-05,0,1,163
164,0,0.14,467043,43457.0,4.2,468142,43687.0,0.0,27.99999999999982,0.004602250500494712,0,1,164
165,0,0.09,469572,44590.0,2.6999999999999997,470733,44576.0,0.0,-3.960000000000218,-0.0009867683337071635,0,1,165
166,0,0.12,473207,44542.0,3.5999999999999996,474351,43916.0,0.0,-78.71999999999989,-0.014727672758295519,0,1,166
167,0,0.1,475736,43848.0,3.0,476874,43623.0,0.0,-25.5,-0.005815544608648057,0,1,167
168,0,0.13,479242,43869.0,3.9000000000000004,480307,43633.0,0.0,-34.58000000000029,-0.0060635072602521645,0,1,168
169,0,0.11,485297,43063.0,3.3,486396,43415.0,0.0,35.41999999999935,0.007477416807932426,0,1,169
170,0,0.09,487629,44155.0,2.6999999999999997,488674,44249.0,0.0,5.760000000000037,0.0014494394745782,0,1,170
171,0,0.11,491052,44392.0,3.3,492184,44410.0,0.0,-1.3199999999995269,-0.00027031897639204585,0,1,171
172,0,0.1,493460,44670.0,3.0,494594,44889.0,0.0,18.900000000000546,0.004231027535258685,0,1,172
173,0,0.11,497117,44580.0,3.3,498227,45007.0,0.0,43.67000000000026,0.008905338716913467,0,1,173
174,0,0.1,499645,45484.0,3.0,500815,45882.0,0.0,36.79999999999927,0.008090757189341146,0,1,174
175,0,0.09,503543,46413.0,2.6999999999999997,504763,47112.0,0.0,60.20999999999985,0.014414065024885233,0,1,175
176,0,0.07,506279,46444.0,2.1,507416,46299.0,0.0,-12.25000000000009,-0.0037679786409439598,0,1,176
177,0,0.08,510031,46262.0,2.4,511204,46882.0,0.0,47.19999999999991,0.01275344775409621,0,1,177
178,0,0.09,512634,47138.0,2.6999999999999997,513818,46867.0,0.0,-27.090000000000327,-0.006385506385506463,0,1,178
179,0,0.1,516363,46550.0,3.0,517491,46435.0,0.0,-14.5,-0.0031149301825993555,0,1,179
180,0,0.09,518904,47236.0,2.6999999999999997,520050,47496.0,0.0,20.699999999999637,0.0048691675840459815,0,1,180
181,0,0.1,522584,47521.99999999999,3.0,523743,46964.0,0.0,-58.79999999999927,-0.01237321661546216,0,1,181
182,0,0.12,528908,47098.0,3.5999999999999996,530092,46423.0,0.0,-84.6,-0.014968788483587412,0,1,182
183,0,0.11,535145,47198.0,3.3,536311,47016.0,0.0,-23.319999999999528,-0.004491715750667311,0,1,183
184,0,0.12,537684,47344.0,3.5999999999999996,538808,47263.0,0.0,-13.320000000000254,-0.002344542075025391,0,1,184
185,0,0.09,541379,45905.0,2.6999999999999997,542529,46164.0,0.0,20.6100000000004,0.004988563337327186,0,1,185
186,0,0.09,543825,46002.00000000001,2.6999999999999997,544931,45589.0,0.0,-39.870000000000076,-0.009630016086257137,0,1,186
187,0,0.11,547411,45991.0,3.3,548528,46628.0,0.0,66.76999999999971,0.013198234437172433,0,1,187
188,0,0.1,549890,46560.0,3.0,551008,46887.0,0.0,29.699999999999818,0.006378865979381404,0,1,188
189,0,0.12,553559,46855.99999999999,3.5999999999999996,554376,47805.0,0.0,110.28000000000011,0.019613283250811017,0,1,189
190,0,0.09,555838,48470.00000000001,2.6999999999999997,557022,48487.0,0.0,-1.1700000000002544,-0.00026820713843620436,0,1,190
191,0,0.08,559753,49205.0,2.4,560913,49245.0,0.0,0.7999999999998182,0.0002032313789248598,0,1,191
192,0,0.08,565527,49842.0,2.4,566703,49272.0,0.0,-47.99999999999991,-0.012038040207054268,0,1,192
193,0,0.08,568110,50493.0,2.4,569299,50377.0,0.0,-11.679999999999746,-0.002891489909492342,0,1,193
194,0,0.09,571922,50982.0,2.6999999999999997,573073,51454.0,0.0,39.77999999999956,0.008669726570161922,0,1,194
195,0,0.08,574533,51867.99999999999,2.4,575718,52536.0,0.0,51.04000000000051,0.012300455001156906,0,1,195
196,0,0.05,578446,51403.0,1.5,579652,50464.0,0.0,-48.44999999999982,-0.018851039822578377,0,1,196
197,0,0.06,581124,49759.0,1.7999999999999998,582322,50200.0,0.0,24.660000000000036,0.00825981229526318,0,1,197
198,0,0.07,584962,49050.0,2.1,586163,49462.0,0.0,26.73999999999969,0.0077879714576961365,0,1,198
199,0,0.09,587576,50339.00000000001,2.6999999999999997,588537,50186.0,0.0,-16.470000000000436,-0.003635352311329284,0,1,199
200,0,0.11,590378,50803.99999999999,3.3,591554,51532.00000000001,0.0,76.78000000000084,0.013739075663333747,0,1,200
201,0,0.08,592979,51364.0,2.4,594090,51602.0,0.0,16.639999999999965,0.004049528852893069,0,1,201
202,0,0.06,596021,53396.0,1.7999999999999998,597164,53353.0,0.0,-4.379999999999927,-0.0013671436062626188,0,1,202
203,0,0.06,601608,54177.0,1.7999999999999998,602471,54683.00000000001,0.0,28.56000000000058,0.008786016206139316,0,1,203
204,0,0.06,607028,55462.0,1.7999999999999998,608211,54195.00000000001,0.0,-77.81999999999952,-0.023385380981572827,0,1,204
205,0,0.07,616056,55836.0,2.1,617231,55804.0,0.0,-4.340000000000236,-0.0011103947274160642,0,1,205
206,0,0.06,619884,56836.0,1.7999999999999998,621102,56864.0,0.0,-0.12000000000016353,-3.518896474070529e-05,0,1,206
207,0,0.07,622548,57201.0,2.1,623714,56686.0,0.0,-38.14999999999973,-0.009527805457946471,0,1,207
208,0,0.05,626365,54861.0,1.5,627581,55005.99999999999,0.0,5.749999999999545,0.002096206777127484,0,1,208
209,0,0.06,629055,56679.0,1.7999999999999998,630277,54978.0,0.0,-103.85999999999994,-0.03054041179272745,0,1,209
210,0,0.06,633062,54664.0,1.7999999999999998,634273,53908.00000000001,0.0,-47.159999999999215,-0.014378750182935515,0,1,210
211,0,0.1,639055,55285.0,3.0,640241,55490.0,0.0,17.5,0.0031654155738446233,0,1,211
212,0,0.08,641646,54794.00000000001,2.4,642828,55798.0,0.0,77.9199999999997,0.017775668868854184,0,1,212
213,0,0.08,645458,56122.0,2.4,646612,56224.0,0.0,5.759999999999854,0.0012829193542638925,0,1,213
214,0,0.08,647981,56861.0,2.4,649176,56452.0,0.0,-35.12000000000025,-0.007720581769578501,0,1,214
215,0,0.07,651851,55208.00000000001,2.1,653053,54080.99999999999,0.0,-80.99000000000078,-0.02095710766555591,0,1,215
216,0,0.08,658278,55069.00000000001,2.4,659441,55321.0,0.0,17.759999999999856,0.004031306179520205,0,1,216
217,0,0.06,660861,55421.0,1.7999999999999998,661957,55339.0,0.0,-6.720000000000073,-0.00202089460673754,0,1,217
218,0,0.07,664451,55172.0,2.1,665612,54941.0,0.0,-18.270000000000074,-0.004730660479953619,0,1,218
219,0,0.08,666945,54949.0,2.4,668033,55912.0,0.0,74.63999999999996,0.016979380880452772,0,1,219
220,0,0.08,670727,56384.0,2.4,671925,57246.0,0.0,66.56000000000003,0.014755959137343934,0,1,220
221,0,0.06,673446,58744.00000000001,1.7999999999999998,674643,58280.99999999999,0.0,-29.58000000000111,-0.008392346452403963,0,1,221
222,0,0.08,677294,58511.0,2.4,678479,58854.0,0.0,25.0399999999996,0.005349421476303516,0,1,222
223,0,0.08,679904,59450.0,2.4,681019,58844.00000000001,0.0,-50.87999999999956,-0.010698065601345577,0,1,223
224,0,0.06,683808,59337.0,1.7999999999999998,685028,59679.0,0.0,18.71999999999998,0.005258102027402796,0,1,224
225,0,0.06,689654,62157.0,1.7999999999999998,690827,64123.0,0.0,116.15999999999958,0.031146934375854578,0,1,225
226,0,0.03,692367,61212.0,0.8999999999999999,693482,63433.00000000001,0.0,65.73000000000033,0.03579363523492144,0,1,226
227,0,0.04,698597,63310.0,1.2,699743,65332.00000000001,0.0,79.6800000000001,0.03146422366134896,0,1,227
228,0,0.04,705201,67894.0,1.2,706422,68255.0,0.0,13.240000000000055,0.004875246708103829,0,1,228
229,0,0.05,709215,70002.0,1.5,710453,70698.0,0.0,33.29999999999973,0.009514013885317484,0,1,229
230,0,0.04,711910,71234.0,1.2,713084,71427.0,0.0,6.5199999999998,0.00228823314709261,0,1,230
231,0,0.04,722501,66497.0,1.2,723715,64233.00000000001,0.0,-91.75999999999995,-0.0344977968930929,0,1,231
232,0,0.04,728517,65214.0,1.2,729654,64319.00000000001,0.0,-36.99999999999973,-0.014184070905020291,0,1,232
233,0,0.04,731128,62845.0,1.2,732358,63762.0,0.0,35.47999999999983,0.014114090221974632,0,1,233
234,0,0.05,737930,61324.0,1.5,739162,60524.0,0.0,-41.5,-0.013534668319092034,0,1,234
235,0,0.03,741600,56396.0,0.8999999999999999,742756,55645.00000000001,0.0,-23.429999999999744,-0.013848499893609326,0,1,235
236,0,0.05,750792,58075.0,1.5,751995,58254.0,0.0,7.450000000000273,0.0025656478691348334,0,1,236
237,0,0.05,754733,57849.0,1.5,755871,57815.0,0.0,-3.200000000000273,-0.0011063285450051937,0,1,237
238,0,0.04,757326,59802.0,1.2,758553,61479.0,0.0,65.87999999999992,0.02754088492023675,0,1,238
239,0,0.06,763279,63255.99999999999,1.7999999999999998,764498,62834.0,0.0,-27.119999999999255,-0.00714556721891975,0,1,239
240,0,0.06,767239,64089.99999999999,1.7999999999999998,768426,65188.0,0.0,64.08000000000011,0.016664066156966795,0,1,240
241,0,0.04,769942,66551.0,1.2,771151,66425.0,0.0,-6.239999999999964,-0.0023440669561689397,0,1,241
242,0,0.04,774013,63117.99999999999,1.2,775258,64391.99999999999,0.0,49.76000000000003,0.019709116258436594,0,1,242
243,0,0.04,776723,62912.0,1.2,777968,62092.99999999999,0.0,-33.96000000000022,-0.013495040691760007,0,1,243
244,0,0.05,783244,63335.0,1.5,784374,63373.0,0.0,0.40000000000009095,0.00012631246546146395,0,1,244
245,0,0.05,787159,64616.0,1.5,788394,65014.0,0.0,18.40000000000009,0.005695183855391881,0,1,245
246,0,0.05,789842,64520.00000000001,1.5,791051,64609.0,0.0,2.949999999999818,0.000914445133291946,0,1,246
247,0,0.06,793688,64075.0,1.7999999999999998,794906,64995.00000000001,0.0,53.400000000000276,0.013889972688256022,0,1,247
248,0,0.05,796329,63664.0,1.5,797544,63095.00000000001,0.0,-29.949999999999818,-0.009408771048001953,0,1,248
249,0,0.06,800255,62405.99999999999,1.7999999999999998,801479,62850.0,0.0,24.84000000000078,0.006633977502163464,0,1,249
250,0,0.06,802951,61417.99999999999,1.7999999999999998,804174,61397.0,0.0,-3.0599999999997634,-0.0008303754599628132,0,1,250
251,0,0.07,806947,62391.00000000001,2.1,808156,62157.00000000001,0.0,-18.48000000000011,-0.004231379525893182,0,1,251
252,0,0.06,809610,61820.00000000001,1.7999999999999998,810803,62188.0,0.0,20.279999999999472,0.005467486250404257,0,1,252
253,0,0.06,813538,61428.0,1.7999999999999998,814744,61777.0,0.0,19.140000000000054,0.005193071563456419,0,1,253
254,0,0.07,816187,62571.99999999999,2.1,817389,62521.0,0.0,-5.669999999999709,-0.0012945087259476418,0,1,254
255,0,0.06,819790,63876.0,1.7999999999999998,821029,63208.00000000001,0.0,-41.87999999999947,-0.010927421879892154,0,1,255
256,0,0.05,822510,61739.0,1.5,823746,60991.0,0.0,-38.90000000000009,-0.012601435073454409,0,1,256
257,0,0.05,829294,57504.0,1.5,830455,57782.00000000001,0.0,12.400000000000091,0.004312743461324461,0,1,257
258,0,0.06,832837,57301.0,1.7999999999999998,834071,57612.0,0.0,16.859999999999854,0.0049039283782132525,0,1,258
259,0,0.07,841889,60057.00000000001,2.1,843133,59766.99999999999,0.0,-22.400000000001093,-0.005328271475431932,0,1,259
260,0,0.05,845913,57480.0,1.5,847145,56635.0,0.0,-43.75,-0.015222686151704941,0,1,260
261,0,0.06,848620,57263.0,1.7999999999999998,849764,57282.00000000001,0.0,-0.6599999999992177,-0.00019209611791186213,0,1,261
262,0,0.07,854681,57855.99999999999,2.1,855884,58920.00000000001,0.0,72.38000000000048,0.01787195796460189,0,1,262
263,0,0.07,858725,58858.000000000015,2.1,859907,58866.99999999999,0.0,-1.47000000000171,-0.00035679092052098984,0,1,263
264,0,0.06,861035,59895.00000000001,1.7999999999999998,862266,59117.99999999999,0.0,-48.4200000000008,-0.013473578762835182,0,1,264
265,0,0.06,865056,58461.0,1.7999999999999998,866241,59103.0,0.0,36.719999999999985,0.01046851747318725,0,1,265
266,0,0.07,867709,59632.00000000001,2.1,868903,59791.0,0.0,9.03000000000011,0.002163268044003246,0,1,266
267,0,0.07,871629,60571.0,2.1,872861,61760.0,0.0,81.13000000000048,0.019134569348368144,0,1,267
268,0,0.07,878396,62386.0,2.1,879597,61500.0,0.0,-64.12000000000043,-0.014682781393261405,0,1,268
269,0,0.05,881084,63417.99999999999,1.5,882326,62740.0,0.0,-35.399999999999636,-0.011164022832634155,0,1,269
270,0,0.06,885159,62127.0,1.7999999999999998,886391,62164.0,0.0,0.4199999999998001,0.00011267242905655622,0,1,270
271,0,0.06,887850,61780.99999999999,1.7999999999999998,889066,62074.0,0.0,15.780000000000836,0.004256972208284327,0,1,271
272,0,0.07,891857,62777.0,2.1,893036,62903.0,0.0,6.719999999999709,0.0015292224859422374,0,1,272
273,0,0.07,897976,63907.00000000001,2.1,899158,63560.0,0.0,-26.389999999999965,-0.005899197271034463,0,1,273
274,0,0.08,900436,64689.0,2.4,901660,64504.99999999999,0.0,-17.120000000000253,-0.003308135849990001,0,1,274
275,0,0.06,904478,63967.99999999999,1.7999999999999998,905725,63079.0,0.0,-55.13999999999969,-0.01436655827913949,0,1,275
276,0,0.07,907247,63224.0,2.1,908461,62411.0,0.0,-59.009999999999856,-0.01333354422371248,0,1,276
277,0,0.08,913957,62846.0,2.4,915142,61458.00000000001,0.0,-113.43999999999997,-0.02256309072972026,0,1,277
278,0,0.07,917944,62166.00000000001,2.1,919150,62016.99999999999,0.0,-12.5300000000012,-0.002879387446514447,0,1,278
279,0,0.08,920573,61815.0,2.4,921726,62004.99999999999,0.0,12.799999999999818,0.002588368518967851,0,1,279
280,0,0.09,923512,62413.0,2.6999999999999997,924717,62702.0,0.0,23.30999999999931,0.004149776488872388,0,1,280
281,0,0.08,926075,63345.0,2.4,927225,63601.0,0.0,18.079999999999565,0.0035677638329780497,0,1,281
282,0,0.12,929194,63903.0,3.5999999999999996,930369,62665.0,0.0,-152.1600000000004,-0.01984257390106886,0,1,282
283,0,0.07,931861,62227.0,2.1,933093,60614.0,0.0,-115.00999999999985,-0.02640332974432317,0,1,283
284,0,0.06,935910,61245.00000000001,1.7999999999999998,937123,60946.0,0.0,-19.74000000000051,-0.005371867091191256,0,1,284
285,0,0.07,938743,61121.99999999999,2.1,940003,62540.0,0.0,97.16000000000022,0.022708680998658474,0,1,285
286,0,0.07,943059,62345.0,2.1,944291,63085.0,0.0,49.70000000000018,0.011388242842248817,0,1,286
287,0,0.06,945769,62735.0,1.7999999999999998,946984,63500.0,0.0,44.100000000000094,0.01171594803538697,0,1,287
288,0,0.06,949791,64583.00000000001,1.7999999999999998,951039,64780.99999999999,0.0,10.079999999998744,0.002601303748664185,0,1,288
289,0,0.06,952527,64530.99999999999,1.7999999999999998,953743,64525.0,0.0,-2.1599999999992177,-0.0005578714106396456,0,1,289
290,0,0.08,956511,64601.0,2.4,957730,65204.99999999999,0.0,45.91999999999971,0.008885311372888909,0,1,290
291,0,0.06,959201,65627.0,1.7999999999999998,960404,64686.0,0.0,-58.26000000000003,-0.014795739558413467,0,1,291
292,0,0.07,963142,65247.00000000001,2.1,964252,65071.0,0.0,-14.420000000000618,-0.00315723328275643,0,1,292
293,0,0.06,965616,65985.0,1.7999999999999998,966665,66614.0,0.0,35.939999999999785,0.009077820716829528,0,1,293
294,0,0.07,969450,66347.0,2.1,970679,66844.0,0.0,32.68999999999996,0.007038750810134586,0,1,294
295,0,0.07,972115,66802.0,2.1,973277,66834.0,0.0,0.13999999999978163,2.993922337649891e-05,0,1,295
296,0,0.06,975849,65927.0,1.7999999999999998,977079,67754.0,0.0,107.8199999999999,0.027257421086959794,0,1,296
297,0,0.03,982626,66485.0,0.8999999999999999,983877,66970.0,0.0,13.649999999999954,0.006843648943370662,0,1,297
298,0,0.06,996331,64313.0,1.7999999999999998,997552,64376.0,0.0,1.9800000000002003,0.0005131155442912528,0,1,298
299,0,0.07,1003019,65779.0,2.1,1004202,66281.0,0.0,33.03999999999942,0.00717554234634141,0,1,299
300,0,0.05,1009571,66794.0,1.5,1010803,66619.0,0.0,-10.25,-0.0030691379465221423,0,1,300
301,0,0.07,1012253,66089.0,2.1,1013462,66331.0,0.0,14.8399999999996,0.003207795548427034,0,1,301
302,0,0.08,1016152,66400.0,2.4,1017351,67342.0,0.0,72.95999999999967,0.013734939759036082,0,1,302
303,0,0.09,1021984,67693.0,2.6999999999999997,1023222,67679.0,0.0,-3.960000000000218,-0.0006499933523407505,0,1,303
304,0,0.08,1024671,67622.0,2.4,1025901,68422.0,0.0,61.6,0.011386826772352194,0,1,304
305,0,0.09,1028652,68680.0,2.6999999999999997,1029877,68973.0,0.0,23.66999999999989,0.0038293535235876352,0,1,305
306,0,0.07,1031355,68350.0,2.1,1032573,69117.0,0.0,51.5899999999996,0.010782735918068678,0,1,306
307,0,0.09,1035300,68454.0,2.6999999999999997,1036529,68458.0,0.0,-2.340000000000327,-0.00037981710345638876,0,1,307
308,0,0.08,1037949,67422.0,2.4,1039161,68101.0,0.0,51.91999999999971,0.009625938121088019,0,1,308
309,0,0.1,1041897,67322.0,3.0,1043122,67244.0,0.0,-10.800000000000182,-0.001604230415020377,0,1,309
310,0,0.1,1044501,68148.0,3.0,1045672,68790.0,0.0,61.19999999999982,0.008980454305335419,0,1,310
311,0,0.12,1048337,68490.0,3.5999999999999996,1049534,67994.0,0.0,-63.11999999999953,-0.007679953277850725,0,1,311
312,0,0.08,1050992,66563.0,2.4,1052223,67091.0,0.0,39.83999999999978,0.007481633940777869,0,1,312
313,0,0.08,1055000,67204.0,2.4,1056205,66188.0,0.0,-83.67999999999975,-0.01556454972918274,0,1,313
314,0,0.08,1057662,65766.0,2.4,1058851,66096.0,0.0,24.000000000000547,0.004561627588723761,0,1,314
315,0,0.1,1061528,65843.0,3.0,1062728,66065.0,0.0,19.199999999999818,0.0029160275200096923,0,1,315
316,0,0.08,1064126,65370.0,2.4,1065327,65527.0,0.0,10.15999999999949,0.0019427872112588898,0,1,316
317,0,0.08,1067800,65684.0,2.4,1068995,65320.00000000001,0.0,-31.51999999999989,-0.005998416661591842,0,1,317
318,0,0.09,1070397,66129.0,2.6999999999999997,1071576,66983.0,0.0,74.15999999999967,0.012460493883167693,0,1,318
319,0,0.11,1074210,66940.0,3.3,1075381,66945.0,0.0,-2.749999999999818,-0.00037346877801013365,0,1,319
320,0,0.07,1076830,65835.0,2.1,1078014,64865.0,0.0,-70.00000000000054,-0.015189488873699515,0,1,320
321,0,0.08,1080743,64638.0,2.4,1081961,65065.0,0.0,31.759999999999856,0.006141897954763424,0,1,321
322,0,0.07,1083386,65341.00000000001,2.1,1084582,65457.00000000001,0.0,6.019999999999891,0.0013161720818475142,0,1,322
323,0,0.09,1087262,66052.0,2.6999999999999997,1088456,65210.0,0.0,-78.47999999999975,-0.013201719857082258,0,1,323
324,0,0.07,1089850,65157.00000000001,2.1,1091025,65359.0,0.0,12.039999999999418,0.002639777767545953,0,1,324
325,0,0.07,1093734,63997.00000000001,2.1,1094959,64320.00000000001,0.0,20.50999999999967,0.004578339609669129,0,1,325
326,0,0.09,1102488,64835.0,2.6999999999999997,1103655,65512.0,0.0,58.23000000000029,0.009979177913164236,0,1,326
327,0,0.11,1106346,66385.0,3.3,1107532,66065.0,0.0,-38.500000000000725,-0.005272275363410508,0,1,327
328,0,0.11,1108896,66677.0,3.3,1110070,66670.0,0.0,-4.070000000000436,-0.000554913988331868,0,1,328
329,0,0.13,1112685,66427.0,3.9000000000000004,1113867,67240.0,0.0,101.7900000000005,0.011787375615337195,0,1,329
330,0,0.09,1119221,68090.0,2.6999999999999997,1120444,67485.0,0.0,-57.14999999999982,-0.009325892201497989,0,1,330
331,0,0.06,1121895,66285.0,1.7999999999999998,1123129,66077.0,0.0,-14.280000000000019,-0.003590555932714797,0,1,331
332,0,0.09,1125966,66340.0,2.6999999999999997,1127179,66580.0,0.0,18.900000000000365,0.0031655110039192653,0,1,332
333,0,0.09,1128667,66555.0,2.6999999999999997,1129840,67454.0,0.0,78.20999999999985,0.013056870257681593,0,1,333
334,0,0.1,1132624,67107.0,3.0,1133809,67390.0,0.0,25.299999999999272,0.0037700984994112788,0,1,334
335,0,0.07,1135256,66097.0,2.1,1136480,67250.0,0.0,78.60999999999913,0.01699018109747776,0,1,335
336,0,0.09,1139268,66955.0,2.6999999999999997,1140475,66795.0,0.0,-17.099999999999635,-0.002837726831453901,0,1,336
337,0,0.04,1141955,65240.0,1.2,1143146,65714.0,0.0,17.760000000000037,0.006805640711220124,0,1,337
338,0,0.09,1145961,65686.0,2.6999999999999997,1147159,66043.0,0.0,29.43000000000011,0.004978229759766179,0,1,338
339,0,0.1,1148603,65910.0,3.0,1149792,66795.0,0.0,85.5,0.01297223486572599,0,1,339
340,0,0.11,1152554,66182.0,3.3,1153774,66731.0,0.0,57.08999999999942,0.007842011423045461,0,1,340
341,0,0.13,1155223,66446.0,3.9000000000000004,1156425,67238.0,0.0,99.06000000000094,0.011467958944105097,0,1,341
342,0,0.1,1159006,68128.0,3.0,1160226,68197.0,0.0,3.9000000000005457,0.0005724518553312215,0,1,342
343,0,0.07,1161735,69486.0,2.1,1162949,70004.0,0.0,34.16000000000022,0.007022997438332946,0,1,343
344,0,0.09,1165776,71107.0,2.6999999999999997,1167000,71125.0,0.0,-1.0800000000001089,-0.00016875975642343524,0,1,344
345,0,0.09,1168484,70705.0,2.6999999999999997,1169712,70724.0,0.0,-0.9899999999999634,-0.0001555759847252612,0,1,345
346,0,0.06,1172580,72567.0,1.7999999999999998,1173810,72137.0,0.0,-27.599999999999273,-0.006338969504044372,0,1,346
347,0,0.07,1175318,73262.0,2.1,1176549,73043.0,0.0,-17.42999999999993,-0.003398760612595875,0,1,347
348,0,0.06,1179387,73183.0,1.7999999999999998,1180568,72807.0,0.0,-24.35999999999949,-0.005547736496180691,0,1,348
349,0,0.06,1182070,73418.0,1.7999999999999998,1183318,74261.0,0.0,48.77999999999993,0.011073578686425656,0,1,349
350,0,0.06,1186137,73172.0,1.7999999999999998,1187375,72737.0,0.0,-27.899999999999455,-0.0063548898485758345,0,1,350
351,0,0.05,1188879,73592.0,1.5,1190091,74192.0,0.0,28.5,0.00774540710946842,0,1,351
352,0,0.07,1192889,73725.0,2.1,1194127,74060.0,0.0,21.349999999999817,0.004136995591725973,0,1,352
353,0,0.07,1195626,74782.0,2.1,1196864,74936.0,0.0,8.679999999999746,0.0016581530314781145,0,1,353
354,0,0.06,1199760,76105.0,1.7999999999999998,1201006,75409.0,0.0,-43.560000000000215,-0.009539452072794212,0,1,354
355,0,0.1,1209487,76812.0,3.0,1210740,78473.0,0.0,163.09999999999945,0.02123366140707174,0,1,355
356,0,0.06,1216471,78859.0,1.7999999999999998,1217716,80720.0,0.0,109.85999999999986,0.02321865608237484,0,1,356
357,0,0.07,1220669,82416.0,2.1,1221929,83136.0,0.0,48.299999999999635,0.00837216074548625,0,1,357
358,0,0.04,1223507,83495.0,1.2,1224764,83085.0,0.0,-17.60000000000009,-0.005269776633331364,0,1,358
359,0,0.04,1230557,78557.0,1.2,1231813,78583.0,0.0,-0.16000000000003634,-5.091844138652072e-05,0,1,359
360,0,0.05,1234781,80130.0,1.5,1236040,80251.0,0.0,4.550000000000182,0.0011356545613378714,0,1,360
361,0,0.04,1241688,81487.0,1.2,1242947,80529.0,0.0,-39.52000000000017,-0.012124633377103147,0,1,361
362,0,0.06,1248716,80191.0,1.7999999999999998,1249971,79553.0,0.0,-40.08000000000065,-0.008330111857939306,0,1,362
363,0,0.06,1251525,80255.0,1.7999999999999998,1252780,79547.0,0.0,-44.28000000000047,-0.009195688742134544,0,1,363
364,0,0.04,1255722,80040.0,1.2,1256978,81393.0,0.0,52.92000000000034,0.01652923538230895,0,1,364
365,0,0.05,1258528,79899.0,1.5,1259781,79404.0,0.0,-26.25,-0.006570795629482221,0,1,365
366,0,0.06,1262711,80035.0,1.7999999999999998,1263963,80160.0,0.0,5.7,0.001186980695945524,0,1,366
367,0,0.08,1265502,79646.0,2.4,1266738,80974.0,0.0,103.83999999999978,0.016297114732692127,0,1,367
368,0,0.06,1271569,82499.0,1.7999999999999998,1272803,83919.0,0.0,83.39999999999982,0.016848689075019057,0,1,368
369,0,0.04,1277734,86460.0,1.2,1278988,86064.0,0.0,-17.040000000000145,-0.004927133934767564,0,1,369
370,0,0.05,1281950,88226.0,1.5,1283206,87592.0,0.0,-33.19999999999982,-0.007526126085280941,0,1,370
371,0,0.03,1284765,89573.0,0.8999999999999999,1286023,89552.0,0.0,-1.530000000000109,-0.0005693680015183552,0,1,371
372,0,0.03,1288982,89222.0,0.8999999999999999,1290242,87700.0,0.0,-46.55999999999985,-0.017394812938512867,0,1,372
373,0,0.03,1296023,88889.0,0.8999999999999999,1297282,88880.0,0.0,-1.1699999999999817,-0.00043874945156317866,0,1,373
374,0,0.04,1298844,91338.0,1.2,1300087,91339.0,0.0,-1.1600000000000363,-0.00031750202544396535,0,1,374
375,0,0.04,1303047,92333.0,1.2,1304307,93012.0,0.0,25.959999999999855,0.007028906241538738,0,1,375
376,0,0.05,1305878,92392.0,1.5,1307129,90425.0,0.0,-99.85000000000036,-0.021614425491384613,0,1,376
377,0,0.04,1310089,88643.0,1.2,1311339,89999.0,0.0,53.03999999999978,0.01495888000180493,0,1,377
378,0,0.04,1312888,90940.0,1.2,1314141,92024.0,0.0,42.160000000000124,0.0115900593798109,0,1,378
379,0,0.04,1317098,90671.0,1.2,1318354,90473.0,0.0,-9.120000000000072,-0.0025145856999481842,0,1,379
380,0,0.06,1324020,92874.0,1.7999999999999998,1325279,94291.0,0.0,83.22000000000044,0.014934211943062724,0,1,380
381,0,0.05,1326842,94375.0,1.5,1328099,94498.0,0.0,4.650000000000546,0.0009854304635762746,0,1,381
382,0,0.05,1331048,95003.0,1.5,1332300,95890.0,0.0,42.849999999999454,0.00902076776522835,0,1,382
383,0,0.05,1333847,96892.0,1.5,1335102,97292.0,0.0,18.5,0.0038186847211328073,0,1,383
384,0,0.03,1338069,96658.0,0.8999999999999999,1339328,98874.0,0.0,65.58000000000001,0.022615820728755,0,1,384
385,0,0.03,1340889,97725.0,0.8999999999999999,1342146,97234.0,0.0,-15.630000000000019,-0.005331286774111032,0,1,385
386,0,0.04,1345102,97328.0,1.2,1346349,98157.0,0.0,31.96000000000031,0.008209353937202119,0,1,386
387,0,0.05,1347905,99347.0,1.5,1349142,99919.0,0.0,27.100000000000364,0.005455625232770061,0,1,387
388,0,0.03,1352103,98331.0,0.8999999999999999,1353363,94361.0,0.0,-119.99999999999991,-0.04067893136447303,0,1,388
389,0,0.05,1361217,94960.0,1.5,1362467,93013.0,0.0,-98.84999999999945,-0.02081929233361404,0,1,389
390,0,0.03,1365420,88493.0,0.8999999999999999,1366678,90347.0,0.0,54.71999999999989,0.02061179980337424,0,1,390
391,0,0.04,1368231,90447.0,1.2,1369466,91318.0,0.0,33.64000000000014,0.009298263071190901,0,1,391
392,0,0.05,1372396,91646.0,1.5,1373649,93425.0,0.0,87.44999999999982,0.019084302642777603,0,1,392
393,0,0.05,1375168,92813.0,1.5,1376409,92456.0,0.0,-19.350000000000364,-0.004169674506804081,0,1,393
394,0,0.05,1382092,94146.0,1.5,1383335,91786.0,0.0,-119.5,-0.02538610243664096,0,1,394
395,0,0.04,1389014,88687.0,1.2,1390257,88371.0,0.0,-13.839999999999872,-0.0039013609660942055,0,1,395
396,0,0.05,1393162,87151.0,1.5,1394407,87670.0,0.0,24.449999999999818,0.0056109511078472575,0,1,396
397,0,0.04,1395952,85206.0,1.2,1397195,85650.0,0.0,16.559999999999764,0.004858812759664743,0,1,397
398,0,0.05,1400086,87571.0,1.5,1401334,86859.0,0.0,-37.100000000000364,-0.008473124664557984,0,1,398
399,0,0.05,1402874,88226.0,1.5,1404115,88514.0,0.0,12.899999999999636,0.0029243080271121064,0,1,399
400,0,0.04,1407044,86600.0,1.2,1408287,86342.0,0.0,-11.519999999999708,-0.0033256351039260127,0,1,400
401,0,0.04,1409815,88238.0,1.2,1411048,90247.0,0.0,79.16000000000012,0.022427978875314527,0,1,401
402,0,0.05,1413949,92065.0,1.5,1415192,93057.0,0.0,48.100000000000364,0.010449139195133952,0,1,402
403,0,0.05,1416750,92081.0,1.5,1417986,92448.0,0.0,16.850000000000364,0.003659821244339302,0,1,403
404,0,0.06,1420752,90549.0,1.7999999999999998,1422003,90256.0,0.0,-19.379999999999928,-0.003567129399551611,0,1,404
405,0,0.04,1423547,87738.0,1.2,1424778,88594.0,0.0,33.040000000000234,0.009414392851444138,0,1,405
406,0,0.05,1427672,88068.99999999999,1.5,1428913,87839.0,0.0,-13.0,-0.0029522306373411756,0,1,406
407,0,0.04,1430434,87723.0,1.2,1431679,90067.0,0.0,92.56000000000022,0.026378486827855926,0,1,407
408,0,0.04,1434581,86834.0,1.2,1435834,88142.0,0.0,51.12000000000016,0.014717737291844253,0,1,408
409,0,0.05,1437355,86978.99999999999,1.5,1438595,86863.0,0.0,-7.299999999999272,-0.0016785660906653958,0,1,409
410,0,0.05,1441500,88120.0,1.5,1442745,89320.0,0.0,58.5,0.01327734906945075,0,1,410
411,0,0.04,1444269,89815.0,1.2,1445508,90142.0,0.0,11.880000000000383,0.0033067973055726724,0,1,411
412,0,0.04,1451171,91474.0,1.2,1452415,92657.0,0.0,46.12000000000016,0.012604674552331854,0,1,412
413,0,0.04,1455345,93919.0,1.2,1456598,94428.0,0.0,19.159999999999673,0.005100139481893885,0,1,413
414,0,0.04,1458116,93330.0,1.2,1459266,93202.0,0.0,-6.320000000000346,-0.0016929176042002425,0,1,414
415,0,0.04,1462167,91657.0,1.2,1463414,92686.0,0.0,39.95999999999985,0.010899331202199464,0,1,415
416,0,0.05,1464929,94558.99999999999,1.5,1466176,96390.0,0.0,90.05000000000018,0.019046309711397157,0,1,416
417,0,0.03,1469124,97665.0,0.8999999999999999,1470373,95798.0,0.0,-56.90999999999976,-0.019423539650847203,0,1,417
418,0,0.03,1471916,95833.0,0.8999999999999999,1473158,95418.0,0.0,-13.349999999999818,-0.0046434944121544145,0,1,418
419,0,0.04,1476060,94619.0,1.2,1477304,91877.0,0.0,-110.8800000000003,-0.02929644151808841,0,1,419
420,0,0.04,1478830,92772.0,1.2,1480076,92936.0,0.0,5.359999999999945,0.0014444013279868778,0,1,420
421,0,0.06,1483008,91863.0,1.7999999999999998,1484243,90736.0,0.0,-69.41999999999989,-0.012594842319541036,0,1,421
422,0,0.05,1485766,91358.99999999999,1.5,1487008,90866.0,0.0,-26.149999999999636,-0.005724668615024166,0,1,422
423,0,0.05,1489930,87347.0,1.5,1491157,87838.0,0.0,23.050000000000182,0.005277800038925248,0,1,423
424,0,0.05,1492698,87321.0,1.5,1493952,85652.0,0.0,-84.94999999999982,-0.019456946209960906,0,1,424
425,0,0.03,1496899,81460.0,0.8999999999999999,1498158,82680.0,0.0,35.700000000000365,0.014608396759145744,0,1,425
426,0,0.03,1499701,80421.0,0.8999999999999999,1500960,78689.0,0.0,-52.860000000000035,-0.02190970020268339,0,1,426
427,0,0.03,1503906,81415.0,0.8999999999999999,1505156,81185.0,0.0,-7.800000000000091,-0.0031935147085918204,0,1,427
428,0,0.04,1510902,82166.0,1.2,1512148,82534.0,0.0,13.520000000000255,0.004113623639948475,0,1,428
429,0,0.04,1513679,83309.0,1.2,1514903,82986.0,0.0,-14.120000000000072,-0.0042372372732838205,0,1,429
430,0,0.03,1517767,80334.0,0.8999999999999999,1519021,80069.0,0.0,-8.850000000000273,-0.003672168695695585,0,1,430
431,0,0.02,1524764,77687.0,0.6,1526024,75232.0,0.0,-49.69999999999991,-0.03198733378814982,0,1,431
432,0,0.03,1531763,77975.0,0.8999999999999999,1533021,86647.0,0.0,259.2599999999999,0.11083039435716571,0,1,432
433,0,0.01,1534583,85330.0,0.3,1535842,87064.0,0.0,17.039999999999917,0.01996953005976786,0,1,433
434,0,0.02,1541627,87734.0,0.6,1542886,87804.0,0.0,0.7999999999998636,0.0004559235872067064,0,1,434
435,0,0.02,1545849,87015.0,0.6,1547103,87105.0,0.0,1.2000000000001818,0.0006895362868471998,0,1,435
436,0,0.02,1548654,83228.0,0.6,1549909,83608.0,0.0,7.000000000000137,0.0042053155188158655,0,1,436
437,0,0.02,1552857,88413.0,0.6,1554116,90673.0,0.0,44.600000000000044,0.025222535147546202,0,1,437
438,0,0.02,1555686,91372.0,0.6,1556945,84302.0,0.0,-142.00000000000009,-0.07770432955391153,0,1,438
439,0,0.01,1562743,79953.0,0.3,1564003,78373.0,0.0,-16.099999999999955,-0.020136830387852807,0,1,439
440,0,0.03,1566971,77473.0,0.8999999999999999,1568228,72701.0,0.0,-144.06000000000031,-0.06198288435971255,0,1,440
441,0,0.02,1569792,72480.0,0.6,1571050,73258.0,0.0,14.959999999999946,0.010320088300220713,0,1,441
442,0,0.02,1581099,76449.0,0.6,1582358,73986.0,0.0,-49.85999999999999,-0.032609975277636066,0,1,442
443,0,0.02,1583929,73103.0,0.6,1585185,73626.0,0.0,9.860000000000037,0.006743909278688998,0,1,443
444,0,0.04,1588140,73126.0,1.2,1589390,71040.0,0.0,-84.64000000000006,-0.028936356425895052,0,1,444
445,0,0.02,1590982,73428.0,0.6,1592232,74347.0,0.0,17.780000000000108,0.01210709810971299,0,1,445
446,0,0.04,1595188,73825.0,1.2,1596447,73438.0,0.0,-16.680000000000017,-0.005648493057907219,0,1,446
447,0,0.03,1598020,74411.0,0.8999999999999999,1599279,79986.0,0.0,166.35,0.07451855236456975,0,1,447
448,0,0.02,1602247,81725.0,0.6,1603504,81525.0,0.0,-4.6,-0.0028143163046803303,0,1,448
449,0,0.03,1611923,76754.0,0.8999999999999999,1613181,75684.0,0.0,-32.99999999999991,-0.014331500638403171,0,1,449
450,0,0.03,1618970,82005.0,0.8999999999999999,1620229,82005.0,0.0,-0.8999999999999999,-0.00036583135174684465,0,1,450
451,0,0.03,1623197,85324.0,0.8999999999999999,1624455,86714.0,0.0,40.800000000000274,0.015939243354742033,0,1,451
452,0,0.03,1626012,84989.0,0.8999999999999999,1627270,83827.0,0.0,-35.760000000000126,-0.014025344456341458,0,1,452
453,0,0.04,1630209,83713.0,1.2,1631434,84577.0,0.0,33.35999999999994,0.009962610347257875,0,1,453
454,0,0.03,1642634,86074.0,0.8999999999999999,1643892,83989.0,0.0,-63.449999999999726,-0.024571880010223656,0,1,454
455,0,0.03,1645454,85563.0,0.8999999999999999,1646713,85203.0,0.0,-11.700000000000182,-0.004558044949335648,0,1,455
456,0,0.03,1652498,81706.0,0.8999999999999999,1653755,84024.0,0.0,68.63999999999996,0.028002839448755278,0,1,456
457,0,0.02,1656695,85399.0,0.6,1657953,85380.0,0.0,-0.9799999999998817,-0.0005737772105059085,0,1,457
458,0,0.04,1659508,85483.0,1.2,1660765,89882.0,0.0,174.76000000000005,0.051109577342863505,0,1,458
459,0,0.03,1666545,90528.0,0.8999999999999999,1667803,92696.0,0.0,64.14000000000041,0.023617002474372723,0,1,459
460,0,0.03,1670768,89819.0,0.8999999999999999,1672020,90618.0,0.0,23.070000000000256,0.008561662899831981,0,1,460
461,0,0.04,1673575,90962.0,1.2,1674826,91033.0,0.0,1.6400000000001456,0.00045073767067570675,0,1,461
462,0,0.03,1677768,91536.99999999999,0.8999999999999999,1679020,93836.0,0.0,68.07000000000025,0.024787790729431908,0,1,462
463,0,0.03,1680583,94259.0,0.8999999999999999,1681839,94097.0,0.0,-5.760000000000128,-0.0020369407695817296,0,1,463
464,0,0.04,1684738,96804.0,1.2,1685996,98398.0,0.0,62.560000000000215,0.01615635717532339,0,1,464
465,0,0.03,1687568,97589.0,0.8999999999999999,1688824,99345.0,0.0,51.77999999999984,0.017686419575976744,0,1,465
466,0,0.02,1691796,96105.0,0.6,1693052,94813.0,0.0,-26.440000000000147,-0.013755787940273734,0,1,466
467,0,0.03,1701678,93014.0,0.8999999999999999,1702934,93822.0,0.0,23.339999999999783,0.008364332251058903,0,1,467
468,0,0.03,1705882,89508.0,0.8999999999999999,1707133,90650.0,0.0,33.36000000000022,0.012423470527774136,0,1,468
469,0,0.03,1708693,92444.0,0.8999999999999999,1709946,92758.0,0.0,8.520000000000072,0.003072130154471923,0,1,469
470,0,0.04,1712946,91516.0,1.2,1714202,94490.0,0.0,117.76000000000003,0.03216923816600377,0,1,470
471,0,0.02,1715790,95321.0,0.6,1717047,95175.0,0.0,-3.520000000000073,-0.0018463927151415075,0,1,471
472,0,0.03,1720010,92911.99999999999,0.8999999999999999,1721261,93452.0,0.0,15.300000000000272,0.005489064921646388,0,1,472
473,0,0.03,1729814,90619.0,0.8999999999999999,1731070,89144.0,0.0,-45.15,-0.016607996115604897,0,1,473
474,0,0.05,1736814,87815.0,1.5,1737471,88038.0,0.0,9.650000000000546,0.0021978021978023223,0,1,474
475,0,0.05,1740361,88917.0,1.5,1741601,89066.0,0.0,5.949999999999818,0.0013383267541639545,0,1,475
476,0,0.05,1743148,87558.0,1.5,1744374,86618.0,0.0,-48.5,-0.011078370908426413,0,1,476
477,0,0.05,1747317,88248.0,1.5,1748546,88843.0,0.0,28.25,0.006402411386093735,0,1,477
478,0,0.05,1750088,90363.0,1.5,1751332,91195.0,0.0,40.099999999999454,0.008875314011265551,0,1,478
479,0,0.05,1754272,89033.99999999999,1.5,1755520,89858.0,0.0,39.70000000000073,0.00891794146056579,0,1,479
480,0,0.05,1757053,88576.0,1.5,1758265,88458.0,0.0,-7.399999999999636,-0.0016708815028900913,0,1,480
481,0,0.04,1761164,89634.0,1.2,1762404,91098.0,0.0,57.35999999999994,0.015998393466764828,0,1,481
482,0,0.04,1763950,91105.0,1.2,1765204,91472.0,0.0,13.479999999999837,0.0036990285933812183,0,1,482
483,0,0.06,1768156,92340.0,1.7999999999999998,1769415,92596.0,0.0,13.560000000000581,0.0024474767164826697,0,1,483
484,0,0.05,1777966,95298.0,1.5,1779215,95717.0,0.0,19.449999999999818,0.0040819324644798035,0,1,484
485,0,0.06,1782029,95195.0,1.7999999999999998,1783285,95023.0,0.0,-12.11999999999971,-0.0021219601869845598,0,1,485
486,0,0.05,1784851,96046.0,1.5,1786107,97817.0,0.0,87.05000000000018,0.01812673094142394,0,1,486
487,0,0.04,1789078,98208.0,1.2,1790334,96198.0,0.0,-81.6000000000001,-0.02077223851417402,0,1,487
488,0,0.04,1791887,98157.0,1.2,1793144,95371.0,0.0,-112.64000000000006,-0.02868873335574642,0,1,488
489,0,0.05,1798910,95462.0,1.5,1800165,93861.0,0.0,-81.55000000000018,-0.017085332383566274,0,1,489
490,0,0.06,1803120,93379.0,1.7999999999999998,1804372,93911.0,0.0,30.120000000000072,0.005375941057411208,0,1,490
491,0,0.06,1805941,93321.0,1.7999999999999998,1807196,93514.0,0.0,9.779999999999927,0.0017466593799894854,0,1,491
492,0,0.07,1810133,92585.0,2.1,1811388,93109.0,0.0,34.58000000000029,0.005335637522276871,0,1,492
493,0,0.05,1817123,92737.0,1.5,1818369,93992.0,0.0,61.25,0.01320939862190927,0,1,493
494,0,0.06,1819912,92859.0,1.7999999999999998,1821077,93127.0,0.0,14.279999999999927,0.0025630256625636585,0,1,494
495,0,0.06,1823990,92295.0,1.7999999999999998,1825244,90859.0,0.0,-87.95999999999985,-0.01588385069613736,0,1,495
496,0,0.06,1826795,91308.0,1.7999999999999998,1828049,91223.0,0.0,-6.899999999999454,-0.0012594734305864865,0,1,496
497,0,0.08,1837920,94781.0,2.4,1839161,95090.0,0.0,22.319999999999347,0.0029436279423090263,0,1,497
498,0,0.06,1840703,94754.0,1.7999999999999998,1841958,95134.0,0.0,21.00000000000018,0.0036937754606666,0,1,498
499,0,0.05,1844886,93716.0,1.5,1846141,92853.0,0.0,-44.649999999999636,-0.009528789107516249,0,1,499
500,0,0.06,1851858,96621.0,1.7999999999999998,1853107,96457.0,0.0,-11.640000000000146,-0.0020078450854369386,0,1,500
501,0,0.05,1854656,96253.0,1.5,1855909,95467.0,0.0,-40.80000000000018,-0.008477657839236217,0,1,501
502,0,0.06,1861632,95481.0,1.7999999999999998,1862886,94731.0,0.0,-46.8,-0.008169164545825872,0,1,502
503,0,0.06,1872775,94393.0,1.7999999999999998,1874027,94516.0,0.0,5.580000000000109,0.000985242549765362,0,1,503
504,0,0.07,1875555,94903.0,2.1,1876802,95554.0,0.0,43.46999999999971,0.006543523387037246,0,1,504
505,0,0.06,1879737,95514.0,1.7999999999999998,1880992,97942.0,0.0,143.87999999999937,0.02510626714408348,0,1,505
506,0,0.04,1882564,99371.0,1.2,1883823,99367.0,0.0,-1.3599999999998544,-0.0003421521369413245,0,1,506
507,0,0.04,1886627,99918.0,1.2,1887883,98965.0,0.0,-39.32000000000035,-0.009838067215116483,0,1,507
508,0,0.05,1889452,99584.00000000001,1.5,1890706,100587.0,0.0,48.649999999999636,0.009770645886889386,0,1,508
509,0,0.05,1893667,100761.0,1.5,1894920,101749.0,0.0,47.900000000000546,0.009507646807792806,0,1,509
510,0,0.05,1896485,101325.0,1.5,1897743,100609.0,0.0,-37.29999999999927,-0.007362447569701312,0,1,510
511,0,0.04,1903518,99307.0,1.2,1904774,98882.0,0.0,-18.2,-0.004581751538159444,0,1,511
512,0,0.05,1910544,100141.0,1.5,1911801,100162.0,0.0,-0.4499999999998181,-8.9873278677029e-05,0,1,512
513,0,0.04,1914771,103970.0,1.2,1916031,104282.0,0.0,11.279999999999564,0.002712320861786949,0,1,513
514,0,0.04,1917581,105285.99999999999,1.2,1918838,104783.99999999999,0.0,-21.279999999999927,-0.005052903519936157,0,1,514
515,0,0.04,1921772,106449.0,1.2,1923031,106163.00000000001,0.0,-12.639999999999599,-0.0029685577130831664,0,1,515
516,0,0.04,1924596,105046.0,1.2,1925850,105184.99999999999,0.0,4.3599999999994905,0.0010376406526663297,0,1,516
517,0,0.05,1928806,105523.0,1.5,1930063,105753.0,0.0,10.0,0.0018953213991262567,0,1,517
518,0,0.06,1935855,103963.00000000001,1.7999999999999998,1937110,102719.0,0.0,-76.44000000000123,-0.01225435972413282,0,1,518
519,0,0.06,1938678,104569.0,1.7999999999999998,1939929,104503.0,0.0,-5.760000000000036,-0.0009180541078139851,0,1,519
520,0,0.03,1942924,108220.0,0.8999999999999999,1944182,109166.00000000001,0.0,27.480000000000565,0.008464239512105145,0,1,520
521,0,0.05,1949987,110688.00000000003,1.5,1951244,111724.0,0.0,50.29999999999927,0.009088609424689083,0,1,521
522,0,0.05,1952816,110458.99999999999,1.5,1954073,111858.0,0.0,68.45000000000073,0.012393738853330328,0,1,522
523,0,0.05,1957062,114066.00000000001,1.5,1958322,114432.0,0.0,16.799999999999272,0.0029456630371888677,0,1,523
524,0,0.05,1959886,114317.0,1.5,1961144,115035.99999999999,0.0,34.44999999999891,0.006027100081352538,0,1,524
525,0,0.05,1964139,116735.0,1.5,1965398,118883.99999999999,0.0,105.94999999999982,0.018152225125283732,0,1,525
526,0,0.03,1973872,120583.0,0.8999999999999999,1975132,115982.0,0.0,-138.92999999999975,-0.038405081976729656,0,1,526
527,0,0.04,1985203,112423.0,1.2,1986462,113760.99999999999,0.0,52.319999999999524,0.011634629924481539,0,1,527
528,0,0.03,1988040,110313.00000000001,0.8999999999999999,1989299,111129.0,0.0,23.579999999999565,0.007125180169154909,0,1,528
529,0,0.03,1992282,108499.0,0.8999999999999999,1993539,108825.0,0.0,8.8800000000002,0.0027281357431866347,0,1,529
530,0,0.05,1998537,109329.00000000001,1.5,1999794,109095.0,0.0,-13.200000000000728,-0.0024147298520979295,0,1,530
531,0,0.05,2004806,111810.0,1.5,2006066,113728.0,0.0,94.40000000000055,0.01688578839102058,0,1,531
532,0,0.05,2007653,112695.0,1.5,2008912,113580.0,0.0,42.75,0.007586849460934381,0,1,532
533,0,0.04,2011894,112974.0,1.2,2013153,113744.0,0.0,29.600000000000183,0.006550179687361734,0,1,533
534,0,0.04,2014722,114286.99999999999,1.2,2015981,113083.0,0.0,-49.35999999999986,-0.010797378529491513,0,1,534
535,0,0.05,2018804,113883.0,1.5,2020063,111119.0,0.0,-139.69999999999982,-0.024533951511639104,0,1,535
536,0,0.03,2021637,109423.0,0.8999999999999999,2022896,109320.0,0.0,-3.9900000000001454,-0.001215466583807836,0,1,536
537,0,0.05,2025875,109928.0,1.5,2027135,108663.00000000001,0.0,-64.74999999999909,-0.011780438104941249,0,1,537
538,0,0.03,2028701,108548.0,0.8999999999999999,2029961,108123.0,0.0,-13.65,-0.004191693997125695,0,1,538
539,0,0.02,2035784,106429.0,0.6,2037044,106696.0,0.0,4.740000000000146,0.0022268366704564294,0,1,539
540,0,0.04,2040021,107760.99999999999,1.2,2041279,107226.0,0.0,-22.599999999999635,-0.005243084232700058,0,1,540
541,0,0.03,2042856,109238.00000000001,0.8999999999999999,2044115,109199.0,0.0,-2.0700000000005274,-0.0006316483275052415,0,1,541
542,0,0.05,2046917,111808.0,1.5,2048174,111489.00000000001,0.0,-17.449999999999818,-0.003121422438465909,0,1,542
543,0,0.03,2049757,110007.0,0.8999999999999999,2051016,111731.0,0.0,50.8199999999998,0.015399020062359608,0,1,543
544,0,0.04,2053997,110530.0,1.2,2055257,109552.0,0.0,-40.319999999999894,-0.009119696010132973,0,1,544
545,0,0.03,2056830,110433.99999999999,0.8999999999999999,2058089,111642.0,0.0,35.34000000000024,0.010667004726805224,0,1,545
546,0,0.05,2061053,113380.0,1.5,2062311,113921.0,0.0,25.550000000000182,0.00450696771917449,0,1,546
547,0,0.06,2063868,113120.99999999999,1.7999999999999998,2065125,113142.0,0.0,-0.5399999999997815,-7.956082425010706e-05,0,1,547
548,0,0.05,2068108,112245.0,1.5,2069367,110695.0,0.0,-79.0,-0.014076350839681055,0,1,548
549,0,0.05,2075147,112710.0,1.5,2076401,111872.0,0.0,-43.399999999999636,-0.007701180019519055,0,1,549
550,0,0.05,2077968,112585.0,1.5,2079213,110558.99999999999,0.0,-102.80000000000018,-0.018261757783008425,0,1,550
551,0,0.05,2082218,110410.99999999999,1.5,2083474,108551.0,0.0,-94.49999999999909,-0.017117859633550843,0,1,551
552,0,0.05,2085061,108838.00000000003,1.5,2086317,110785.99999999999,0.0,95.89999999999782,0.017622521545783237,0,1,552
553,0,0.06,2092183,112545.0,1.7999999999999998,2093208,112363.00000000001,0.0,-12.719999999999164,-0.0018836909680570977,0,1,553
554,0,0.06,2096140,113456.0,1.7999999999999998,2097395,114840.00000000001,0.0,81.24000000000088,0.011934141869976156,0,1,554
555,0,0.05,2103235,115130.0,1.5,2104494,115427.0,0.0,13.350000000000364,0.0023191175193260426,0,1,555
556,0,0.06,2106076,115959.99999999999,1.7999999999999998,2107332,113595.0,0.0,-143.69999999999874,-0.020653673680579333,0,1,556
557,0,0.05,2113171,114103.0,1.5,2114423,115541.00000000001,0.0,70.40000000000055,0.012339728140364502,0,1,557
558,0,0.04,2117408,116608.99999999999,1.2,2118665,116697.0,0.0,2.3200000000004364,0.000497388709276393,0,1,558
559,0,0.06,2120229,116899.0,1.7999999999999998,2121488,117804.0,0.0,52.500000000000185,0.0074850939700083245,0,1,559
560,0,0.03,2124443,117230.00000000001,0.8999999999999999,2125697,117520.0,0.0,7.799999999999818,0.0022178623219311945,0,1,560
561,0,0.02,2127269,120455.0,0.6,2128529,120726.0,0.0,4.820000000000073,0.0020007471669918533,0,1,561
562,0,0.03,2131514,123056.0,0.8999999999999999,2132771,123951.0,0.0,25.94999999999991,0.007029319984397323,0,1,562
563,0,0.04,2134375,123478.0,1.2,2135634,122961.99999999999,0.0,-21.840000000000327,-0.004421840327831745,0,1,563
564,0,0.03,2138611,122410.99999999999,0.8999999999999999,2139870,119158.99999999999,0.0,-98.45999999999995,-0.02681131597650537,0,1,564
565,0,0.02,2141442,118255.0,0.6,2142701,117683.99999999999,0.0,-12.020000000000072,-0.005082237537524871,0,1,565
566,0,0.04,2145697,120114.00000000001,1.2,2146956,121027.0,0.0,35.319999999999524,0.007351349551259537,0,1,566
567,0,0.05,2148522,121114.00000000001,1.5,2149779,121402.0,0.0,12.899999999999636,0.00213022441666523,0,1,567
568,0,0.06,2152604,122568.0,1.7999999999999998,2153863,122335.99999999999,0.0,-15.720000000000983,-0.0021375889302266203,0,1,568
569,0,0.05,2155430,120613.00000000003,1.5,2156686,121729.0,0.0,54.29999999999927,0.00900400454345705,0,1,569
570,0,0.04,2159682,123650.0,1.2,2160941,123198.0,0.0,-19.279999999999927,-0.00389809947432267,0,1,570
571,0,0.04,2162514,121718.0,1.2,2163771,122740.00000000001,0.0,39.680000000000106,0.008149986033290086,0,1,571
572,0,0.05,2166737,123360.99999999999,1.5,2167985,122994.0,0.0,-19.849999999998545,-0.0032181969990513286,0,1,572
573,0,0.05,2169541,124443.0,1.5,2170790,125517.0,0.0,52.19999999999982,0.008389383091053705,0,1,573
574,0,0.05,2173765,124006.0,1.5,2175014,123618.0,0.0,-20.899999999999636,-0.003370804638485176,0,1,574
575,0,0.04,2176588,124123.0,1.2,2177847,125364.00000000001,0.0,48.440000000000325,0.00975645126205464,0,1,575
576,0,0.04,2180800,124091.0,1.2,2182057,124310.99999999999,0.0,7.599999999999272,0.0015311344094251945,0,1,576
577,0,0.03,2183626,120196.0,0.8999999999999999,2184885,121063.00000000001,0.0,25.110000000000674,0.00696362607740709,0,1,577
578,0,0.04,2187698,119296.0,1.2,2188951,120292.0,0.0,38.64000000000014,0.008097505364806896,0,1,578
579,0,0.04,2190528,119649.0,1.2,2191784,120936.99999999999,0.0,50.319999999999524,0.010514087037919147,0,1,579
580,0,0.06,2194740,121180.00000000001,1.7999999999999998,2195999,120908.99999999999,0.0,-18.06000000000113,-0.002483908235682611,0,1,580
581,0,0.05,2197556,120845.0,1.5,2198808,119234.99999999999,0.0,-82.0,-0.013571103479664032,0,1,581
582,0,0.05,2201788,119018.0,1.5,2203045,118440.00000000001,0.0,-30.399999999999636,-0.005108470987581649,0,1,582
583,0,0.05,2204602,119616.00000000001,1.5,2205862,118661.99999999999,0.0,-49.20000000000164,-0.008226324237560464,0,1,583
584,0,0.05,2208815,116078.0,1.5,2210074,116289.00000000001,0.0,9.050000000000182,0.0015592963352228986,0,1,584
585,0,0.05,2211632,116648.0,1.5,2212890,118039.00000000001,0.0,68.05000000000018,0.011667581098690106,0,1,585
586,0,0.06,2215865,118745.0,1.7999999999999998,2217124,119336.99999999999,0.0,33.71999999999862,0.00473283085603585,0,1,586
587,0,0.05,2222874,120315.00000000001,1.5,2224131,119915.00000000001,0.0,-21.5,-0.003573951710094335,0,1,587
588,0,0.06,2232697,123071.0,1.7999999999999998,2233945,122686.99999999999,0.0,-24.840000000000874,-0.003363911888259741,0,1,588
589,0,0.04,2236890,123039.00000000001,1.2,2238140,124077.0,0.0,40.319999999999524,0.008192524321556482,0,1,589
590,0,0.06,2243900,124725.0,1.7999999999999998,2245154,124485.99999999999,0.0,-16.140000000001056,-0.00215674483864516,0,1,590
591,0,0.07,2246709,125011.0,2.1,2247961,124652.0,0.0,-27.2299999999992,-0.003111726168097116,0,1,591
592,0,0.07,2250866,125499.99999999999,2.1,2252113,125532.0,0.0,0.14000000000160062,1.593625498026188e-05,0,1,592
593,0,0.05,2253673,124458.99999999999,1.5,2254913,124543.0,0.0,2.7000000000007276,0.0004338778232190083,0,1,593
594,0,0.04,2257878,126869.0,1.2,2259135,126721.0,0.0,-7.120000000000073,-0.0014030220148342134,0,1,594
595,0,0.06,2260701,127379.0,1.7999999999999998,2261955,127417.0,0.0,0.4799999999997455,6.280470093183146e-05,0,1,595
596,0,0.04,2264956,128790.0,1.2,2266216,129126.0,0.0,12.2399999999996,0.0023759608665268267,0,1,596
597,0,0.04,2272017,130918.0,1.2,2273273,130909.99999999999,0.0,-1.5200000000006184,-0.00029025802410681084,0,1,597
598,0,0.04,2274846,130641.0,1.2,2276092,131868.0,0.0,47.879999999999924,0.009162514065262804,0,1,598
599,0,0.06,2279054,134033.0,1.7999999999999998,2280310,134823.0,0.0,45.60000000000055,0.005670245387330054,0,1,599
600,0,0.03,2281865,133584.0,0.8999999999999999,2283125,134671.0,0.0,31.709999999999674,0.007912624266379125,0,1,600
601,0,0.05,2286067,135180.0,1.5,2287324,137160.0,0.0,97.5,0.01442521083000444,0,1,601
602,0,0.04,2288897,138105.0,1.2,2290157,136783.0,0.0,-54.08000000000011,-0.009789652800405509,0,1,602
603,0,0.02,2293131,133300.0,0.6,2294389,134390.0,0.0,21.20000000000018,0.007951987996999317,0,1,603
604,0,0.03,2295960,132298.0,0.8999999999999999,2297219,132724.0,0.0,11.879999999999745,0.002993242528231655,0,1,604
605,0,0.04,2300197,134289.0,1.2,2301456,132519.0,0.0,-72.00000000000018,-0.013403927350713793,0,1,605
606,0,0.04,2303027,134168.0,1.2,2304285,135717.0,0.0,60.76000000000003,0.011321626617375237,0,1,606
607,0,0.03,2310083,139094.0,0.8999999999999999,2311342,139487.0,0.0,10.889999999999963,0.0026097459272146806,0,1,607
608,0,0.02,2314316,139602.0,0.6,2315576,140384.0,0.0,15.039999999999873,0.005386742310282042,0,1,608
609,0,0.03,2321374,133882.0,0.8999999999999999,2322634,133513.0,0.0,-11.970000000000164,-0.002980236327512328,0,1,609
610,0,0.03,2328442,137134.0,0.8999999999999999,2329701,137393.0,0.0,6.870000000000436,0.0016698995143437409,0,1,610
611,0,0.04,2335255,138324.0,1.2,2336515,138658.0,0.0,12.159999999999673,0.002197738642607153,0,1,611
612,0,0.04,2338087,138655.0,1.2,2339345,141326.0,0.0,105.64000000000014,0.019047275612130855,0,1,612
613,0,0.03,2342325,140032.0,0.8999999999999999,2343585,138064.0,0.0,-59.93999999999996,-0.014268167276051178,0,1,613
614,0,0.04,2349395,139551.0,1.2,2350654,138096.0,0.0,-59.39999999999982,-0.010641270933207183,0,1,614
615,0,0.04,2352238,137027.0,1.2,2353498,137639.0,0.0,23.280000000000474,0.004247338115845868,0,1,615
616,0,0.06,2356467,138631.00000000003,1.7999999999999998,2357725,138336.0,0.0,-19.50000000000073,-0.002344352994640536,0,1,616
617,0,0.06,2359261,137822.0,1.7999999999999998,2360018,138384.0,0.0,31.919999999999344,0.003860051370608387,0,1,617
618,0,0.05,2362967,140463.0,1.5,2364218,141042.0,0.0,27.449999999999818,0.003908502594989402,0,1,618
619,0,0.07,2365778,140543.0,2.1,2367030,142030.0,0.0,101.99000000000015,0.010366933963271043,0,1,619
620,0,0.03,2369977,138400.0,0.8999999999999999,2371233,137645.0,0.0,-23.550000000000544,-0.005671965317919206,0,1,620
621,0,0.05,2377040,138179.0,1.5,2378299,138739.0,0.0,26.5,0.0038356045419347365,0,1,621
622,0,0.03,2379862,137593.0,0.8999999999999999,2381121,135973.0,0.0,-49.49999999999991,-0.011991889122266373,0,1,622
623,0,0.05,2383944,136842.0,1.5,2385204,136992.0,0.0,6.0,0.0008769237514798088,0,1,623
624,0,0.04,2386778,134778.0,1.2,2388038,134256.0,0.0,-22.08000000000011,-0.004095623914882271,0,1,624
625,0,0.04,2391030,133144.0,1.2,2392288,134350.0,0.0,47.03999999999978,0.008832542209938071,0,1,625
626,0,0.03,2393860,131531.0,0.8999999999999999,2395120,133496.0,0.0,58.04999999999982,0.01471136081988272,0,1,626
627,0,0.04,2398086,134219.0,1.2,2399346,133642.0,0.0,-24.279999999999927,-0.004522459562357029,0,1,627
628,0,0.03,2400926,135217.0,0.8999999999999999,2402186,134877.0,0.0,-11.099999999999818,-0.002736342323820185,0,1,628
629,0,0.04,2405163,136243.0,1.2,2406423,136385.0,0.0,4.480000000000291,0.0008220605829290846,0,1,629
630,0,0.05,2407995,136360.0,1.5,2409255,135624.0,0.0,-38.29999999999927,-0.005617483132883437,0,1,630
631,0,0.04,2419180,139918.0,1.2,2420440,140973.0,0.0,40.999999999999815,0.007325719349904911,0,1,631
632,0,0.03,2422022,140276.0,0.8999999999999999,2423282,140822.0,0.0,15.480000000000109,0.003678462459722288,0,1,632
633,0,0.05,2426264,143353.0,1.5,2427524,143395.0,0.0,0.5999999999994543,8.370944451800161e-05,0,1,633
634,0,0.04,2429098,141422.0,1.2,2430357,142797.0,0.0,53.8,0.0095105429141152,0,1,634
635,0,0.04,2433333,142810.0,1.2,2434593,142835.0,0.0,-0.19999999999999996,-3.50115538127582e-05,0,1,635
636,0,0.03,2436164,141225.0,0.8999999999999999,2437424,141661.0,0.0,12.179999999999927,0.0028748451053283593,0,1,636
637,0,0.03,2440403,139395.0,0.8999999999999999,2441663,139685.0,0.0,7.800000000000727,0.0018652031995410473,0,1,637
638,0,0.05,2447471,142845.0,1.5,2448730,143844.0,0.0,48.45000000000073,0.006783576604011443,0,1,638
639,0,0.04,2450304,143167.0,1.2,2451564,142821.0,0.0,-15.040000000000145,-0.0026263035476052693,0,1,639
640,0,0.06,2454547,141692.0,1.7999999999999998,2455807,142216.0,0.0,29.63999999999869,0.003486435366851891,0,1,640
641,0,0.05,2457377,143270.0,1.5,2458637,142741.0,0.0,-27.949999999999818,-0.003901724017589142,0,1,641
642,0,0.04,2461622,145417.0,1.2,2462882,146031.0,0.0,23.35999999999949,0.004016036639457472,0,1,642
643,0,0.05,2464461,145838.0,1.5,2465720,147342.0,0.0,73.69999999999982,0.010107105144063936,0,1,643
644,0,0.04,2468692,145262.0,1.2,2469952,145545.0,0.0,10.11999999999971,0.0017416805496275193,0,1,644
645,0,0.05,2471527,147691.0,1.5,2472787,148722.0,0.0,50.05000000000018,0.006777664177234927,0,1,645
646,0,0.05,2475770,149392.0,1.5,2477030,150206.0,0.0,39.19999999999982,0.005247938309949638,0,1,646
647,0,0.06,2478576,150338.0,1.7999999999999998,2479398,150631.0,0.0,15.779999999999927,0.001749391371443007,0,1,647
648,0,0.04,2482348,150706.0,1.2,2483608,153002.0,0.0,90.64000000000014,0.015035897708120471,0,1,648
649,0,0.04,2485183,153638.0,1.2,2486443,156211.0,0.0,101.72000000000007,0.01655189471354744,0,1,649
650,0,0.02,2489417,153652.0,0.6,2490677,151563.0,0.0,-42.37999999999975,-0.01379090412100062,0,1,650
651,0,0.02,2492257,147420.0,0.6,2493517,149063.0,0.0,32.260000000000126,0.010941527608194317,0,1,651
652,0,0.02,2499348,150609.0,0.6,2500608,149332.0,0.0,-26.139999999999965,-0.00867810024633321,0,1,652
653,0,0.03,2503591,148685.0,0.8999999999999999,2504851,149382.0,0.0,20.009999999999856,0.004485993879678483,0,1,653
654,0,0.04,2506428,149548.0,1.2,2507688,151313.0,0.0,69.40000000000036,0.011601626233717662,0,1,654
655,0,0.04,2513523,152162.0,1.2,2514783,153622.0,0.0,57.19999999999963,0.00939787857677995,0,1,655
656,0,0.07,2517658,153397.0,2.1,2518918,153784.0,0.0,24.990000000000144,0.00232729453639903,0,1,656
657,0,0.04,2520484,153349.0,1.2,2521744,154125.0,0.0,29.839999999999964,0.004864720343790954,0,1,657
658,0,0.05,2524727,154533.0,1.5,2525987,153748.0,0.0,-40.75,-0.005273954430445277,0,1,658
659,0,0.05,2527558,154333.0,1.5,2528818,153122.0,0.0,-62.05000000000018,-0.008041054084350097,0,1,659
660,0,0.04,2531807,152594.0,1.2,2533067,153030.0,0.0,16.2399999999996,0.0026606550716279146,0,1,660
661,0,0.05,2534632,152798.0,1.5,2535892,153864.0,0.0,51.80000000000018,0.006780193458029579,0,1,661
662,0,0.03,2541704,152208.0,0.8999999999999999,2542964,150062.0,0.0,-65.28000000000011,-0.014296226216756044,0,1,662
663,0,0.04,2548773,150207.0,1.2,2550033,148759.0,0.0,-59.120000000000076,-0.009839754472161764,0,1,663
664,0,0.06,2552890,151346.0,1.7999999999999998,2554150,152839.0,0.0,87.77999999999993,0.009666591783066609,0,1,664
665,0,0.06,2555719,153067.0,1.7999999999999998,2556979,154225.0,0.0,67.67999999999957,0.0073693219309190925,0,1,665
666,0,0.04,2559955,156666.0,1.2,2561215,158198.0,0.0,60.07999999999974,0.00958727483946736,0,1,666
667,0,0.04,2562794,158629.0,1.2,2564054,159336.0,0.0,27.080000000000656,0.004267819881610654,0,1,667
668,0,0.04,2567034,159017.0,1.2,2568294,160120.0,0.0,42.91999999999989,0.006747706220089658,0,1,668
669,0,0.03,2569864,159094.0,0.8999999999999999,2571124,160277.0,0.0,34.58999999999978,0.007247287766980482,0,1,669
670,0,0.04,2576937,161582.0,1.2,2578197,162528.0,0.0,36.64000000000014,0.005668948273941427,0,1,670
671,0,0.03,2581181,165712.0,0.8999999999999999,2582441,165771.0,0.0,0.8700000000004366,0.00017500241382648545,0,1,671
672,0,0.01,2584014,164965.0,0.3,2585274,166102.0,0.0,11.06999999999989,0.006710514351529045,0,1,672
673,0,0.01,2588252,174827.0,0.3,2589512,179307.0,0.0,44.49999999999996,0.02545373426301427,0,1,673
674,0,0.01,2591087,175902.0,0.3,2592347,174526.0,0.0,-14.059999999999992,-0.007993087059840134,0,1,674
675,0,0.03,2595333,178513.0,0.8999999999999999,2596593,179097.0,0.0,16.620000000000438,0.003103415437531242,0,1,675
676,0,0.02,2598168,182392.0,0.6,2599428,184808.0,0.0,47.71999999999971,0.013081714110267914,0,1,676
677,0,0.01,2602394,183398.0,0.3,2603654,176220.0,0.0,-72.07999999999997,-0.03930250057252531,0,1,677
678,0,0.01,2605226,176515.0,0.3,2606486,182228.0,0.0,56.829999999999885,0.032195564116363984,0,1,678
679,0,0.01,2609469,183561.0,0.3,2610729,182463.0,0.0,-11.280000000000019,-0.0061450961805612405,0,1,679
680,0,0.01,2616405,186859.0,0.3,2617665,181858.0,0.0,-50.310000000000215,-0.02692404433289283,0,1,680
681,0,0.02,2626307,178812.0,0.6,2627567,180712.0,0.0,37.4,0.010457911102163165,0,1,681
682,0,0.02,2630524,180228.0,0.6,2631784,178307.0,0.0,-39.020000000000074,-0.010825176998024745,0,1,682
683,0,0.01,2633332,174180.0,0.3,2634592,164197.0,0.0,-100.12999999999992,-0.057486508209897764,0,1,683
684,0,0.01,2644521,162755.0,0.3,2645781,163774.0,0.0,9.890000000000054,0.006076618229854723,0,1,684
685,0,0.03,2654323,166506.0,0.8999999999999999,2655583,167927.0,0.0,41.73000000000011,0.008354053307388346,0,1,685
686,0,0.02,2658515,165192.0,0.6,2659775,164207.0,0.0,-20.300000000000274,-0.006144365344568827,0,1,686
687,0,0.02,2661319,161209.0,0.6,2662579,163943.0,0.0,54.079999999999835,0.016773257076217775,0,1,687
688,0,0.02,2665513,169606.0,0.6,2666773,171979.0,0.0,46.860000000000035,0.013814369774654209,0,1,688
689,0,0.02,2668318,174219.0,0.6,2669578,174367.0,0.0,2.3600000000000363,0.0006773084451179367,0,1,689
690,0,0.02,2672521,171490.0,0.6,2673781,173665.0,0.0,42.9,0.012508017960230915,0,1,690
691,0,0.02,2675332,176046.0,0.6,2676592,175571.0,0.0,-10.1,-0.002868568442338934,0,1,691
692,0,0.02,2679537,178934.0,0.6,2680797,176869.0,0.0,-41.90000000000018,-0.011708227614651262,0,1,692
693,0,0.02,2682349,175202.0,0.6,2683609,178801.0,0.0,71.38000000000002,0.02037077202315043,0,1,693
694,0,0.03,2686544,177839.0,0.8999999999999999,2687804,176308.0,0.0,-46.83000000000029,-0.00877760221323787,0,1,694
695,0,0.02,2689347,172129.0,0.6,2690607,172304.0,0.0,2.9,0.0008423914622172905,0,1,695
696,0,0.03,2707137,172754.0,0.8999999999999999,2708397,174112.0,0.0,39.83999999999978,0.007687231554696232,0,1,696
697,0,0.02,2709943,170945.0,0.6,2711203,171069.0,0.0,1.880000000000018,0.0005498844657638475,0,1,697
698,0,0.02,2714136,162966.0,0.6,2715396,157208.0,0.0,-115.7600000000003,-0.03551661082679832,0,1,698
699,0,0.06,2726791,158965.0,1.7999999999999998,2728051,155325.0,0.0,-220.19999999999965,-0.02308684301575815,0,1,699
700,0,0.02,2729593,154929.0,0.6,2730853,156294.0,0.0,26.70000000000018,0.008616850299169355,0,1,700
701,0,0.03,2732382,160589.0,0.8999999999999999,2733642,161175.0,0.0,16.67999999999993,0.0034622545753444983,0,1,701
702,0,0.02,2735190,162085.0,0.6,2736450,161659.0,0.0,-9.119999999999981,-0.0028133386803220473,0,1,702
703,0,0.03,2739386,163495.0,0.8999999999999999,2740646,164144.0,0.0,18.570000000000256,0.003786048503012377,0,1,703
704,0,0.04,2742198,164739.0,1.2,2743458,163785.0,0.0,-39.35999999999986,-0.005973084697612565,0,1,704
705,0,0.04,2746200,165425.0,1.2,2747460,166185.0,0.0,29.200000000000546,0.004412875925646146,0,1,705
706,0,0.03,2749014,165486.0,0.8999999999999999,2750274,166635.0,0.0,33.570000000000256,0.006761901308872101,0,1,706
707,0,0.03,2755984,171962.0,0.8999999999999999,2757244,173815.0,0.0,54.69000000000015,0.010601179330317193,0,1,707
708,0,0.03,2760188,173570.0,0.8999999999999999,2761342,174438.0,0.0,25.139999999999965,0.00482802327591173,0,1,708
709,0,0.04,2762902,175661.0,1.2,2764162,172489.0,0.0,-128.0800000000001,-0.018228291994238918,0,1,709
710,0,0.03,2767089,174491.0,0.8999999999999999,2768349,173348.0,0.0,-35.18999999999996,-0.006722409751792349,0,1,710
711,0,0.03,2769893,173027.0,0.8999999999999999,2771153,171967.0,0.0,-32.69999999999927,-0.006299594860917521,0,1,711
712,0,0.03,2774068,171932.0,0.8999999999999999,2775328,172950.0,0.0,29.639999999999965,0.005746457901961234,0,1,712
713,0,0.03,2776877,172745.0,0.8999999999999999,2778137,172215.0,0.0,-16.799999999999635,-0.003241772554921925,0,1,713
714,0,0.04,2780998,175723.0,1.2,2782258,177914.0,0.0,86.44000000000032,0.012297764094626247,0,1,714
715,0,0.03,2783819,177885.0,0.8999999999999999,2785079,177214.0,0.0,-21.030000000000108,-0.00394074823622005,0,1,715
716,0,0.04,2788041,178617.0,1.2,2789301,168964.0,0.0,-387.3199999999999,-0.05421096536163969,0,1,716
717,0,0.03,2795085,167426.0,0.8999999999999999,2796345,168464.0,0.0,30.24000000000033,0.006020570281796203,0,1,717
718,0,0.02,2802125,167625.0,0.6,2803385,164279.0,0.0,-67.52000000000007,-0.02014019388516035,0,1,718
719,0,0.04,2809167,164825.0,1.2,2810427,164942.0,0.0,3.480000000000291,0.0005278325496739407,0,1,719
720,0,0.03,2812004,164424.00000000003,0.8999999999999999,2813264,166268.0,0.0,54.41999999999971,0.011032452683306514,0,1,720
721,0,0.04,2816222,168027.0,1.2,2817482,166275.0,0.0,-71.27999999999993,-0.010605438411683826,0,1,721
722,0,0.04,2819053,166065.0,1.2,2820313,166855.0,0.0,30.399999999999455,0.004576521241682391,0,1,722
723,0,0.02,2823261,164659.0,0.6,2824521,161830.0,0.0,-57.18000000000038,-0.01736315658421355,0,1,723
724,0,0.03,2829474,165759.0,0.8999999999999999,2830734,165782.0,0.0,-0.2099999999994906,-4.22299844954604e-05,0,1,724
725,0,0.04,2832290,167525.0,1.2,2833550,165605.0,0.0,-78.00000000000018,-0.011640053723324904,0,1,725
726,0,0.04,2836503,165011.0,1.2,2837763,164010.0,0.0,-41.23999999999997,-0.0062480683105974695,0,1,726
727,0,0.03,2839326,164120.0,0.8999999999999999,2840586,164233.0,0.0,2.4900000000003275,0.0005057275164514437,0,1,727
728,0,0.05,2846352,165721.0,1.5,2847612,166206.0,0.0,22.75,0.0027455784119091724,0,1,728
729,0,0.05,2850561,166175.0,1.5,2851821,165355.0,0.0,-42.5,-0.005115089514066497,0,1,729
730,0,0.04,2853376,163475.0,1.2,2854636,164215.0,0.0,28.400000000000365,0.004343171738798037,0,1,730
731,0,0.03,2857578,160605.0,0.8999999999999999,2858838,159096.0,0.0,-46.169999999999526,-0.009582516110955352,0,1,731
732,0,0.04,2864616,154378.0,1.2,2865876,153942.0,0.0,-18.6399999999996,-0.0030185648214123124,0,1,732
733,0,0.03,2867441,157416.0,0.8999999999999999,2868701,159168.0,0.0,51.6600000000004,0.010939167556029968,0,1,733
734,0,0.03,2871659,156818.0,0.8999999999999999,2872919,156125.0,0.0,-21.689999999999962,-0.004610440128046517,0,1,734
735,0,0.02,2874477,155851.0,0.6,2875737,157285.0,0.0,28.08000000000029,0.009008604372124751,0,1,735
736,0,0.03,2878565,155345.0,0.8999999999999999,2879825,156479.0,0.0,33.12000000000044,0.007106762367633427,0,1,736
737,0,0.02,2881380,156012.0,0.6,2882640,162205.0,0.0,123.25999999999968,0.0395033715355228,0,1,737
738,0,0.02,2888399,159035.0,0.6,2889659,159424.0,0.0,7.179999999999746,0.002257364731033969,0,1,738
739,0,0.03,2892608,161035.0,0.8999999999999999,2893868,161875.0,0.0,24.29999999999982,0.005029962430527488,0,1,739
740,0,0.03,2895431,162265.0,0.8999999999999999,2896691,162585.0,0.0,8.700000000000363,0.001787199950698007,0,1,740
741,0,0.02,2902465,156599.0,0.6,2903725,157273.0,0.0,12.880000000000019,0.004112414510948351,0,1,741
742,0,0.05,2906675,157129.0,1.5,2907935,157491.0,0.0,16.599999999999454,0.0021129135932895205,0,1,742
743,0,0.04,2909494,155181.0,1.2,2910754,159868.0,0.0,186.28000000000048,0.030010117217958463,0,1,743
744,0,0.03,2916431,160596.0,0.8999999999999999,2917691,158385.0,0.0,-67.22999999999993,-0.013954270342972414,0,1,744
745,0,0.03,2920667,156913.0,0.8999999999999999,2921927,157646.0,0.0,21.090000000000693,0.004480189659238069,0,1,745
746,0,0.03,2923476,156951.0,0.8999999999999999,2924736,158835.0,0.0,55.62000000000044,0.011812603933711889,0,1,746
747,0,0.04,2927707,158315.0,1.2,2928967,157733.0,0.0,-24.480000000000654,-0.0038657107665099094,0,1,747
748,0,0.04,2930542,158213.0,1.2,2931802,158415.0,0.0,6.879999999999927,0.0010871420174069018,0,1,748
749,0,0.04,2934760,158145.0,1.2,2936020,160462.0,0.0,91.48000000000029,0.014461411995320795,0,1,749
750,0,0.03,2937591,161415.0,0.8999999999999999,2938851,162382.0,0.0,28.11000000000022,0.005804912802403787,0,1,750
751,0,0.05,2941806,161437.0,1.5,2943066,159935.0,0.0,-76.60000000000036,-0.009489770003159172,0,1,751
752,0,0.03,2944630,158964.0,0.8999999999999999,2945890,160294.0,0.0,38.99999999999964,0.008177952240758839,0,1,752
753,0,0.06,2948849,161195.0,1.7999999999999998,2950109,161298.0,0.0,4.380000000000291,0.000452867644778094,0,1,753
754,0,0.04,2955893,159923.0,1.2,2957153,160412.0,0.0,18.3600000000004,0.0028701312506644447,0,1,754
755,0,0.05,2958730,161465.0,1.5,2959990,161615.0,0.0,6.0,0.0007431951196853807,0,1,755
756,0,0.06,2962954,163695.0,1.7999999999999998,2964214,165465.0,0.0,104.40000000000073,0.010629524420416094,0,1,756
757,0,0.05,2965783,166975.0,1.5,2967043,166962.0,0.0,-2.149999999999636,-0.0002575235813744137,0,1,757
758,0,0.06,2969999,166705.0,1.7999999999999998,2971259,165619.0,0.0,-66.95999999999985,-0.006694460274136934,0,1,758
759,0,0.05,2972819,165571.0,1.5,2974079,169207.0,0.0,180.29999999999927,0.021779176305029173,0,1,759
760,0,0.05,2976935,169535.0,1.5,2978195,169395.0,0.0,-8.5,-0.0010027427964727047,0,1,760
761,0,0.04,2979762,170066.0,1.2,2981022,173665.0,0.0,142.76000000000005,0.020985970152764228,0,1,761
762,0,0.02,2986792,176932.0,0.6,2988052,177195.0,0.0,4.660000000000219,0.0013168901046730435,0,1,762
763,0,0.03,2991008,177175.0,0.8999999999999999,2992268,177075.0,0.0,-3.9,-0.0007337378298292648,0,1,763
764,0,0.04,2993837,176725.0,1.2,2995097,177315.0,0.0,22.400000000000365,0.0031687650304145372,0,1,764
765,0,0.04,2998051,176165.0,1.2,2999311,175145.0,0.0,-42.000000000000185,-0.005960321289700023,0,1,765
766,0,0.04,3000872,177715.0,1.2,3002132,177330.0,0.0,-16.600000000000545,-0.0023351996173649587,0,1,766
767,0,0.04,3007916,179165.0,1.2,3009176,178083.0,0.0,-44.48000000000066,-0.006206569363436031,0,1,767
768,0,0.04,3012141,176425.0,1.2,3013401,176293.0,0.0,-6.4799999999997455,-0.0009182372112795444,0,1,768
769,0,0.06,3022064,174255.0,1.7999999999999998,3023324,172239.0,0.0,-122.75999999999912,-0.01174141344581209,0,1,769
770,0,0.05,3026284,170845.0,1.5,3027544,170089.0,0.0,-39.29999999999927,-0.004600661418244522,0,1,770
771,0,0.06,3036218,171585.0,1.7999999999999998,3037478,167795.0,0.0,-229.20000000000147,-0.022263018329108163,0,1,771
772,0,0.03,3040469,171135.0,0.8999999999999999,3041729,171795.0,0.0,18.899999999999274,0.0036813042334997268,0,1,772
773,0,0.05,3047567,172625.0,1.5,3048827,172525.0,0.0,-6.5,-0.0007530774800868935,0,1,773
774,0,0.03,3050420,171550.0,0.8999999999999999,3051680,171175.0,0.0,-12.15,-0.002360827747012533,0,1,774
775,0,0.05,3054662,172637.0,1.5,3055922,172925.0,0.0,12.899999999999636,0.0014944652652675425,0,1,775
776,0,0.07,3061371,174165.0,2.1,3062631,171905.0,0.0,-160.30000000000072,-0.013148451181351075,0,1,776
777,0,0.04,3068416,169505.0,1.2,3069676,169375.0,0.0,-6.399999999999818,-0.0009439249579658149,0,1,777
778,0,0.04,3071237,170015.0,1.2,3072497,170445.0,0.0,15.999999999999819,0.002352733582330944,0,1,778
779,0,0.06,3075514,170908.0,1.7999999999999998,3076774,171138.0,0.0,11.999999999999272,0.0011702202354482404,0,1,779
780,0,0.04,3078389,169661.0,1.2,3079649,169435.0,0.0,-10.239999999999963,-0.001508891259629491,0,1,780
781,0,0.03,3082650,167625.0,0.8999999999999999,3083910,166915.0,0.0,-22.20000000000018,-0.004414615958240155,0,1,781
782,0,0.03,3085512,164861.0,0.8999999999999999,3086772,165504.0,0.0,18.389999999999965,0.00371828388763867,0,1,782
783,0,0.05,3091071,166201.0,1.5,3092331,165735.0,0.0,-24.80000000000109,-0.002984338241045612,0,1,783
784,0,0.04,3093860,167080.0,1.2,3095118,168484.0,0.0,54.96000000000076,0.008223605458463125,0,1,784
785,0,0.04,3096617,166105.0,1.2,3097877,165645.0,0.0,-19.599999999999635,-0.00294994130218832,0,1,785
786,0,0.04,3103505,167354.0,1.2,3104763,166335.0,0.0,-41.95999999999931,-0.006268150148786302,0,1,786
787,0,0.04,3107638,168093.0,1.2,3108898,167966.0,0.0,-6.279999999999927,-0.0009340067700618002,0,1,787
788,0,0.03,3110396,168732.0,0.8999999999999999,3111656,168417.0,0.0,-10.349999999999818,-0.0020446625417821986,0,1,788
789,0,0.07,3114234,169265.0,2.1,3115494,168592.0,0.0,-49.21000000000058,-0.0041532508197206055,0,1,789
790,0,0.04,3116996,166771.0,1.2,3118256,165905.0,0.0,-35.84000000000033,-0.005372636729407441,0,1,790
791,0,0.05,3123891,166291.0,1.5,3125117,166765.0,0.0,22.19999999999891,0.002670018221070161,0,1,791
792,0,0.04,3127993,167476.0,1.2,3129253,167752.0,0.0,9.839999999999964,0.0014688671809692082,0,1,792
793,0,0.03,3130754,167111.0,0.8999999999999999,3132014,166865.0,0.0,-8.28000000000011,-0.0016515968428170715,0,1,793
794,0,0.05,3134875,165155.0,1.5,3136135,164305.0,0.0,-44.0,-0.005328327934364688,0,1,794
795,0,0.04,3137636,163517.0,1.2,3138896,160895.0,0.0,-106.08000000000011,-0.016218497159316784,0,1,795
796,0,0.03,3144291,157855.0,0.8999999999999999,3145551,158040.0,0.0,4.6500000000001815,0.0009819137816350833,0,1,796
797,0,0.03,3148428,161335.0,0.8999999999999999,3149688,159712.0,0.0,-49.59000000000051,-0.010245761923947171,0,1,797
798,0,0.03,3151190,158079.0,0.8999999999999999,3152450,157555.0,0.0,-16.620000000000253,-0.0035045768255113486,0,1,798
799,0,0.07,3162153,159296.0,2.1,3163410,158829.0,0.0,-34.79000000000051,-0.003119977902772243,0,1,799
800,0,0.05,3164908,159065.0,1.5,3166166,159143.0,0.0,2.4000000000005457,0.0003017634300443901,0,1,800
801,0,0.07,3171800,161555.0,2.1,3173054,160738.0,0.0,-59.28999999999869,-0.0052427965708271565,0,1,801
802,0,0.05,3181428,157585.0,1.5,3182686,155795.0,0.0,-91.0,-0.011549322587809753,0,1,802
803,0,0.04,3184183,155355.0,1.2,3185443,157942.0,0.0,102.28000000000047,0.016459077596472672,0,1,803
804,0,0.05,3188290,158595.0,1.5,3189543,155853.0,0.0,-138.59999999999945,-0.017478482928213305,0,1,804
805,0,0.03,3202057,141275.0,0.8999999999999999,3203317,143055.0,0.0,52.49999999999964,0.01238718810829933,0,1,805
806,0,0.03,3204812,146395.0,0.8999999999999999,3206072,145728.0,0.0,-20.909999999999307,-0.004761091567334793,0,1,806
807,0,0.04,3215832,144955.0,1.2,3217090,147282.0,0.0,91.87999999999992,0.01584629712669448,0,1,807
808,0,0.03,3218577,145648.0,0.8999999999999999,3219834,144389.0,0.0,-38.669999999999526,-0.008850104361199497,0,1,808
809,0,0.03,3222697,142715.0,0.8999999999999999,3223955,139274.0,0.0,-104.12999999999957,-0.02432119959359553,0,1,809
810,0,0.03,3236227,138075.0,0.8999999999999999,3237484,139464.0,0.0,40.770000000000074,0.009842476914720278,0,1,810
811,0,0.03,3245831,141195.0,0.8999999999999999,3247040,137874.0,0.0,-100.5299999999992,-0.023733135026027648,0,1,811
812,0,0.04,3249917,137730.0,1.2,3251177,138883.0,0.0,44.91999999999989,0.00815363392144048,0,1,812
813,0,0.04,3252673,138624.0,1.2,3253932,139040.0,0.0,15.440000000000328,0.002784510618651952,0,1,813
814,0,0.05,3256804,136789.0,1.5,3258063,135151.0,0.0,-83.40000000000055,-0.012193962964858364,0,1,814
815,0,0.02,3259552,127988.00000000001,0.6,3260812,129415.00000000001,0.0,27.939999999999962,0.01091508578929273,0,1,815
816,0,0.02,3266437,120257.99999999999,0.6,3267687,123272.0,0.0,59.6800000000002,0.024813318032896024,0,1,816
817,0,0.03,3277031,124950.0,0.8999999999999999,3278288,125114.00000000001,0.0,4.020000000000072,0.0010724289715886549,0,1,817
818,0,0.04,3293583,133426.0,1.2,3294839,133273.0,0.0,-7.319999999999891,-0.0013715467749913605,0,1,818
819,0,0.04,3304586,128230.99999999999,1.2,3305841,128483.99999999999,0.0,8.919999999999892,0.0017390490598996912,0,1,819
820,0,0.04,3307340,131379.0,1.2,3308600,131288.0,0.0,-4.839999999999418,-0.0009209995509174636,0,1,820
821,0,0.03,3311464,132114.0,0.8999999999999999,3312713,133507.0,0.0,40.889999999999965,0.010316847571037126,0,1,821
822,0,0.02,3314214,136448.0,0.6,3315474,137305.0,0.0,16.53999999999987,0.006060916979362054,0,1,822
823,0,0.04,3318349,136909.0,1.2,3319607,136745.0,0.0,-7.759999999999491,-0.0014169996128814563,0,1,823
824,0,0.03,3327991,140484.0,0.8999999999999999,3329251,139404.0,0.0,-33.299999999999635,-0.007901255659007346,0,1,824
825,0,0.04,3331887,141137.0,1.2,3333144,139400.0,0.0,-70.68000000000048,-0.01251975031352524,0,1,825
826,0,0.03,3334641,136708.0,0.8999999999999999,3335901,138920.0,0.0,65.45999999999967,0.015961026421277388,0,1,826
827,0,0.04,3338766,136538.0,1.2,3340024,136366.0,0.0,-8.080000000000108,-0.0014794416206477515,0,1,827
828,0,0.04,3341518,132274.0,1.2,3342774,132354.0,0.0,1.9999999999998181,0.00037800323570766326,0,1,828
829,0,0.03,3348383,136764.0,0.8999999999999999,3349633,132518.0,0.0,-128.28000000000011,-0.03126553771460328,0,1,829
830,0,0.04,3355259,132174.0,1.2,3356518,133588.0,0.0,55.3600000000004,0.010471045742733139,0,1,830
831,0,0.02,3359386,128944.0,0.6,3360646,131600.0,0.0,52.51999999999989,0.020365429954088552,0,1,831
832,0,0.05,3366266,131925.0,1.5,3367526,130604.0,0.0,-67.54999999999927,-0.010240667045669777,0,1,832
833,0,0.03,3369023,128754.0,0.8999999999999999,3370282,127005.0,0.0,-53.37000000000025,-0.01381704646069255,0,1,833
834,0,0.02,3372857,127933.99999999999,0.6,3374117,127971.0,0.0,0.1400000000002365,5.471571278949947e-05,0,1,834
835,0,0.04,3379741,134114.0,1.2,3380999,133332.0,0.0,-32.48000000000066,-0.006054550606200817,0,1,835
836,0,0.05,3382467,134624.0,1.5,3383726,135152.0,0.0,24.899999999999636,0.0036991918231518354,0,1,836
837,0,0.05,3389359,132294.0,1.5,3390618,131536.0,0.0,-39.400000000000546,-0.005956430374771424,0,1,837
838,0,0.03,3396227,130935.99999999999,0.8999999999999999,3397486,128781.0,0.0,-65.54999999999964,-0.016687542005254387,0,1,838
839,0,0.05,3400362,126743.0,1.5,3401621,127336.99999999999,0.0,28.19999999999891,0.004449949898613558,0,1,839
840,0,0.05,3403122,128693.0,1.5,3404382,128807.0,0.0,4.199999999999818,0.0006527161539477388,0,1,840
841,0,0.07,3407261,127507.00000000001,2.1,3408520,124433.99999999999,0.0,-217.2100000000024,-0.024335918812300766,0,1,841
842,0,0.05,3420561,122458.99999999999,1.5,3421821,124319.0,0.0,91.50000000000091,0.014943777100907392,0,1,842
843,0,0.03,3423321,122614.00000000003,0.8999999999999999,3424581,122866.00000000001,0.0,6.659999999999945,0.0018105599686821907,0,1,843
844,0,0.04,3427459,126106.99999999999,1.2,3428718,125283.0,0.0,-34.16000000000004,-0.006772026929512248,0,1,844
845,0,0.04,3430217,122784.99999999999,1.2,3431475,123752.0,0.0,37.48000000000029,0.007631225312538236,0,1,845
846,0,0.04,3434347,123383.99999999999,1.2,3435606,121963.00000000001,0.0,-58.03999999999924,-0.01176003371587873,0,1,846
847,0,0.03,3437108,119150.0,0.8999999999999999,3438368,120199.0,0.0,30.5699999999998,0.008552245069240398,0,1,847
848,0,0.07,3442206,120908.0,2.1,3443461,121414.00000000001,0.0,33.32000000000007,0.00393687762596355,0,1,848
849,0,0.06,3458745,124339.0,1.7999999999999998,3460004,124067.0,0.0,-18.12000000000062,-0.0024288437256211673,0,1,849
850,0,0.06,3465335,124290.00000000001,1.7999999999999998,3466593,123622.0,0.0,-41.880000000000834,-0.005615898302357501,0,1,850
851,0,0.05,3468093,126257.0,1.5,3469353,126851.0,0.0,28.199999999999818,0.004467079053042574,0,1,851
852,0,0.05,3472233,125246.0,1.5,3473492,126983.99999999999,0.0,85.39999999999964,0.013637162065055912,0,1,852
853,0,0.05,3474993,124469.00000000001,1.5,3476253,124502.0,0.0,0.1499999999996362,2.4102386939661472e-05,0,1,853
854,0,0.06,3481888,125653.0,1.7999999999999998,3483147,126710.99999999999,0.0,61.679999999999566,0.008181261092055048,0,1,854
855,0,0.04,3486023,128679.0,1.2,3487282,129065.00000000001,0.0,14.24000000000051,0.002766574188484623,0,1,855
856,0,0.07,3488784,130040.0,2.1,3490044,131869.0,0.0,125.93000000000066,0.013834204860043135,0,1,856
857,0,0.05,3495438,132066.0,1.5,3496698,132349.0,0.0,12.650000000000546,0.001915708812260619,0,1,857
858,0,0.06,3509213,134978.0,1.7999999999999998,3510473,133915.0,0.0,-65.57999999999974,-0.008097615907777533,0,1,858
859,0,0.03,3554668,129319.0,0.8999999999999999,3555926,130231.0,0.0,26.46000000000013,0.006820343491675657,0,1,859
860,0,0.07,3558800,129533.99999999997,2.1,3560057,128986.99999999999,0.0,-40.389999999999056,-0.004454428953016093,0,1,860
861,0,0.06,3561558,128404.0,1.7999999999999998,3562815,129829.0,0.0,83.7,0.010864147534344726,0,1,861
862,0,0.06,3568448,129022.0,1.7999999999999998,3569707,128874.0,0.0,-10.68000000000011,-0.0013796096789694923,0,1,862
863,0,0.05,3575342,129633.99999999999,1.5,3576601,129308.99999999999,0.0,-17.75,-0.0027384791027045374,0,1,863
864,0,0.08,3579479,129454.0,2.4,3580739,129151.0,0.0,-26.63999999999978,-0.00257234229919506,0,1,864
865,0,0.06,3586120,126391.00000000001,1.7999999999999998,3587378,125867.0,0.0,-33.240000000001416,-0.004383223489014435,0,1,865
866,0,0.06,3595770,125329.0,1.7999999999999998,3597026,125280.0,0.0,-4.740000000000509,-0.000630340942639042,0,1,866
867,0,0.09,3599894,125939.0,2.6999999999999997,3601150,126091.00000000001,0.0,10.980000000000292,0.0009687229531757695,0,1,867
868,0,0.07,3602646,127273.99999999999,2.1,3603904,127678.0,0.0,26.180000000000653,0.00293854204315107,0,1,868
869,0,0.08,3606786,127006.99999999999,2.4,3608046,127408.0,0.0,29.67999999999993,0.0029210988370719656,0,1,869
870,0,0.03,3609546,131887.0,0.8999999999999999,3610806,131406.0,0.0,-15.329999999999837,-0.003874528952815627,0,1,870
871,0,0.07,3613684,131747.0,2.1,3614944,131916.0,0.0,9.729999999999928,0.001055052486963642,0,1,871
872,0,0.06,3616441,131569.0,1.7999999999999998,3617700,131591.0,0.0,-0.47999999999938137,-6.08045968274418e-05,0,1,872
873,0,0.06,3623339,131967.0,1.7999999999999998,3628497,132791.0,0.0,47.64000000000051,0.006016655679071348,0,1,873
874,0,0.08,3629994,133635.0,2.4,3631250,133767.0,0.0,8.15999999999949,0.0007632730946233667,0,1,874
875,0,0.05,3634122,129425.0,1.5,3635380,129841.00000000001,0.0,19.30000000000109,0.002982422252269823,0,1,875
876,0,0.03,3636879,132187.0,0.8999999999999999,3638139,131061.99999999999,0.0,-34.65000000000045,-0.008737621702588115,0,1,876
877,0,0.06,3641008,130717.0,1.7999999999999998,3642263,130531.0,0.0,-12.959999999999855,-0.0016524247037493027,0,1,877
878,0,0.06,3643765,129307.0,1.7999999999999998,3645025,130717.0,0.0,82.79999999999946,0.01067227605620725,0,1,878
879,0,0.06,3647897,129900.0,1.7999999999999998,3649150,129707.0,0.0,-13.379999999999928,-0.0017167051578136935,0,1,879
880,0,0.05,3650644,128286.99999999999,1.5,3651904,129293.0,0.0,48.80000000000109,0.007607941568514518,0,1,880
881,0,0.07,3654777,128817.99999999999,2.1,3656030,130678.0,0.0,128.10000000000073,0.01420608921113517,0,1,881
882,0,0.06,3657530,131136.0,1.7999999999999998,3658790,131140.0,0.0,-1.560000000000218,-0.00019826744753541085,0,1,882
883,0,0.08,3661669,130871.0,2.4,3662929,131147.0,0.0,19.67999999999993,0.0018797136111132267,0,1,883
884,0,0.06,3664429,131246.0,1.7999999999999998,3665689,130420.0,0.0,-51.35999999999949,-0.006522103530774207,0,1,884
885,0,0.07,3671330,127671.0,2.1,3672590,128051.0,0.0,24.500000000000362,0.00274142130945951,0,1,885
886,0,0.08,3677993,128963.00000000001,2.4,3679251,128728.0,0.0,-21.20000000000109,-0.002054852942316894,0,1,886
887,0,0.06,3681888,126658.0,1.7999999999999998,3683148,126985.99999999999,0.0,17.87999999999938,0.002352792559490831,0,1,887
888,0,0.05,3684650,125823.0,1.5,3685910,126860.99999999999,0.0,50.39999999999873,0.008011253904293924,0,1,888
889,0,0.06,3688792,125503.0,1.7999999999999998,3690051,125031.0,0.0,-30.11999999999971,-0.003999904384755705,0,1,889
890,0,0.05,3691552,124068.0,1.5,3692812,123055.0,0.0,-52.150000000000546,-0.008406680207628163,0,1,890
891,0,0.07,3695693,123458.99999999997,2.1,3696953,122229.0,0.0,-88.19999999999854,-0.010205817315869878,0,1,891
892,0,0.07,3698453,122573.99999999999,2.1,3699713,121750.0,0.0,-59.78000000000029,-0.006967219801915611,0,1,892
893,0,0.05,3702595,122193.0,1.5,3703855,121709.99999999999,0.0,-25.650000000000546,-0.004198276497017103,0,1,893
894,0,0.05,3705357,122204.00000000001,1.5,3706617,121735.99999999999,0.0,-24.900000000001455,-0.004075153022814548,0,1,894
895,0,0.04,3709498,120853.0,1.2,3710758,121458.99999999999,0.0,23.039999999999782,0.004766120824472662,0,1,895
896,0,0.06,3712260,121448.0,1.7999999999999998,3713520,119179.0,0.0,-137.94000000000034,-0.018929912390488156,0,1,896
897,0,0.06,3716401,121003.0,1.7999999999999998,3717661,122163.00000000001,0.0,67.80000000000128,0.009338611439385977,0,1,897
898,0,0.08,3729967,124844.0,2.4,3731227,124152.0,0.0,-57.76000000000058,-0.005783217455384377,0,1,898
899,0,0.06,3732727,123218.0,1.7999999999999998,3733987,123108.99999999999,0.0,-8.340000000000874,-0.0011280819360808857,0,1,899
900,0,0.08,3736869,122818.0,2.4,3738129,121133.99999999999,0.0,-137.12000000000117,-0.0139556091126709,0,1,900
901,0,0.06,3739629,119994.0,1.7999999999999998,3740889,117175.0,0.0,-170.93999999999943,-0.02374285380935706,0,1,901
902,0,0.04,3750621,116173.0,1.2,3751881,116018.0,0.0,-7.399999999999818,-0.001592452635293876,0,1,902
903,0,0.05,3764428,120122.0,1.5,3765688,119804.0,0.0,-17.399999999999636,-0.002897054661094493,0,1,903
904,0,0.06,3766950,118933.99999999999,1.7999999999999998,3779042,122766.00000000001,0.0,228.12000000000188,0.031967309600282774,0,1,904
905,0,0.04,3780544,122653.0,1.2,3781804,122158.0,0.0,-21.00000000000018,-0.004280368193195475,0,1,905
906,0,0.02,3784685,119750.0,0.6,3785944,118913.00000000001,0.0,-17.339999999999783,-0.007240083507306799,0,1,906
907,0,0.05,3787446,119654.00000000001,1.5,3788706,119508.0,0.0,-8.800000000000182,-0.0014709077841108832,0,1,907
908,0,0.03,3796903,119943.0,0.8999999999999999,3798163,118263.00000000001,0.0,-51.299999999999635,-0.014256771966684074,0,1,908
909,0,0.04,3798283,118668.0,1.2,3799541,118744.0,0.0,1.8399999999999637,0.0003876360939764645,0,1,909
910,0,0.04,3809326,123301.0,1.2,3810586,122798.0,0.0,-21.31999999999989,-0.004322754884388587,0,1,910
911,0,0.03,3812088,126198.0,0.8999999999999999,3813347,127550.0,0.0,39.65999999999995,0.010475601832041699,0,1,911
912,0,0.04,3815989,129207.99999999999,1.2,3817249,129343.0,0.0,4.2000000000005455,0.0008126431799889607,0,1,912
913,0,0.03,3818750,130083.99999999999,0.8999999999999999,3820010,129352.0,0.0,-22.85999999999958,-0.005857753451615772,0,1,913
914,0,0.04,3822891,129334.99999999999,1.2,3824151,128490.00000000001,0.0,-34.999999999999275,-0.006765376734835751,0,1,914
915,0,0.03,3825653,126068.0,0.8999999999999999,3826913,128439.00000000001,0.0,70.2300000000001,0.0185693435288892,0,1,915
916,0,0.03,3829795,126141.00000000001,0.8999999999999999,3831055,126558.0,0.0,11.609999999999308,0.003067995338549535,0,1,916
917,0,0.05,3836695,123344.00000000001,1.5,3837955,121935.99999999999,0.0,-71.90000000000146,-0.011658451160980906,0,1,917
918,0,0.05,3843325,120935.0,1.5,3844585,121123.0,0.0,7.900000000000546,0.0013064869558027943,0,1,918
919,0,0.05,3846087,120879.00000000001,1.5,3847347,120079.0,0.0,-41.5,-0.006866370502734138,0,1,919
920,0,0.04,3850229,120485.99999999999,1.2,3851489,120458.99999999999,0.0,-2.2799999999999274,-0.00047308400976045506,0,1,920
921,0,0.06,3852990,121007.0,1.7999999999999998,3854250,121076.0,0.0,2.339999999999418,0.00032229540439801253,0,1,921
922,0,0.05,3857130,120458.99999999999,1.5,3858390,119924.0,0.0,-28.24999999999909,-0.0046903925817081485,0,1,922
923,0,0.06,3859889,120007.0,1.7999999999999998,3861149,116531.0,0.0,-210.3600000000004,-0.029214962460523193,0,1,923
924,0,0.05,3863923,116238.00000000003,1.5,3865183,115373.0,0.0,-44.75000000000091,-0.007699719540942015,0,1,924
925,0,0.06,3866684,115379.0,1.7999999999999998,3867944,115519.0,0.0,6.599999999999636,0.0009533797311468633,0,1,925
926,0,0.05,3870824,114936.99999999999,1.5,3872083,117077.0,0.0,105.50000000000091,0.01835788301417314,0,1,926
927,0,0.05,3873583,117115.00000000001,1.5,3874842,118319.0,0.0,58.69999999999982,0.010024335055287506,0,1,927
928,0,0.07,3877723,119233.00000000001,2.1,3878983,119555.0,0.0,20.439999999999053,0.0024489864383181368,0,1,928
929,0,0.06,3880484,120446.0,1.7999999999999998,3881744,119852.0,0.0,-37.439999999999415,-0.005180744898128541,0,1,929
930,0,0.06,3897051,119248.0,1.7999999999999998,3898311,120272.0,0.0,59.6399999999996,0.008335569569300897,0,1,930
931,0,0.07,3903954,120298.0,2.1,3905214,118654.0,0.0,-117.17999999999992,-0.013915443315765838,0,1,931
932,0,0.07,3906715,119358.99999999997,2.1,3907975,117828.0,0.0,-109.26999999999825,-0.013078192679228003,0,1,932
933,0,0.07,3910857,121163.00000000001,2.1,3912117,120391.00000000001,0.0,-56.139999999999056,-0.0066191824236770825,0,1,933
934,0,0.04,3913619,118388.00000000001,1.2,3914879,117851.0,0.0,-22.680000000000472,-0.00478933675710386,0,1,934
935,0,0.07,3917761,119405.0,2.1,3918958,119183.0,0.0,-17.639999999999056,-0.0021104643859133744,0,1,935
936,0,0.06,3920460,118420.0,1.7999999999999998,3921720,118835.99999999999,0.0,23.159999999999126,0.0032595845296401406,0,1,936
937,0,0.06,3924602,119273.0,1.7999999999999998,3925862,121492.0,0.0,131.3399999999994,0.018352854376095094,0,1,937
938,0,0.06,3927364,122130.00000000001,1.7999999999999998,3928624,122497.0,0.0,20.219999999999526,0.0027593547858838297,0,1,938
939,0,0.06,3931497,120864.00000000003,1.7999999999999998,3932757,121013.00000000001,0.0,7.1399999999996,0.0009845777071749513,0,1,939
940,0,0.08,3934257,120623.0,2.4,3935517,120519.0,0.0,-10.71999999999971,-0.001110899248070404,0,1,940
941,0,0.08,3938157,118748.0,2.4,3939415,118767.0,0.0,-0.8799999999995634,-9.263313908440177e-05,0,1,941
942,0,0.06,3940915,118843.0,1.7999999999999998,3942175,118986.99999999999,0.0,6.839999999998509,0.0009592487567629154,0,1,942
943,0,0.08,3954723,118163.00000000001,2.4,3955983,118097.0,0.0,-7.680000000000655,-0.0008124370572853447,0,1,943
944,0,0.06,3961625,120148.0,1.7999999999999998,3962885,120070.0,0.0,-6.480000000000291,-0.0008988913673136868,0,1,944
945,0,0.06,3975263,116588.00000000001,1.7999999999999998,3980423,115879.0,0.0,-44.34000000000087,-0.006338559714550506,0,1,945
946,0,0.06,3995708,109084.99999999999,1.7999999999999998,3996968,109878.0,0.0,45.78000000000084,0.006994545537883432,0,1,946
947,0,0.06,4002607,108823.0,1.7999999999999998,4003867,109489.00000000001,0.0,38.16000000000095,0.005844352756310851,0,1,947
948,0,0.07,4020548,111753.0,2.1,4021808,113276.0,0.0,104.50999999999968,0.01335982031802274,0,1,948
949,0,0.06,4023310,115478.0,1.7999999999999998,4024570,115949.0,0.0,26.460000000000218,0.0038189092294636526,0,1,949
950,0,0.06,4034349,113972.0,1.7999999999999998,4035609,113367.0,0.0,-38.10000000000018,-0.005571543887972511,0,1,950
951,0,0.06,4037108,112488.00000000001,1.7999999999999998,4038368,112194.0,0.0,-19.440000000001238,-0.0028803072327716786,0,1,951
952,0,0.08,4041008,112235.99999999999,2.4,4042268,110785.99999999999,0.0,-118.4,-0.01318649987526284,0,1,952
953,0,0.08,4043768,111186.99999999999,2.4,4045027,110799.0,0.0,-33.43999999999905,-0.003759432307733712,0,1,953
954,0,0.09,4047906,110548.0,2.6999999999999997,4049166,111988.00000000001,0.0,126.90000000000036,0.012754640518146001,0,1,954
955,0,0.06,4050667,113208.99999999999,1.7999999999999998,4051927,113959.99999999999,0.0,43.25999999999949,0.006368751601021047,0,1,955
956,0,0.06,4054805,112498.0,1.7999999999999998,4056065,112973.0,0.0,26.7,0.003955625877793383,0,1,956
957,0,0.05,4057565,114993.0,1.5,4058825,114650.0,0.0,-18.650000000000546,-0.003243675701999347,0,1,957
958,0,0.07,4061705,112630.0,2.1,4062965,111600.0,0.0,-74.19999999999945,-0.009411346888040416,0,1,958
959,0,0.06,4071365,113976.0,1.7999999999999998,4072625,115765.00000000001,0.0,105.54000000000106,0.015433073629536198,0,1,959
960,0,0.06,4075505,116864.00000000003,1.7999999999999998,4076765,118813.00000000001,0.0,115.1399999999996,0.01642079682365821,0,1,960
961,0,0.04,4078264,118204.0,1.2,4079524,117469.0,0.0,-30.599999999999635,-0.00647186220432465,0,1,961
962,0,0.06,4082404,117623.0,1.7999999999999998,4083664,116701.0,0.0,-57.120000000000616,-0.00809365515247877,0,1,962
963,0,0.06,4085164,116625.0,1.7999999999999998,4086424,116433.99999999999,0.0,-13.260000000000947,-0.0018949624866024934,0,1,963
964,0,0.05,4092063,114648.0,1.5,4093322,114146.0,0.0,-26.600000000000364,-0.004640290279813056,0,1,964
965,0,0.06,4096201,111993.0,1.7999999999999998,4097461,110719.0,0.0,-78.2400000000005,-0.0116435848669114,0,1,965
966,0,0.06,4098962,110539.00000000001,1.7999999999999998,4100222,108760.99999999999,0.0,-108.48000000000211,-0.016356218167343967,0,1,966
967,0,0.07,4103093,109008.99999999999,2.1,4104353,108458.0,0.0,-40.66999999999971,-0.005329835151226007,0,1,967
968,0,0.04,4105853,108393.0,1.2,4107113,108191.00000000001,0.0,-9.279999999999927,-0.0021403596173184443,0,1,968
969,0,0.05,4109993,106921.0,1.5,4111252,106997.0,0.0,2.300000000000182,0.00043022418421080643,0,1,969
970,0,0.05,4112752,108199.00000000001,1.5,4114012,107708.99999999999,0.0,-26.00000000000091,-0.004805959389643325,0,1,970
971,0,0.05,4126119,106333.99999999999,1.5,4127379,108682.0,0.0,115.90000000000055,0.021799236368424124,0,1,971
972,0,0.05,4130258,107598.0,1.5,4131518,107246.0,0.0,-19.100000000000364,-0.003550251863417603,0,1,972
973,0,0.06,4137157,106119.0,1.7999999999999998,4138417,107338.00000000001,0.0,71.34000000000124,0.011204402604623307,0,1,973
974,0,0.04,4139917,105280.0,1.2,4141177,106614.00000000001,0.0,52.16000000000058,0.012386018237082205,0,1,974
975,0,0.09,4149367,106895.0,2.6999999999999997,4150627,106024.0,0.0,-81.08999999999942,-0.008428832031432654,0,1,975
976,0,0.07,4154887,107763.00000000001,2.1,4156147,109366.00000000001,0.0,110.11000000000004,0.014596846784146694,0,1,976
977,0,0.05,4157647,110920.0,1.5,4158907,110403.0,0.0,-27.349999999999454,-0.004931482149296692,0,1,977
978,0,0.05,4161787,108645.0,1.5,4163047,109451.0,0.0,38.80000000000018,0.007142528418242935,0,1,978
979,0,0.04,4164547,107684.99999999999,1.2,4165807,108793.0,0.0,43.120000000000616,0.010010679296095237,0,1,979
980,0,0.06,4168448,108779.0,1.7999999999999998,4169708,110160.99999999999,0.0,81.11999999999917,0.012428869542834427,0,1,980
981,0,0.05,4171208,110065.00000000001,1.5,4172468,109761.99999999999,0.0,-16.650000000001455,-0.003025484940717113,0,1,981
982,0,0.07,4175348,111950.0,2.1,4176608,112560.99999999999,0.0,40.669999999998616,0.0051898168825366695,0,1,982
983,0,0.06,4178108,111417.0,1.7999999999999998,4179368,111769.0,0.0,19.31999999999989,0.0028900437096672695,0,1,983
984,0,0.08,4182248,112734.99999999999,2.4,4183508,114223.0,0.0,116.64000000000087,0.012932984432518837,0,1,984
985,0,0.05,4185008,115545.0,1.5,4186268,117388.00000000001,0.0,90.65000000000146,0.015690856376303856,0,1,985
986,0,0.01,4191908,124020.0,0.3,4193168,123790.00000000001,0.0,-2.5999999999999543,-0.002096436058700173,0,1,986
987,0,0.03,4195809,120252.0,0.8999999999999999,4197069,120767.0,0.0,14.549999999999818,0.004033196953065179,0,1,987
988,0,0.03,4198569,123108.0,0.8999999999999999,4199829,122919.0,0.0,-6.570000000000073,-0.0017789258212301594,0,1,988
989,0,0.04,4202709,123030.0,1.2,4203969,122943.0,0.0,-4.679999999999564,-0.0009509875640086897,0,1,989
990,0,0.03,4205469,123358.99999999999,0.8999999999999999,4206729,122428.0,0.0,-28.829999999999835,-0.0077902706734003565,0,1,990
991,0,0.04,4209609,123215.0,1.2,4210869,124089.00000000001,0.0,33.76000000000003,0.006849815363389204,0,1,991
992,0,0.03,4212369,125989.0,0.8999999999999999,4213629,126092.0,0.0,2.189999999999691,0.0005794156632721086,0,1,992
993,0,0.03,4219269,127100.0,0.8999999999999999,4220529,124925.0,0.0,-66.15,-0.017348544453186468,0,1,993
994,0,0.04,4226169,125889.00000000001,1.2,4227429,125333.0,0.0,-23.44000000000069,-0.0046548943910907,0,1,994
995,0,0.05,4230309,124755.0,1.5,4231569,121980.0,0.0,-140.25,-0.022484068774798607,0,1,995
996,0,0.04,4235829,123946.0,1.2,4237089,122540.00000000001,0.0,-57.439999999999785,-0.01158569054265563,0,1,996
997,0,0.05,4242728,122951.0,1.5,4243988,122333.0,0.0,-32.399999999999636,-0.005270392270091278,0,1,997
998,0,0.05,4245488,124025.0,1.5,4246748,123939.00000000001,0.0,-5.799999999999272,-0.0009352953033661394,0,1,998
999,0,0.05,4249628,125600.0,1.5,4250888,124306.0,0.0,-66.19999999999982,-0.010541401273885321,0,1,999
1000,0,0.05,4252388,122797.0,1.5,4253648,123383.0,0.0,27.800000000000182,0.004527797910372433,0,1,1000
1001,0,0.03,4259288,124959.99999999999,0.8999999999999999,4260548,123348.0,0.0,-49.259999999999216,-0.013140204865556771,0,1,1001
1002,0,0.06,4263428,124271.0,1.7999999999999998,4264688,124520.0,0.0,13.140000000000509,0.0017622776029806511,0,1,1002
1003,0,0.05,4266188,126568.0,1.5,4267448,129285.99999999999,0.0,134.39999999999873,0.021237595600783567,0,1,1003
1004,0,0.04,4270327,128498.0,1.2,4271587,127907.0,0.0,-24.840000000000327,-0.004832760042957931,0,1,1004
1005,0,0.04,4273086,127711.99999999999,1.2,4274346,128902.0,0.0,46.40000000000036,0.009082936607366646,0,1,1005
1006,0,0.05,4277225,126629.00000000001,1.5,4278485,127773.0,0.0,55.69999999999982,0.00879735289704567,0,1,1006
1007,0,0.04,4279985,126508.99999999999,1.2,4281245,127368.0,0.0,33.16000000000058,0.006552893470029915,0,1,1007
1008,0,0.05,4284125,128049.00000000001,1.5,4285385,125708.0,0.0,-118.55000000000018,-0.018516349210068048,0,1,1008
1009,0,0.06,4291024,122750.0,1.7999999999999998,4292284,122423.0,0.0,-21.41999999999989,-0.002908350305498967,0,1,1009
1010,0,0.06,4293783,121975.0,1.7999999999999998,4295043,121014.00000000001,0.0,-59.45999999999894,-0.008124615699938368,0,1,1010
1011,0,0.06,4307344,126881.0,1.7999999999999998,4308604,127443.0,0.0,31.920000000000254,0.00419290516310562,0,1,1011
1012,0,0.06,4311484,128561.99999999999,1.7999999999999998,4312744,129451.0,0.0,51.54000000000106,0.0066816010951915635,0,1,1012
1013,0,0.03,4314243,128178.0,0.8999999999999999,4315503,129800.0,0.0,47.76000000000031,0.01242022812027033,0,1,1013
1014,0,0.03,4321141,125845.0,0.8999999999999999,4322401,131853.0,0.0,179.33999999999978,0.04750288052763314,0,1,1014
1015,0,0.04,4328040,132315.0,1.2,4329300,134432.0,0.0,83.47999999999938,0.01577296602803903,0,1,1015
1016,0,0.04,4331940,135945.0,1.2,4333200,136383.0,0.0,16.319999999999528,0.0030012137261391605,0,1,1016
1017,0,0.04,4338840,133373.0,1.2,4340100,134373.0,0.0,38.8,0.00727283633119147,0,1,1017
1018,0,0.04,4341600,133405.0,1.2,4342860,132863.0,0.0,-22.87999999999938,-0.004287695363741873,0,1,1018
1019,0,0.04,4348500,133237.0,1.2,4349760,132354.0,0.0,-36.52000000000062,-0.006852450895772312,0,1,1019
1020,0,0.06,4355398,133583.0,1.7999999999999998,4356658,135117.0,0.0,90.23999999999997,0.011258917676650469,0,1,1020
1021,0,0.06,4362298,136093.0,1.7999999999999998,4363558,133646.0,0.0,-148.62000000000063,-0.018200789166231992,0,1,1021
1022,0,0.05,4369198,133866.0,1.5,4370458,133480.0,0.0,-20.800000000000182,-0.003107585197137463,0,1,1022
1023,0,0.05,4373339,134661.0,1.5,4374599,134647.0,0.0,-2.199999999999818,-0.0003267464224979494,0,1,1023
1024,0,0.07,4389898,131412.0,2.1,4391158,132595.0,0.0,80.71000000000132,0.008773932365385343,0,1,1024
1025,0,0.06,4393799,134799.0,1.7999999999999998,4395059,134469.0,0.0,-21.600000000000183,-0.002670642957291991,0,1,1025
1026,0,0.07,4396559,133807.0,2.1,4397819,132849.0,0.0,-69.1600000000013,-0.007383769160059029,0,1,1026
1027,0,0.06,4400700,131984.0,1.7999999999999998,4401960,132258.0,0.0,14.639999999999599,0.0018487089344162422,0,1,1027
1028,0,0.04,4403460,131599.0,1.2,4404720,131094.0,0.0,-21.399999999999817,-0.004065380436021515,0,1,1028
1029,0,0.08,4414498,132722.0,2.4,4415758,132290.0,0.0,-36.95999999999949,-0.0034809602025285455,0,1,1029
1030,0,0.06,4417258,132193.0,1.7999999999999998,4418518,131746.0,0.0,-28.62000000000062,-0.0036083605032037275,0,1,1030
1031,0,0.03,4421398,126794.0,0.8999999999999999,4422658,126636.99999999999,0.0,-5.6100000000004915,-0.0014748331939998453,0,1,1031
1032,0,0.04,4424158,125556.99999999999,1.2,4425418,125504.0,0.0,-3.319999999999891,-0.0006610543418526827,0,1,1032
1033,0,0.08,4435197,126229.0,2.4,4436457,126931.0,0.0,53.759999999999856,0.005323657796544362,0,1,1033
1034,0,0.08,4437957,126608.99999999999,2.4,4439217,126691.00000000001,0.0,4.160000000001309,0.0004107132984228323,0,1,1034
1035,0,0.08,4442097,127411.99999999999,2.4,4443357,126656.0,0.0,-62.87999999999956,-0.006168963676890674,0,1,1035
1036,0,0.07,4444857,126864.00000000001,2.1,4446117,127491.00000000001,0.0,41.790000000001235,0.004705826712069756,0,1,1036
1037,0,0.06,4448993,128860.99999999999,1.7999999999999998,4450253,129632.0,0.0,44.46000000000113,0.005750382194768153,0,1,1037
1038,0,0.05,4451753,130318.0,1.5,4453013,130416.00000000001,0.0,3.4000000000005457,0.0005218005187311877,0,1,1038
1039,0,0.03,4455894,127336.99999999999,0.8999999999999999,4457154,127455.0,0.0,2.6400000000004185,0.0006910795762426786,0,1,1039
1040,0,0.04,4465555,121469.0,1.2,4466815,120811.99999999999,0.0,-27.480000000000654,-0.005655764022096307,0,1,1040
1041,0,0.04,4478905,117327.0,1.2,4480165,117563.00000000001,0.0,8.24000000000051,0.001755776590213785,0,1,1041
1042,0,0.07,4485807,117053.0,2.1,4487067,115842.0,0.0,-86.87000000000043,-0.01060203497560939,0,1,1042
1043,0,0.04,4492708,112800.0,1.2,4493968,113353.0,0.0,20.91999999999989,0.0046365248226950114,0,1,1043
1044,0,0.07,4496849,113198.0,2.1,4498109,113154.0,0.0,-5.179999999999927,-0.0006537217972048884,0,1,1044
1045,0,0.09,4499608,112873.0,2.6999999999999997,4500867,113213.00000000001,0.0,27.900000000000365,0.0027464495494937146,0,1,1045
1046,0,0.06,4505127,116018.0,1.7999999999999998,4506386,115000.0,0.0,-62.879999999999924,-0.009033081073626496,0,1,1046
1047,0,0.04,4507886,115710.99999999999,1.2,4509146,116355.0,0.0,24.56000000000022,0.00530632351288992,0,1,1047
1048,0,0.06,4514778,118609.99999999999,1.7999999999999998,4516038,119092.0,0.0,27.12000000000098,0.0038108085321643744,0,1,1048
1049,0,0.05,4517538,119622.0,1.5,4518798,119821.0,0.0,8.449999999999818,0.0014127836016785906,0,1,1049
1050,0,0.06,4524172,120367.0,1.7999999999999998,4525432,120743.0,0.0,20.7600000000004,0.0028745420256383117,0,1,1050
1051,0,0.06,4531074,118828.0,1.7999999999999998,4532334,119064.00000000001,0.0,12.360000000001673,0.0017335981418523235,0,1,1051
1052,0,0.05,4535214,121154.00000000001,1.5,4536474,120883.0,0.0,-15.050000000000182,-0.002484441289598392,0,1,1052
1053,0,0.06,4537975,121470.0,1.7999999999999998,4539235,121882.0,0.0,22.920000000000254,0.003144809417963318,0,1,1053
1054,0,0.05,4544876,122647.0,1.5,4546136,123401.0,0.0,36.19999999999982,0.005903120337227949,0,1,1054
1055,0,0.05,4549018,122842.0,1.5,4550278,123268.0,0.0,19.800000000000182,0.0032236531479461717,0,1,1055
1056,0,0.07,4555650,123480.0,2.1,4556910,123794.0,0.0,19.879999999999562,0.002299967606090004,0,1,1056
1057,0,0.07,4558412,124926.00000000001,2.1,4559672,125661.99999999999,0.0,49.419999999998616,0.005651345596593024,0,1,1057
1058,0,0.05,4562552,124592.0,1.5,4563812,124968.0,0.0,17.300000000000182,0.0027770643379992585,0,1,1058
1059,0,0.05,4565313,123528.0,1.5,4566573,123415.00000000001,0.0,-7.149999999999636,-0.0011576322777021623,0,1,1059
1060,0,0.08,4569455,121615.0,2.4,4570715,120849.0,0.0,-63.68000000000065,-0.006545245241129862,0,1,1060
1061,0,0.08,4572217,119975.0,2.4,4573477,120423.0,0.0,33.44000000000015,0.0034840591789956393,0,1,1061
1062,0,0.08,4576237,119875.0,2.4,4577497,122024.0,0.0,169.52000000000007,0.017676746611053187,0,1,1062
1063,0,0.06,4578997,122627.0,1.7999999999999998,4580257,122863.00000000001,0.0,12.360000000000763,0.0016798910517260696,0,1,1063
1064,0,0.06,4583135,124561.99999999999,1.7999999999999998,4584395,124788.00000000001,0.0,11.760000000002218,0.0015735135916253513,0,1,1064
1065,0,0.06,4585895,124464.0,1.7999999999999998,4587155,124790.00000000001,0.0,17.7600000000004,0.002378197711788201,0,1,1065
1066,0,0.08,4590035,125088.00000000001,2.4,4591295,125289.00000000001,0.0,13.679999999999927,0.0013670376055257025,0,1,1066
1067,0,0.07,4592795,124353.0,2.1,4594055,124724.0,0.0,23.869999999999344,0.0027421935940426896,0,1,1067
1068,0,0.09,4596935,125551.0,2.6999999999999997,4598195,125624.0,0.0,3.8699999999997092,0.0003424903027454721,0,1,1068
1069,0,0.06,4603834,127454.99999999999,1.7999999999999998,4605094,128147.0,0.0,39.72000000000044,0.005193990035698932,0,1,1069
1070,0,0.05,4609354,128891.00000000001,1.5,4610614,127894.0,0.0,-51.350000000000364,-0.00796797293837434,0,1,1070
1071,0,0.06,4612114,128123.0,1.7999999999999998,4613374,128482.0,0.0,19.739999999999963,0.0025678449614823205,0,1,1071
1072,0,0.08,4619013,126411.99999999999,2.4,4620273,126852.0,0.0,32.80000000000073,0.0032433629718698316,0,1,1072
1073,0,0.06,4625913,122807.0,1.7999999999999998,4627173,122929.0,0.0,5.519999999999709,0.0007491429641632412,0,1,1073
1074,0,0.06,4630052,122369.0,1.7999999999999998,4631312,121958.99999999999,0.0,-26.400000000000365,-0.0035956819129028274,0,1,1074
1075,0,0.08,4632812,122507.99999999999,2.4,4634072,122772.0,0.0,18.720000000000802,0.001910079341757355,0,1,1075
1076,0,0.08,4636951,123799.0,2.4,4638211,125889.00000000001,0.0,164.80000000000072,0.016639875927915482,0,1,1076
1077,0,0.04,4639711,124694.0,1.2,4640971,125492.0,0.0,30.720000000000073,0.006159077421527915,0,1,1077
1078,0,0.06,4643851,125226.0,1.7999999999999998,4645111,125714.00000000001,0.0,27.480000000000654,0.0036573874435022356,0,1,1078
1079,0,0.09,4650512,126170.0,2.6999999999999997,4651772,126803.0,0.0,54.27000000000116,0.004779266069588753,0,1,1079
1080,0,0.07,4653271,126576.00000000001,2.1,4654531,127804.0,0.0,83.85999999999913,0.009464669447604502,0,1,1080
1081,0,0.07,4657411,129415.0,2.1,4658671,128703.0,0.0,-51.94000000000015,-0.005733493026310721,0,1,1081
1082,0,0.05,4660171,127778.0,1.5,4661431,126734.99999999999,0.0,-53.650000000000546,-0.00839737670021452,0,1,1082
1083,0,0.09,4664311,126666.99999999999,2.6999999999999997,4665571,125991.00000000001,0.0,-63.53999999999833,-0.0055736695429747405,0,1,1083
1084,0,0.09,4671211,124474.0,2.6999999999999997,4672471,124625.0,0.0,10.890000000000146,0.000972090557064139,0,1,1084
1085,0,0.1,4673970,125222.0,3.0,4675230,125583.0,0.0,33.100000000000364,0.0026433054894507645,0,1,1085
1086,0,0.07,4680869,124655.0,2.1,4682129,124135.99999999999,0.0,-38.42999999999993,-0.004404155469094693,0,1,1086
1087,0,0.09,4698563,124227.00000000001,2.6999999999999997,4699823,124156.0,0.0,-9.090000000001236,-0.0008130277636907736,0,1,1087
1088,0,0.07,4701323,124442.0,2.1,4702583,125421.0,0.0,66.43000000000066,0.007626042654409359,0,1,1088
1089,0,0.08,4705463,124939.00000000001,2.4,4706723,126105.0,0.0,90.87999999999883,0.009092437109309225,0,1,1089
1090,0,0.06,4708223,125904.99999999999,1.7999999999999998,4709483,126919.0,0.0,59.04000000000015,0.007815416385369943,0,1,1090
1091,0,0.07,4712363,126866.00000000003,2.1,4713623,126660.99999999999,0.0,-16.450000000002184,-0.0018523481468638652,0,1,1091
1092,0,0.06,4719262,126197.0,1.7999999999999998,4720522,127594.0,0.0,82.01999999999971,0.010832270180749108,0,1,1092
1093,0,0.06,4728920,128865.00000000001,1.7999999999999998,4730180,128627.0,0.0,-16.080000000000656,-0.002079695805688208,0,1,1093
1094,0,0.09,4735819,128576.0,2.6999999999999997,4737079,129114.00000000001,0.0,45.72000000000007,0.003950970632155307,0,1,1094
1095,0,0.05,4739959,131159.0,1.5,4741219,130817.0,0.0,-18.600000000000364,-0.002836252182465612,0,1,1095
1096,0,0.06,4742719,132041.0,1.7999999999999998,4743979,132607.0,0.0,32.16000000000004,0.004059345203383803,0,1,1096
1097,0,0.05,4746619,134167.0,1.5,4747879,133417.0,0.0,-39.0,-0.005813650152421981,0,1,1097
1098,0,0.05,4749379,134742.0,1.5,4750639,134669.0,0.0,-5.149999999999636,-0.0007644238618989826,0,1,1098
1099,0,0.05,4756278,133322.0,1.5,4757538,132084.0,0.0,-63.399999999999636,-0.009510808418715535,0,1,1099
1100,0,0.07,4763178,129179.0,2.1,4764438,129689.00000000001,0.0,33.600000000000726,0.0037157742357504728,0,1,1100
1101,0,0.05,4767317,129447.0,1.5,4768577,128380.0,0.0,-54.850000000000364,-0.008474510803649426,0,1,1101
1102,0,0.09,4776976,126879.99999999999,2.6999999999999997,4778236,127463.00000000001,0.0,49.77000000000116,0.0043584489281211615,0,1,1102
1103,0,0.08,4788013,128556.99999999999,2.4,4789273,128075.0,0.0,-40.95999999999949,-0.003982669166206381,0,1,1103
1104,0,0.07,4790773,129002.0,2.1,4792033,128013.00000000001,0.0,-71.32999999999956,-0.007899102339498563,0,1,1104
1105,0,0.07,4794911,127658.99999999997,2.1,4796171,127749.0,0.0,4.200000000001092,0.00047000211500963974,0,1,1105
1106,0,0.07,4797671,126673.0,2.1,4798931,127282.0,0.0,40.53000000000102,0.004570824090374543,0,1,1106
1107,0,0.08,4804570,127744.0,2.4,4805830,127006.0,0.0,-61.44000000000087,-0.006012024048096277,0,1,1107
1108,0,0.08,4808710,127757.99999999999,2.4,4809970,128079.0,0.0,23.280000000000292,0.0022777438594843665,0,1,1108
1109,0,0.07,4811470,128604.0,2.1,4812730,127566.00000000001,0.0,-74.75999999999803,-0.00830456284407928,0,1,1109
1110,0,0.07,4815609,128086.99999999999,2.1,4816869,127851.0,0.0,-18.61999999999862,-0.002076713483803823,0,1,1110
1111,0,0.08,4822507,128194.0,2.4,4823767,129144.0,0.0,73.6,0.007176622930870399,0,1,1111
1112,0,0.06,4828971,129394.0,1.7999999999999998,4830231,128505.0,0.0,-55.14000000000014,-0.007102338593752434,0,1,1112
1113,0,0.06,4831730,127490.00000000001,1.7999999999999998,4832990,128064.00000000001,0.0,32.6399999999996,0.004267001333437864,0,1,1113
1114,0,0.07,4835869,126617.99999999999,2.1,4837129,126463.00000000001,0.0,-12.949999999998544,-0.0014610876810562416,0,1,1114
1115,0,0.07,4838629,124703.0,2.1,4839889,124788.00000000001,0.0,3.8500000000007275,0.0004410479298814815,0,1,1115
1116,0,0.08,4842767,124334.99999999999,2.4,4844027,125516.00000000001,0.0,92.08000000000138,0.00925724856235185,0,1,1116
1117,0,0.07,4845526,125348.99999999999,2.1,4846786,125565.00000000001,0.0,13.0200000000008,0.0014838570710576985,0,1,1117
1118,0,0.12,4849665,126168.0,3.5999999999999996,4850925,126547.0,0.0,41.87999999999956,0.0027661530657535696,0,1,1118
1119,0,0.12,4852425,126696.0,3.5999999999999996,4853685,127398.0,0.0,80.6400000000016,0.005304034855086297,0,1,1119
1120,0,0.13,4857942,129405.99999999999,3.9000000000000004,4859202,130321.0,0.0,115.05000000000072,0.00683894100737219,0,1,1120
1121,0,0.08,4860701,132025.0,2.4,4861961,131497.0,0.0,-44.63999999999978,-0.004226472259041827,0,1,1121
1122,0,0.06,4863461,132092.0,1.7999999999999998,4864721,132042.0,0.0,-4.8,-0.000605638494382703,0,1,1122
1123,0,0.08,4867600,131033.99999999999,2.4,4868860,131742.0,0.0,54.24000000000124,0.0051742295892670265,0,1,1123
1124,0,0.07,4874260,134071.0,2.1,4875520,132897.0,0.0,-84.28000000000029,-0.008980316399519687,0,1,1124
1125,0,0.08,4881158,134185.0,2.4,4882418,135763.0,0.0,123.83999999999978,0.011536311808324306,0,1,1125
1126,0,0.04,4883918,134673.0,1.2,4885178,134953.0,0.0,9.999999999999819,0.0018563483400532807,0,1,1126
1127,0,0.06,4888058,133849.0,1.7999999999999998,4889318,134567.0,0.0,41.27999999999993,0.005140120583642753,0,1,1127
1128,0,0.06,4890818,134855.0,1.7999999999999998,4892078,133192.0,0.0,-101.57999999999974,-0.01255422490823474,0,1,1128
1129,0,0.04,4894958,132527.0,1.2,4896218,131520.0,0.0,-41.47999999999975,-0.007824820602594141,0,1,1129
1130,0,0.05,4897718,132199.0,1.5,4898978,131472.0,0.0,-37.850000000000364,-0.005726215780754826,0,1,1130
1131,0,0.05,4908528,132989.0,1.5,4909788,132462.0,0.0,-27.850000000000364,-0.00418831632691431,0,1,1131
1132,0,0.06,4915428,131744.0,1.7999999999999998,4916688,131749.0,0.0,-1.499999999999818,-0.0001897619625940989,0,1,1132
1133,0,0.04,4918188,131699.0,1.2,4919448,132182.0,0.0,18.11999999999971,0.003439661652708014,0,1,1133
1134,0,0.06,4922328,133906.0,1.7999999999999998,4923588,132510.0,0.0,-85.56000000000022,-0.010649261422191714,0,1,1134
1135,0,0.06,4929228,132600.0,1.7999999999999998,4930488,132517.0,0.0,-6.780000000000473,-0.0008521870286576763,0,1,1135
1136,0,0.09,4931988,131616.0,2.6999999999999997,4933248,131349.0,0.0,-26.729999999998835,-0.0022565645514222212,0,1,1136
1137,0,0.08,4936128,131128.0,2.4,4937388,133345.0,0.0,174.96000000000058,0.01667836007565133,0,1,1137
1138,0,0.06,4938888,133091.0,1.7999999999999998,4940148,134545.0,0.0,85.43999999999978,0.010699446243547621,0,1,1138
1139,0,0.07,4943027,134534.0,2.1,4944287,132566.0,0.0,-139.8600000000002,-0.014851264364398611,0,1,1139
1140,0,0.07,4948546,133324.0,2.1,4949806,133333.0,0.0,-1.4699999999989815,-0.00015751102577169488,0,1,1140
1141,0,0.07,4955446,134041.0,2.1,4956706,135110.0,0.0,72.72999999999993,0.007751359658611909,0,1,1141
1142,0,0.05,4958206,133819.0,1.5,4959466,134433.0,0.0,29.199999999999818,0.00436410375208301,0,1,1142
1143,0,0.06,4965105,134552.0,1.7999999999999998,4966365,133553.0,0.0,-61.74000000000051,-0.007647600927522508,0,1,1143
1144,0,0.08,4969242,133082.0,2.4,4970502,132270.0,0.0,-67.35999999999913,-0.006326926255992465,0,1,1144
1145,0,0.08,4972001,131719.0,2.4,4973261,132373.0,0.0,49.91999999999971,0.0047373575566167095,0,1,1145
1146,0,0.07,4976127,130466.00000000003,2.1,4977387,130451.0,0.0,-3.1500000000010915,-0.0003449174497571442,0,1,1146
1147,0,0.07,4978887,131266.0,2.1,4980147,131392.0,0.0,6.719999999999709,0.000731339417670957,0,1,1147
1148,0,0.06,4983026,131498.0,1.7999999999999998,4984286,131177.0,0.0,-21.06000000000022,-0.002669242117750868,0,1,1148
1149,0,0.08,4985786,132095.0,2.4,4987046,131906.0,0.0,-17.5200000000008,-0.0016578977251221468,0,1,1149
1150,0,0.06,4989923,129222.0,1.7999999999999998,4991183,129045.0,0.0,-12.419999999999892,-0.0016018944142638112,0,1,1150
1151,0,0.05,5003478,130052.0,1.5,5004738,130209.99999999999,0.0,6.399999999999636,0.0009842216959369539,0,1,1151
1152,0,0.07,5006238,129990.0,2.1,5007498,129297.0,0.0,-50.61000000000022,-0.005561966305100416,0,1,1152
1153,0,0.09,5010378,129679.99999999999,2.6999999999999997,5011638,129709.99999999999,0.0,-1.0911271886016038e-12,-9.348886049434539e-17,0,1,1153
1154,0,0.09,5013137,129683.99999999999,2.6999999999999997,5014397,129840.00000000001,0.0,11.340000000002693,0.0009715924863516698,0,1,1154
1155,0,0.1,5017275,129551.0,3.0,5018535,130006.0,0.0,42.5,0.0032805613233398427,0,1,1155
1156,0,0.07,5020034,130279.0,2.1,5021294,128044.0,0.0,-158.5499999999989,-0.017385764397945824,0,1,1156
1157,0,0.07,5024171,127465.0,2.1,5025431,126941.00000000001,0.0,-38.77999999999847,-0.004346291138743797,0,1,1157
1158,0,0.09,5031070,125853.99999999999,2.6999999999999997,5032330,125182.0,0.0,-63.179999999999566,-0.005577891842929071,0,1,1158
1159,0,0.09,5033828,124889.0,2.6999999999999997,5035088,125244.0,0.0,29.24999999999891,0.0026023108520365113,0,1,1159
1160,0,0.08,5037966,125353.0,2.4,5045882,124216.00000000001,0.0,-93.35999999999913,-0.009309709380708792,0,1,1160
1161,0,0.06,5051520,122800.0,1.7999999999999998,5052780,122764.00000000001,0.0,-3.959999999998945,-0.000537459283387479,0,1,1161
1162,0,0.06,5054280,122304.0,1.7999999999999998,5055540,123058.99999999999,0.0,43.499999999999275,0.005927851909994669,0,1,1162
1163,0,0.06,5065315,122356.0,1.7999999999999998,5066575,121619.0,0.0,-46.02000000000025,-0.006268593285167905,0,1,1163
1164,0,0.08,5068073,120930.99999999999,2.4,5069333,121356.0,0.0,31.6,0.003266325425242494,0,1,1164
1165,0,0.07,5081867,117479.0,2.1,5083127,118422.0,0.0,63.91000000000022,0.007771601733075725,0,1,1165
1166,0,0.08,5086000,119614.00000000001,2.4,5087260,119651.0,0.0,0.559999999999127,5.852157774164468e-05,0,1,1166
1167,0,0.07,5092898,120216.00000000003,2.1,5094158,120629.0,0.0,26.809999999998034,0.003185931989086077,0,1,1167
1168,0,0.07,5095654,119974.99999999999,2.1,5096914,119930.0,0.0,-5.249999999999636,-0.0006251302354656786,0,1,1168
1169,0,0.08,5099553,119183.99999999999,2.4,5100813,119696.0,0.0,38.56000000000095,0.004044167002282285,0,1,1169
1170,0,0.07,5102312,120024.99999999999,2.1,5103572,119614.00000000001,0.0,-30.86999999999862,-0.0036742345344718207,0,1,1170
1171,0,0.07,5106451,119774.99999999999,2.1,5107710,120610.99999999999,0.0,56.420000000000435,0.0067292840743060425,0,1,1171
1172,0,0.07,5109208,120221.0,2.1,5110468,119398.0,0.0,-59.71000000000058,-0.007095266218048496,0,1,1172
1173,0,0.1,5113346,119917.0,3.0,5114606,120344.0,0.0,39.70000000000073,0.0033106231810336086,0,1,1173
1174,0,0.09,5116106,120676.0,2.6999999999999997,5117366,119888.00000000001,0.0,-73.62000000000008,-0.006778481222446889,0,1,1174
1175,0,0.08,5122989,118357.99999999999,2.4,5124249,119167.0,0.0,62.320000000001166,0.006581726625999211,0,1,1175
1176,0,0.06,5127128,120453.0,1.7999999999999998,5128388,119844.0,0.0,-38.33999999999996,-0.005304973724191173,0,1,1176
1177,0,0.07,5129887,119958.00000000001,2.1,5131147,120306.0,0.0,22.25999999999876,0.0026509278247385105,0,1,1177
1178,0,0.08,5134025,118896.0,2.4,5135285,119294.0,0.0,29.440000000000147,0.0030951419728165947,0,1,1178
1179,0,0.04,5136785,122286.99999999999,1.2,5138045,121781.0,0.0,-21.43999999999978,-0.004383131485767045,0,1,1179
1180,0,0.08,5143683,122550.0,2.4,5144943,122630.0,0.0,3.9999999999996363,0.0004079967360260747,0,1,1180
1181,0,0.06,5147819,123164.0,1.7999999999999998,5149079,123269.0,0.0,4.499999999999273,0.0006089441719982127,0,1,1181
1182,0,0.07,5157453,123401.00000000001,2.1,5158713,123298.0,0.0,-9.310000000000946,-0.001077787051968894,0,1,1182
1183,0,0.07,5161584,122786.99999999999,2.1,5162843,122610.99999999999,0.0,-14.419999999999709,-0.0016777020368605457,0,1,1183
1184,0,0.07,5164341,122299.99999999999,2.1,5165599,120980.0,0.0,-94.49999999999963,-0.01103843008994272,0,1,1184
1185,0,0.08,5168474,120307.99999999999,2.4,5169733,121184.99999999999,0.0,67.75999999999985,0.007040263324134706,0,1,1185
1186,0,0.07,5171223,121390.0,2.1,5172483,122190.00000000001,0.0,53.9,0.006343191366669412,0,1,1186
1187,0,0.09,5175350,122158.99999999999,2.6999999999999997,5176607,122513.00000000001,0.0,29.160000000002402,0.002652281043558205,0,1,1187
1188,0,0.08,5181789,121442.0,2.4,5183046,122007.0,0.0,42.79999999999891,0.0044053951680636545,0,1,1188
1189,0,0.08,5184539,122420.0,2.4,5185797,122172.0,0.0,-22.240000000000144,-0.002270870772749565,0,1,1189
1190,0,0.08,5188664,123867.0,2.4,5189923,123711.99999999999,0.0,-14.800000000001456,-0.0014935374232040671,0,1,1190
1191,0,0.07,5191411,123733.99999999997,2.1,5192671,124840.00000000001,0.0,75.3200000000019,0.008696073835809294,0,1,1191
1192,0,0.09,5195543,124307.0,2.6999999999999997,5196803,124579.0,0.0,21.779999999999564,0.0019467930205056448,0,1,1192
1193,0,0.1,5198296,124239.00000000001,3.0,5199556,123828.0,0.0,-44.100000000000364,-0.003549610025837326,0,1,1193
1194,0,0.05,5205177,126192.0,1.5,5206437,125544.0,0.0,-33.899999999999636,-0.005372765310003746,0,1,1194
1195,0,0.07,5207739,126716.00000000003,2.1,5208996,126614.00000000001,0.0,-9.240000000001237,-0.0010416995485970015,0,1,1195
1196,0,0.07,5210489,127460.0,2.1,5211749,127996.0,0.0,35.420000000000435,0.003969872901302417,0,1,1196
1197,0,0.09,5213244,128111.99999999999,2.6999999999999997,5214504,128315.00000000001,0.0,15.570000000002256,0.0013503809166980853,0,1,1197
1198,0,0.07,5216000,129513.00000000001,2.1,5217259,128481.0,0.0,-74.3400000000016,-0.008199949039864898,0,1,1198
1199,0,0.09,5227003,128957.0,2.6999999999999997,5228263,129307.0,0.0,28.8,0.00248144730414014,0,1,1199
1200,0,0.11,5236387,128133.99999999999,3.3,5237636,129956.0,0.0,197.12000000000188,0.013985359077216175,0,1,1200
1201,0,0.09,5243263,132099.0,2.6999999999999997,5244523,131774.0,0.0,-31.95,-0.002687378405589747,0,1,1201
1202,0,0.1,5247388,131484.0,3.0,5248648,130654.0,0.0,-86.0,-0.006540719783395698,0,1,1202
1203,0,0.1,5250136,131038.00000000003,3.0,5251396,131427.0,0.0,35.89999999999782,0.0027396633037743106,0,1,1203
1204,0,0.07,5257024,131188.0,2.1,5258282,132088.0,0.0,60.9,0.006631704119279201,0,1,1204
1205,0,0.08,5260910,133950.0,2.4,5262168,133853.0,0.0,-10.160000000000219,-0.0009481149682717636,0,1,1205
1206,0,0.06,5263667,132579.0,1.7999999999999998,5264927,132830.0,0.0,13.25999999999949,0.0016669306602100748,0,1,1206
1207,0,0.09,5267790,132918.0,2.6999999999999997,5269004,131993.0,0.0,-85.95,-0.007184880904016011,0,1,1207
1208,0,0.07,5270499,131415.0,2.1,5271759,129020.0,0.0,-169.74999999999963,-0.01845299242856595,0,1,1208
1209,0,0.08,5277373,128591.0,2.4,5278632,130009.99999999999,0.0,111.11999999999861,0.010801689076218262,0,1,1209
1210,0,0.09,5281488,130085.99999999999,2.6999999999999997,5282747,131064.00000000001,0.0,85.32000000000225,0.0072874867395417275,0,1,1210
1211,0,0.09,5284233,129629.99999999999,2.6999999999999997,5285485,130177.0,0.0,46.53000000000138,0.0039882743192163495,0,1,1211
1212,0,0.1,5288349,130665.00000000001,3.0,5289598,131430.0,0.0,73.49999999999818,0.005625071748363997,0,1,1212
1213,0,0.07,5291087,130908.99999999997,2.1,5292345,131236.0,0.0,20.790000000001235,0.0022687515755220626,0,1,1213
1214,0,0.08,5295212,131625.0,2.4,5296472,130916.00000000001,0.0,-59.119999999999344,-0.005614434947768219,0,1,1214
1215,0,0.06,5297961,129093.0,1.7999999999999998,5299221,129213.00000000001,0.0,5.400000000000728,0.0006971718063722443,0,1,1215
1216,0,0.07,5304826,129283.0,2.1,5306084,129183.99999999999,0.0,-9.03000000000211,-0.000997811003767163,0,1,1216
1217,0,0.1,5308948,130443.0,3.0,5310207,130800.0,0.0,32.69999999999891,0.002506842068949572,0,1,1217
1218,0,0.07,5311701,129202.0,2.1,5312959,129015.00000000001,0.0,-15.190000000000145,-0.001679540564387564,0,1,1218
1219,0,0.08,5315832,127654.0,2.4,5317089,127409.99999999999,0.0,-21.920000000000435,-0.0021464270606483577,0,1,1219
1220,0,0.09,5321326,127148.0,2.6999999999999997,5322585,127577.0,0.0,35.91000000000058,0.003138075313807582,0,1,1220
1221,0,0.1,5324077,127790.00000000001,3.0,5325336,128536.99999999999,0.0,71.69999999999709,0.005610767665701313,0,1,1221
1222,0,0.1,5328193,128263.00000000003,3.0,5329451,127549.0,0.0,-74.40000000000146,-0.005800581617457992,0,1,1222
1223,0,0.08,5337800,128433.99999999999,2.4,5339060,128588.00000000001,0.0,9.920000000001528,0.0009654764314746804,0,1,1223
1224,0,0.09,5344679,128615.00000000001,2.6999999999999997,5345939,127788.00000000001,0.0,-77.1300000000003,-0.0066632974380904505,0,1,1224
1225,0,0.11,5348800,127445.0,3.3,5350057,127376.0,0.0,-10.890000000000146,-0.0007768056808819594,0,1,1225
1226,0,0.09,5351554,128394.0,2.6999999999999997,5352814,128473.0,0.0,4.410000000000583,0.00038163777123546643,0,1,1226
1227,0,0.09,5355435,127925.0,2.6999999999999997,5356693,128033.0,0.0,7.019999999999346,0.000609732264998966,0,1,1227
1228,0,0.09,5358184,128816.99999999999,2.6999999999999997,5359444,130627.0,0.0,160.20000000000147,0.013818051965191057,0,1,1228
1229,0,0.06,5362319,132537.0,1.7999999999999998,5363579,132929.0,0.0,21.720000000000436,0.0027313127654919555,0,1,1229
1230,0,0.08,5371951,134367.0,2.4,5373211,134095.0,0.0,-24.160000000000217,-0.002247575669621281,0,1,1230
1231,0,0.05,5376080,134565.0,1.5,5377340,135510.0,0.0,45.75,0.006799687883179133,0,1,1231
1232,0,0.03,5382976,141709.0,0.8999999999999999,5384236,140919.0,0.0,-24.599999999999817,-0.00578650614992692,0,1,1232
1233,0,0.03,5389870,142659.0,0.8999999999999999,5391129,141783.0,0.0,-27.179999999999744,-0.0063508085714885955,0,1,1233
1234,0,0.04,5399299,140456.0,1.2,5400559,141485.0,0.0,39.96000000000076,0.007112547701771509,0,1,1234
1235,0,0.04,5403434,140501.0,1.2,5404694,142632.0,0.0,84.03999999999978,0.014953630223272393,0,1,1235
1236,0,0.03,5406194,144212.0,0.8999999999999999,5407454,142542.0,0.0,-50.99999999999945,-0.011788200704518222,0,1,1236
1237,0,0.05,5410330,141680.0,1.5,5411590,142435.0,0.0,36.25,0.0051171654432524,0,1,1237
1238,0,0.04,5413084,141583.0,1.2,5414344,141665.0,0.0,2.0800000000006547,0.0003672757322561068,0,1,1238
1239,0,0.02,5419978,143833.0,0.6,5421238,144090.0,0.0,4.540000000000328,0.0015782191847490937,0,1,1239
1240,0,0.02,5431011,150148.0,0.6,5432271,151370.0,0.0,23.840000000000053,0.007938833684098374,0,1,1240
1241,0,0.06,5440663,149748.0,1.7999999999999998,5441922,152845.0,0.0,184.0199999999997,0.020481074872452355,0,1,1241
1242,0,0.03,5447560,152746.0,0.8999999999999999,5448818,152410.0,0.0,-10.979999999999928,-0.0023961347596663583,0,1,1242
1243,0,0.04,5451465,154524.0,1.2,5452725,155491.0,0.0,37.48000000000029,0.006063782972224426,0,1,1243
1244,0,0.03,5454225,151802.0,0.8999999999999999,5455485,150536.0,0.0,-38.87999999999956,-0.008537436924414603,0,1,1244
1245,0,0.03,5461123,149680.99999999997,0.8999999999999999,5462382,148693.0,0.0,-30.539999999999417,-0.006801130403992362,0,1,1245
1246,0,0.04,5472162,153119.0,1.2,5473422,150437.0,0.0,-108.47999999999975,-0.01771171441819757,0,1,1246
1247,0,0.03,5479058,147849.0,0.8999999999999999,5480318,149883.0,0.0,60.11999999999953,0.013554369660937742,0,1,1247
1248,0,0.04,5481817,150692.0,1.2,5483077,150557.0,0.0,-6.600000000000546,-0.0010949486369549388,0,1,1248
1249,0,0.04,5485956,150719.0,1.2,5487216,150706.0,0.0,-1.7200000000004365,-0.0002852991328234059,0,1,1249
1250,0,0.04,5488716,149309.0,1.2,5489973,148575.0,0.0,-30.559999999999672,-0.005116905210000682,0,1,1250
1251,0,0.05,5495599,149255.0,1.5,5496859,149058.0,0.0,-11.349999999999454,-0.001520887072459811,0,1,1251
1252,0,0.06,5502483,150292.0,1.7999999999999998,5503743,150551.0,0.0,13.739999999999053,0.0015237005296355375,0,1,1252
1253,0,0.05,5506617,148717.0,1.5,5507877,149630.0,0.0,44.149999999999636,0.005937451669950259,0,1,1253
1254,0,0.06,5509374,151212.0,1.7999999999999998,5510632,151305.0,0.0,3.7799999999999274,0.00041663360050788823,0,1,1254
1255,0,0.04,5513508,148438.0,1.2,5514768,149112.0,0.0,25.760000000000037,0.004338511701855326,0,1,1255
1256,0,0.03,5516268,146861.0,0.8999999999999999,5517527,145842.0,0.0,-31.469999999999708,-0.007142808506002208,0,1,1256
1257,0,0.05,5520397,145829.0,1.5,5521655,146440.0,0.0,29.049999999999272,0.0039841183852319184,0,1,1257
1258,0,0.06,5527284,147447.0,1.7999999999999998,5528544,147280.0,0.0,-11.820000000000437,-0.0013360733009149545,0,1,1258
1259,0,0.06,5530037,146505.0,1.7999999999999998,5531297,146203.0,0.0,-19.919999999998982,-0.0022661342616291805,0,1,1259
1260,0,0.07,5534169,146045.0,2.1,5535427,145455.0,0.0,-43.40000000000109,-0.00424526686980051,0,1,1260
1261,0,0.06,5540645,147657.0,1.7999999999999998,5541904,147491.0,0.0,-11.760000000000947,-0.0013274006650549298,0,1,1261
1262,0,0.07,5543392,147588.0,2.1,5544650,146064.0,0.0,-108.78000000000029,-0.010529311326124101,0,1,1262
1263,0,0.08,5547526,146382.0,2.4,5548784,147511.0,0.0,87.92000000000152,0.007507753685562563,0,1,1263
1264,0,0.04,5550282,146512.0,1.2,5551542,147645.0,0.0,44.119999999999706,0.007528393578682924,0,1,1264
1265,0,0.1,5557161,147838.0,3.0,5558414,147753.0,0.0,-11.5,-0.0007778784886159173,0,1,1265
1266,0,0.07,5562461,151116.0,2.1,5563721,151074.0,0.0,-5.040000000000509,-0.0004764551735091404,0,1,1266
1267,0,0.07,5567970,152873.0,2.1,5569230,154898.0,0.0,139.65,0.013050048079124502,0,1,1267
1268,0,0.03,5572110,159493.0,0.8999999999999999,5573370,155976.0,0.0,-106.41000000000022,-0.022239220530054657,0,1,1268
1269,0,0.06,5579007,154947.0,1.7999999999999998,5580266,155606.0,0.0,37.73999999999906,0.004059452587013523,0,1,1269
1270,0,0.05,5585661,155655.0,1.5,5586921,155880.0,0.0,9.75,0.0012527705502553724,0,1,1270
1271,0,0.05,5588420,156087.0,1.5,5589680,157150.0,0.0,51.649999999999636,0.006618104006099116,0,1,1271
1272,0,0.04,5595318,157511.0,1.2,5596578,158673.0,0.0,45.27999999999956,0.00718679965208772,0,1,1272
1273,0,0.04,5599455,155403.0,1.2,5600715,155690.0,0.0,10.280000000000474,0.0016537647278367332,0,1,1273
1274,0,0.06,5606352,156699.0,1.7999999999999998,5607612,156705.0,0.0,-1.4400000000012367,-0.00015315987976962593,0,1,1274
1275,0,0.05,5613007,160082.0,1.5,5614267,161285.0,0.0,58.649999999999636,0.007327494658987224,0,1,1275
1276,0,0.05,5615767,162209.0,1.5,5617027,164338.0,0.0,104.94999999999891,0.012940095802328959,0,1,1276
1277,0,0.02,5619907,163976.0,0.6,5621167,163601.0,0.0,-8.1,-0.0024698736400448843,0,1,1277
1278,0,0.02,5622667,164563.0,0.6,5623927,157822.0,0.0,-135.42000000000016,-0.04114533643650157,0,1,1278
1279,0,0.01,5626807,164580.0,0.3,5628067,163825.0,0.0,-7.849999999999954,-0.0047697168550248845,0,1,1279
1280,0,0.01,5636458,157689.0,0.3,5637718,152365.0,0.0,-53.540000000000006,-0.033952907304884934,0,1,1280
1281,0,0.02,5654371,157556.0,0.6,5655631,158875.0,0.0,25.780000000000108,0.008181218106578013,0,1,1281
1282,0,0.02,5657131,161012.0,0.6,5658391,162180.0,0.0,22.75999999999967,0.007067796189103815,0,1,1282
1283,0,0.02,5661270,164731.0,0.6,5662529,164572.0,0.0,-3.7799999999998364,-0.001147325032932428,0,1,1283
1284,0,0.02,5666788,172501.0,0.6,5668048,172160.0,0.0,-7.419999999999709,-0.0021507121697844386,0,1,1284
1285,0,0.01,5669548,170864.0,0.3,5670808,168370.0,0.0,-25.240000000000055,-0.014771982395355402,0,1,1285
1286,0,0.01,5673688,168551.0,0.3,5674948,171785.0,0.0,32.04000000000015,0.01900908330416322,0,1,1286
1287,0,0.02,5680587,170459.0,0.6,5681847,171502.0,0.0,20.25999999999967,0.0059427780287340855,0,1,1287
1288,0,0.02,5683347,168899.0,0.6,5684607,169879.0,0.0,18.999999999999908,0.005624663260291626,0,1,1288
1289,0,0.03,5690247,171431.0,0.8999999999999999,5691507,170672.0,0.0,-23.669999999999526,-0.004602434798840258,0,1,1289
1290,0,0.03,5697146,173000.0,0.8999999999999999,5698406,174392.0,0.0,40.86000000000022,0.007872832369942238,0,1,1290
1291,0,0.03,5704045,172722.0,0.8999999999999999,5705305,173512.0,0.0,22.79999999999982,0.00440013431988973,0,1,1291
1292,0,0.03,5707945,171095.0,0.8999999999999999,5709205,171341.0,0.0,6.480000000000109,0.0012624565299979758,0,1,1292
1293,0,0.04,5710705,171918.0,1.2,5711965,173135.0,0.0,47.48000000000029,0.006904454449214202,0,1,1293
1294,0,0.03,5714845,173060.0,0.8999999999999999,5716105,169745.0,0.0,-100.35000000000073,-0.019328556569975872,0,1,1294
1295,0,0.02,5717605,171395.0,0.6,5718865,168138.0,0.0,-65.73999999999987,-0.01917792234312549,0,1,1295
1296,0,0.02,5724504,172893.0,0.6,5725764,173115.0,0.0,3.8400000000000545,0.0011105134389478041,0,1,1296
1297,0,0.03,5728644,172543.0,0.8999999999999999,5729904,172910.0,0.0,10.110000000000218,0.0019531363196421026,0,1,1297
1298,0,0.03,5731404,172324.00000000003,0.8999999999999999,5732664,174420.0,0.0,61.9799999999992,0.01198904389405987,0,1,1298
1299,0,0.04,5742442,178127.0,1.2,5743702,177237.0,0.0,-36.79999999999946,-0.0051648542893552715,0,1,1299
1300,0,0.04,5745202,177571.0,1.2,5750362,180924.0,0.0,132.9199999999999,0.01871364130404175,0,1,1300
1301,0,0.03,5751862,180316.0,0.8999999999999999,5753121,179917.0,0.0,-12.869999999999346,-0.00237915659176101,0,1,1301
1302,0,0.04,5755997,180816.0,1.2,5757257,181214.0,0.0,14.720000000000073,0.0020352181222900727,0,1,1302
1303,0,0.05,5758755,179730.0,1.5,5760014,181006.0,0.0,62.30000000000109,0.006932621153953274,0,1,1303
1304,0,0.04,5762894,184235.0,1.2,5764154,186848.0,0.0,103.31999999999952,0.014020137324612521,0,1,1304
1305,0,0.02,5765654,188812.0,0.6,5766914,190238.0,0.0,27.91999999999998,0.007393597864542502,0,1,1305
1306,0,0.01,5769794,195004.0,0.3,5771054,196924.0,0.0,18.900000000000045,0.009692108879817873,0,1,1306
1307,0,0.02,5776694,202093.0,0.6,5777954,203636.0,0.0,30.260000000000126,0.007486652184885208,0,1,1307
1308,0,0.02,5779454,207015.0,0.6,5780714,203079.0,0.0,-79.32000000000025,-0.019158032026664794,0,1,1308
1309,0,0.01,5783594,192682.0,0.3,5784854,190790.0,0.0,-19.219999999999846,-0.009974984689799694,0,1,1309
1310,0,0.02,5790494,200596.0,0.6,5791754,194011.0,0.0,-132.2999999999998,-0.03297672934654724,0,1,1310
1311,0,0.01,5800154,192728.0,0.3,5801414,196328.0,0.0,35.7,0.018523515005603754,0,1,1311
1312,0,0.02,5804294,197127.0,0.6,5805554,194361.0,0.0,-55.91999999999971,-0.014183749562464733,0,1,1312
1313,0,0.02,5807054,193099.0,0.6,5808314,193478.0,0.0,6.979999999999928,0.0018073630624705274,0,1,1313
1314,0,0.02,5810954,193064.0,0.6,5812214,194828.0,0.0,34.679999999999744,0.008981477644718783,0,1,1314
1315,0,0.02,5813714,194526.0,0.6,5814974,194224.0,0.0,-6.639999999999963,-0.0017067127273474917,0,1,1315
1316,0,0.03,5817850,195463.0,0.8999999999999999,5819110,195822.0,0.0,9.870000000000436,0.001683183006502584,0,1,1316
1317,0,0.03,5820610,194598.0,0.8999999999999999,5821870,195059.0,0.0,12.929999999999927,0.0022148223517199435,0,1,1317
1318,0,0.02,5827510,186741.0,0.6,5828770,186262.0,0.0,-10.179999999999927,-0.002725700301487067,0,1,1318
1319,0,0.03,5834410,190558.0,0.8999999999999999,5835670,190155.0,0.0,-12.990000000000146,-0.002272274058291989,0,1,1319
1320,0,0.02,5838549,187578.0,0.6,5839809,188703.0,0.0,21.9,0.005837571570226786,0,1,1320
1321,0,0.03,5845449,189198.99999999997,0.8999999999999999,5846709,189908.0,0.0,20.370000000000438,0.00358881389436527,0,1,1321
1322,0,0.03,5848209,190733.0,0.8999999999999999,5849469,189938.0,0.0,-24.750000000000362,-0.004325418254837978,0,1,1322
1323,0,0.03,5852349,191083.0,0.8999999999999999,5853609,192445.0,0.0,39.959999999999674,0.006970792796847387,0,1,1323
1324,0,0.04,5855109,190650.0,1.2,5856369,190366.0,0.0,-12.559999999999672,-0.0016469971151323987,0,1,1324
1325,0,0.03,5862009,186648.99999999997,0.8999999999999999,5863269,187759.0,0.0,32.40000000000018,0.005786261914074044,0,1,1325
1326,0,0.03,5866149,191429.0,0.8999999999999999,5867409,190467.0,0.0,-29.75999999999967,-0.005182077950571695,0,1,1326
1327,0,0.03,5882706,186304.0,0.8999999999999999,5883966,187282.0,0.0,28.440000000000147,0.005088457574716618,0,1,1327
1328,0,0.03,5886846,180901.0,0.8999999999999999,5888106,180661.0,0.0,-8.099999999999818,-0.0014925290628575517,0,1,1328
1329,0,0.03,5896069,183972.0,0.8999999999999999,5897329,183652.0,0.0,-10.500000000000364,-0.0019024634183463362,0,1,1329
1330,0,0.03,5902967,183657.0,0.8999999999999999,5904227,183918.0,0.0,6.929999999999927,0.0012577794475571178,0,1,1330
1331,0,0.03,5909866,188355.0,0.8999999999999999,5911126,188096.0,0.0,-8.669999999999527,-0.001534336757718055,0,1,1331
1332,0,0.03,5934507,184681.0,0.8999999999999999,5935767,182556.0,0.0,-64.65,-0.011668769391545424,0,1,1332
1333,0,0.02,5948067,184380.0,0.6,5949327,184166.0,0.0,-4.879999999999745,-0.001323353942943851,0,1,1333
1334,0,0.03,5954967,179580.0,0.8999999999999999,5956227,181107.0,0.0,44.9100000000004,0.008336117607751495,0,1,1334
1335,0,0.03,5959107,183604.0,0.8999999999999999,5960367,184242.0,0.0,18.24000000000033,0.003311474695540462,0,1,1335
1336,0,0.02,5965767,178829.0,0.6,5967027,177452.0,0.0,-28.139999999999965,-0.007867851411124584,0,1,1336
1337,0,0.03,5972667,180570.0,0.8999999999999999,5973927,180257.0,0.0,-10.289999999999418,-0.0018995403444646434,0,1,1337
1338,0,0.02,5975426,176979.0,0.6,5976686,172680.0,0.0,-86.58000000000001,-0.024460529215330637,0,1,1338
1339,0,0.02,5982326,169411.0,0.6,5983586,169793.0,0.0,7.039999999999873,0.0020777871566781,0,1,1339
1340,0,0.03,5989226,172260.0,0.8999999999999999,5990486,172343.0,0.0,1.5899999999997818,0.0003076744456054379,0,1,1340
1341,0,0.03,5996126,173485.0,0.8999999999999999,5997386,174250.0,0.0,22.04999999999982,0.004236677522552347,0,1,1341
1342,0,0.04,6000266,172675.0,1.2,6001526,173295.0,0.0,23.600000000000183,0.0034168235123787725,0,1,1342
1343,0,0.03,6003026,172781.0,0.8999999999999999,6004286,173167.0,0.0,10.680000000000836,0.0020604117350867743,0,1,1343
1344,0,0.04,6007163,168330.0,1.2,6008423,170782.0,0.0,96.87999999999992,0.014388403730766936,0,1,1344
1345,0,0.05,6015443,175477.99999999997,1.5,6016703,174290.0,0.0,-60.899999999999636,-0.006941041042181885,0,1,1345
1346,0,0.04,6019581,174502.0,1.2,6020841,173687.0,0.0,-33.79999999999946,-0.0048423513770615035,0,1,1346
1347,0,0.04,6022341,176358.0,1.2,6023601,177584.0,0.0,47.84000000000087,0.00678166003243415,0,1,1347
1348,0,0.04,6029239,178371.0,1.2,6030499,177629.0,0.0,-30.88000000000029,-0.004328057812088329,0,1,1348
1349,0,0.03,6036138,177185.0,0.8999999999999999,6037398,176836.0,0.0,-11.370000000000255,-0.002139007252306959,0,1,1349
1350,0,0.03,6040278,177863.0,0.8999999999999999,6041538,178592.0,0.0,20.970000000000802,0.003929991060535506,0,1,1350
1351,0,0.04,6043038,181396.0,1.2,6044298,183205.0,0.0,71.15999999999967,0.009807272486714105,0,1,1351
1352,0,0.04,6047178,183710.0,1.2,6048437,181982.0,0.0,-70.3200000000008,-0.009569430080017528,0,1,1352
1353,0,0.04,6063735,189616.0,1.2,6064995,190380.0,0.0,29.35999999999949,0.0038709813517845922,0,1,1353
1354,0,0.04,6067635,189915.0,1.2,6068895,190888.0,0.0,37.72000000000007,0.0049653792486112295,0,1,1354
1355,0,0.03,6070395,187159.0,0.8999999999999999,6071655,189185.0,0.0,59.880000000000656,0.01066472892032989,0,1,1355
1356,0,0.04,6074534,189264.0,1.2,6075794,188976.0,0.0,-12.720000000000436,-0.001680192746639672,0,1,1356
1357,0,0.04,6077294,189845.0,1.2,6078553,187642.0,0.0,-89.3199999999999,-0.01176222707998629,0,1,1357
1358,0,0.02,6084193,177584.0,0.6,6085453,176177.0,0.0,-28.74000000000033,-0.008091945220290208,0,1,1358
1359,0,0.03,6088333,177899.00000000003,0.8999999999999999,6089593,177513.0,0.0,-12.480000000000837,-0.002338405499750015,0,1,1359
1360,0,0.03,6095233,176147.0,0.8999999999999999,6096493,176969.0,0.0,23.759999999999856,0.0044962446138736125,0,1,1360
1361,0,0.04,6101893,179531.0,1.2,6103153,180338.0,0.0,31.080000000000656,0.004327943363541764,0,1,1361
1362,0,0.03,6104653,180296.0,0.8999999999999999,6105913,180801.0,0.0,14.249999999999636,0.0026345565070771833,0,1,1362
1363,0,0.03,6108793,180750.0,0.8999999999999999,6110053,182737.0,0.0,58.709999999999674,0.010827109266943231,0,1,1363
1364,0,0.04,6115693,180939.0,1.2,6116953,180352.0,0.0,-24.680000000000472,-0.0034099890018183575,0,1,1364
1365,0,0.05,6118453,180741.0,1.5,6119713,180122.0,0.0,-32.45000000000073,-0.0035907735378249233,0,1,1365
1366,0,0.05,6122593,179937.99999999997,1.5,6123853,180880.0,0.0,45.600000000000364,0.005068412453178357,0,1,1366
1367,0,0.05,6132251,180401.0,1.5,6133510,175999.0,0.0,-221.60000000000036,-0.02456749131102381,0,1,1367
1368,0,0.05,6143285,178625.0,1.5,6144545,178635.0,0.0,-1.0,-0.00011196641007697691,0,1,1368
1369,0,0.04,6146045,178081.0,1.2,6147305,178237.0,0.0,5.040000000000691,0.0007075431966353361,0,1,1369
1370,0,0.04,6152942,179276.0,1.2,6154202,181893.0,0.0,103.48000000000029,0.014430263950556724,0,1,1370
1371,0,0.04,6157082,181388.0,1.2,6158342,181462.0,0.0,1.7600000000000364,0.00024257392991819144,0,1,1371
1372,0,0.04,6163741,179516.0,1.2,6165001,178863.0,0.0,-27.31999999999989,-0.0038046747922190626,0,1,1372
1373,0,0.04,6166501,179514.0,1.2,6167761,178774.0,0.0,-30.800000000000363,-0.004289359047205283,0,1,1373
1374,0,0.03,6170641,180392.0,0.8999999999999999,6171901,179422.0,0.0,-30.000000000000362,-0.0055434830812897025,0,1,1374
1375,0,0.03,6173401,175372.0,0.8999999999999999,6174661,175145.0,0.0,-7.7100000000004005,-0.0014654562872066998,0,1,1375
1376,0,0.03,6180301,174461.0,0.8999999999999999,6181561,174667.0,0.0,5.280000000000291,0.0010088214557981996,0,1,1376
1377,0,0.03,6184441,173443.0,0.8999999999999999,6185701,172574.0,0.0,-26.969999999999708,-0.005183259053406539,0,1,1377
1378,0,0.03,6187201,175529.0,0.8999999999999999,6188461,175988.0,0.0,12.869999999999527,0.002444040585886003,0,1,1378
1379,0,0.05,6194101,175515.0,1.5,6195361,175705.0,0.0,8.0,0.0009116029968948523,0,1,1379
1380,0,0.04,6198241,176015.0,1.2,6199501,179184.0,0.0,125.56000000000022,0.017833707354486864,0,1,1380
1381,0,0.04,6205136,176894.0,1.2,6206396,178522.0,0.0,63.91999999999989,0.009033658575191906,0,1,1381
1382,0,0.04,6207896,178368.0,1.2,6209156,179409.0,0.0,40.440000000000325,0.00566805705059208,0,1,1382
1383,0,0.03,6214795,179952.0,0.8999999999999999,6216055,178263.0,0.0,-51.57000000000007,-0.009552547345958937,0,1,1383
1384,0,0.05,6221695,179126.0,1.5,6222955,181672.0,0.0,125.79999999999927,0.01404597880821313,0,1,1384
1385,0,0.04,6232735,185021.0,1.2,6233995,186672.0,0.0,64.83999999999996,0.008761167651239583,0,1,1385
1386,0,0.04,6235495,185946.0,1.2,6236755,184694.0,0.0,-51.27999999999993,-0.006894474739978264,0,1,1386
1387,0,0.02,6246080,177313.0,0.6,6247340,177839.0,0.0,9.919999999999982,0.0027973132257646032,0,1,1387
1388,0,0.05,6252980,178462.99999999997,1.5,6254240,178549.0,0.0,2.8000000000010914,0.0003137905336121315,0,1,1388
1389,0,0.05,6255740,177622.0,1.5,6257000,178266.0,0.0,30.700000000000728,0.003456779002601111,0,1,1389
1390,0,0.04,6259877,177237.0,1.2,6261137,177786.0,0.0,20.760000000000037,0.0029282824692361126,0,1,1390
1391,0,0.06,6272294,180642.0,1.7999999999999998,6273554,180428.0,0.0,-14.640000000000146,-0.0013507379236279626,0,1,1391
1392,0,0.06,6275054,181562.0,1.7999999999999998,6276314,182931.0,0.0,80.33999999999942,0.0073748912217313665,0,1,1392
1393,0,0.05,6279194,181382.0,1.5,6280454,180981.0,0.0,-21.549999999999272,-0.002376200505011442,0,1,1393
1394,0,0.03,6281954,179126.0,0.8999999999999999,6283214,179572.0,0.0,12.480000000000109,0.002322387593090917,0,1,1394
1395,0,0.05,6286094,182059.0,1.5,6287354,182739.0,0.0,32.5,0.003570271175827616,0,1,1395
1396,0,0.05,6288854,182072.99999999997,1.5,6290114,181630.0,0.0,-23.649999999999636,-0.0025978591004706506,0,1,1396
1397,0,0.04,6292753,181417.0,1.2,6294013,184245.0,0.0,111.91999999999989,0.015423030917719934,0,1,1397
1398,0,0.05,6295513,183885.0,1.5,6296773,183186.0,0.0,-36.44999999999891,-0.0039644342931722445,0,1,1398
1399,0,0.04,6299653,184936.0,1.2,6300913,181761.0,0.0,-128.2,-0.01733031967815893,0,1,1399
1400,0,0.03,6302413,179716.0,0.8999999999999999,6303673,178871.0,0.0,-26.249999999999453,-0.004868792984486533,0,1,1400
1401,0,0.05,6306553,180057.99999999997,1.5,6307813,180762.0,0.0,33.70000000000073,0.0037432382898844514,0,1,1401
1402,0,0.04,6309313,180561.0,1.2,6310573,180799.0,0.0,8.319999999999528,0.001151965263816595,0,1,1402
1403,0,0.03,6316213,182671.0,0.8999999999999999,6317473,186113.0,0.0,102.3599999999993,0.01867838901631883,0,1,1403
1404,0,0.04,6323112,189990.0,1.2,6324372,189682.0,0.0,-13.520000000000618,-0.0017790410021580895,0,1,1404
1405,0,0.03,6327101,189815.0,0.8999999999999999,6328361,190918.0,0.0,32.19000000000015,0.0056528725337829195,0,1,1405
1406,0,0.01,6329861,190640.0,0.3,6331121,189070.0,0.0,-16.000000000000046,-0.008392782207301745,0,1,1406
1407,0,0.02,6334001,194219.0,0.6,6335261,192505.0,0.0,-34.8800000000002,-0.008979554008619188,0,1,1407
1408,0,0.01,6340901,204373.0,0.3,6342161,199098.0,0.0,-53.05,-0.025957440562109475,0,1,1408
1409,0,0.02,6347801,191598.0,0.6,6349061,192774.0,0.0,22.91999999999998,0.005981273290952927,0,1,1409
1410,0,0.03,6354701,192041.0,0.8999999999999999,6355961,194665.0,0.0,77.82000000000025,0.013507532245718407,0,1,1410
1411,0,0.02,6357461,195818.0,0.6,6358721,195435.0,0.0,-8.259999999999854,-0.0021091013083577234,0,1,1411
1412,0,0.02,6361600,191958.0,0.6,6362860,193420.0,0.0,28.640000000000235,0.0074599652007210525,0,1,1412
1413,0,0.03,6364360,193529.0,0.8999999999999999,6365620,192252.0,0.0,-39.2100000000004,-0.006753509809899361,0,1,1413
1414,0,0.02,6368500,192271.0,0.6,6369760,192472.0,0.0,3.4199999999999817,0.0008893696917371787,0,1,1414
1415,0,0.02,6375399,196674.0,0.6,6376659,197805.0,0.0,22.01999999999989,0.005598096342170264,0,1,1415
1416,0,0.03,6380917,194973.0,0.8999999999999999,6382177,195766.0,0.0,22.889999999999965,0.003913362362993845,0,1,1416
1417,0,0.03,6383677,195118.0,0.8999999999999999,6384937,193268.0,0.0,-56.4,-0.009635195112701032,0,1,1417
1418,0,0.03,6390577,189281.0,0.8999999999999999,6391837,189645.0,0.0,10.020000000000072,0.0017645722497239683,0,1,1418
1419,0,0.03,6394717,186870.0,0.8999999999999999,6395977,188378.0,0.0,44.34000000000069,0.0079092417188421,0,1,1419
1420,0,0.02,6397477,187784.0,0.6,6398737,188091.0,0.0,5.539999999999873,0.0014750990499722747,0,1,1420
1421,0,0.02,6401617,183840.0,0.6,6402877,185296.0,0.0,28.51999999999989,0.007756744995648359,0,1,1421
1422,0,0.02,6404377,181907.0,0.6,6405637,180959.0,0.0,-19.559999999999583,-0.0053763736414760245,0,1,1422
1423,0,0.03,6411277,184178.0,0.8999999999999999,6412537,184453.0,0.0,7.35,0.0013302348814733572,0,1,1423
1424,0,0.04,6422164,183769.0,1.2,6423424,184714.0,0.0,36.60000000000018,0.004979076993399346,0,1,1424
1425,0,0.04,6429064,185253.0,1.2,6430324,185233.0,0.0,-2.000000000000182,-0.00026990116219442897,0,1,1425
1426,0,0.05,6431824,184647.0,1.5,6433084,187192.0,0.0,125.75,0.013620584141632412,0,1,1426
1427,0,0.02,6438724,185060.0,0.6,6439984,183685.0,0.0,-28.1,-0.007592132281422241,0,1,1427
1428,0,0.04,6442713,183107.0,1.2,6443973,183762.0,0.0,25.00000000000073,0.0034133047890032506,0,1,1428
1429,0,0.03,6445473,182414.0,0.8999999999999999,6446733,182409.0,0.0,-1.0500000000005456,-0.00019187123795332697,0,1,1429
1430,0,0.02,6452373,180614.0,0.6,6453633,180529.0,0.0,-2.300000000000273,-0.0006367169765356707,0,1,1430
1431,0,0.03,6456362,176796.0,0.8999999999999999,6457622,173955.0,0.0,-86.13000000000048,-0.01623905518224403,0,1,1431
1432,0,0.03,6466022,171030.0,0.8999999999999999,6467282,170538.0,0.0,-15.660000000000219,-0.0030520961234871504,0,1,1432
1433,0,0.02,6472920,171719.0,0.6,6474180,172396.0,0.0,12.939999999999964,0.0037677834136001153,0,1,1433
1434,0,0.03,6479820,175520.0,0.8999999999999999,6481080,176129.0,0.0,17.370000000000438,0.003298769371011934,0,1,1434
1435,0,0.03,6483959,175949.00000000003,0.8999999999999999,6485219,176509.0,0.0,15.899999999999272,0.003012236500349395,0,1,1435
1436,0,0.05,6490857,179357.0,1.5,6492117,179013.0,0.0,-18.700000000000728,-0.002085226670829767,0,1,1436
1437,0,0.04,6493617,178771.0,1.2,6494877,180140.0,0.0,53.560000000000215,0.007490029143429333,0,1,1437
1438,0,0.05,6500517,175722.0,1.5,6501777,174635.0,0.0,-55.850000000000364,-0.0063566314974790135,0,1,1438
1439,0,0.04,6504656,174684.0,1.2,6505916,175195.0,0.0,19.2399999999996,0.002753543541480559,0,1,1439
1440,0,0.03,6514314,169545.0,0.8999999999999999,6515574,170955.0,0.0,41.40000000000018,0.008139432009201133,0,1,1440
1441,0,0.04,6521063,170913.0,1.2,6522323,171554.0,0.0,24.43999999999942,0.0035749182332530903,0,1,1441
1442,0,0.03,6525203,170185.0,0.8999999999999999,6526463,169547.0,0.0,-20.040000000000326,-0.0039251402885096265,0,1,1442
1443,0,0.03,6527963,166251.0,0.8999999999999999,6529223,167310.0,0.0,30.870000000000438,0.006189436454517655,0,1,1443
1444,0,0.03,6534863,167114.0,0.8999999999999999,6536123,164293.0,0.0,-85.53000000000011,-0.01706021039529904,0,1,1444
1445,0,0.03,6541763,166303.0,0.8999999999999999,6543023,166161.0,0.0,-5.160000000000219,-0.0010342567482246698,0,1,1445
1446,0,0.03,6545903,172504.0,0.8999999999999999,6547163,171622.0,0.0,-27.360000000000035,-0.005286833928488621,0,1,1446
1447,0,0.03,6552799,166604.0,0.8999999999999999,6554059,167503.0,0.0,26.070000000000256,0.005215961201411782,0,1,1447
1448,0,0.02,6555558,166546.0,0.6,6556818,164279.0,0.0,-45.94000000000015,-0.013791985397427781,0,1,1448
1449,0,0.03,6562449,162655.0,0.8999999999999999,6563709,165494.0,0.0,84.27000000000007,0.017269681227137207,0,1,1449
1450,0,0.04,6569347,166213.0,1.2,6570607,164494.0,0.0,-69.96000000000022,-0.010522642633247732,0,1,1450
1451,0,0.04,6573483,164662.0,1.2,6574743,163669.0,0.0,-40.92000000000026,-0.006212726676464554,0,1,1451
1452,0,0.04,6576241,163012.0,1.2,6577500,168055.0,0.0,200.51999999999936,0.030752337251245206,0,1,1452
1453,0,0.03,6580378,171135.0,0.8999999999999999,6581638,170447.0,0.0,-21.540000000000326,-0.004195518158179278,0,1,1453
1454,0,0.02,6583138,175195.0,0.6,6584398,176766.0,0.0,30.82000000000007,0.008795913125374602,0,1,1454
1455,0,0.03,6587276,178059.0,0.8999999999999999,6588536,177401.0,0.0,-20.63999999999978,-0.0038638878124666134,0,1,1455
1456,0,0.03,6603480,180220.0,0.8999999999999999,6604740,179701.0,0.0,-16.469999999999708,-0.00304627677283315,0,1,1456
1457,0,0.02,6614514,180960.0,0.6,6615774,180649.0,0.0,-6.820000000000254,-0.0018843943412909631,0,1,1457
1458,0,0.04,6621414,181713.0,1.2,6622674,181421.0,0.0,-12.88000000000029,-0.0017720251165299523,0,1,1458
1459,0,0.03,6624174,179343.0,0.8999999999999999,6625434,179770.0,0.0,11.90999999999949,0.0022136353244898493,0,1,1459
1460,0,0.03,6626929,181232.0,0.8999999999999999,6628189,180425.0,0.0,-25.110000000000035,-0.004618389688355264,0,1,1460
1461,0,0.03,6632445,183635.0,0.8999999999999999,6633705,185520.0,0.0,55.649999999999274,0.010101560160100066,0,1,1461
1462,0,0.03,6635205,183271.0,0.8999999999999999,6636465,186680.0,0.0,101.36999999999952,0.01843717773133766,0,1,1462
1463,0,0.02,6642105,189796.0,0.6,6643365,192050.0,0.0,44.479999999999926,0.011717844422432486,0,1,1463
1464,0,0.04,6648763,193157.0,1.2,6650023,192703.0,0.0,-19.359999999999854,-0.0025057336777854094,0,1,1464
1465,0,0.03,6652902,193690.0,0.8999999999999999,6654162,194665.0,0.0,28.35,0.004878930249367547,0,1,1465
1466,0,0.03,6655661,193064.0,0.8999999999999999,6656921,192655.0,0.0,-13.170000000000437,-0.002273857373720707,0,1,1466
1467,0,0.04,6659801,192720.0,1.2,6661061,195340.0,0.0,103.60000000000018,0.013439186384391887,0,1,1467
1468,0,0.02,6662561,191504.0,0.6,6663821,186461.0,0.0,-101.45999999999967,-0.026490308296432365,0,1,1468
1469,0,0.02,6666700,187286.0,0.6,6667960,187527.0,0.0,4.219999999999709,0.0011266191813589133,0,1,1469
1470,0,0.03,6669460,186231.0,0.8999999999999999,6670720,186412.0,0.0,4.530000000000291,0.000810820969656017,0,1,1470
1471,0,0.02,6673599,185482.0,0.6,6674859,183736.0,0.0,-35.51999999999962,-0.00957505310488339,0,1,1471
1472,0,0.03,6676359,183426.0,0.8999999999999999,6677619,184167.0,0.0,21.330000000000474,0.0038762225638678044,0,1,1472
1473,0,0.04,6680348,183542.0,1.2,6681608,182463.0,0.0,-44.35999999999986,-0.006042213771234902,0,1,1473
1474,0,0.05,6687244,182537.0,1.5,6688504,183721.0,0.0,57.70000000000073,0.006322005949478815,0,1,1474
1475,0,0.04,6694141,181386.0,1.2,6695401,181329.0,0.0,-3.480000000000655,-0.0004796401045285544,0,1,1475
1476,0,0.04,6696899,183143.0,1.2,6698159,186980.0,0.0,152.27999999999957,0.020787035267523134,0,1,1476
1477,0,0.02,6710697,199173.0,0.6,6711957,197590.0,0.0,-32.259999999999856,-0.008098487244757034,0,1,1477
1478,0,0.03,6721737,202041.0,0.8999999999999999,6722997,202097.0,0.0,0.7800000000002911,0.00012868675169896063,0,1,1478
1479,0,0.03,6730008,203988.0,0.8999999999999999,6731268,200512.0,0.0,-105.17999999999975,-0.017187285526599566,0,1,1479
1480,0,0.03,6736905,200449.0,0.8999999999999999,6738165,198262.0,0.0,-66.50999999999968,-0.011060169918532842,0,1,1480
1481,0,0.02,6741045,199741.0,0.6,6742305,198794.0,0.0,-19.540000000000056,-0.004891334277889881,0,1,1481
1482,0,0.03,6743805,198660.0,0.8999999999999999,6745065,198908.0,0.0,6.5399999999995995,0.0010973522601428905,0,1,1482
1483,0,0.03,6747945,201547.0,0.8999999999999999,6749205,203505.0,0.0,57.83999999999978,0.009566006936347318,0,1,1483
1484,0,0.02,6750705,204888.0,0.6,6751965,201763.0,0.0,-63.1,-0.015398656827144586,0,1,1484
1485,0,0.02,6757605,201580.0,0.6,6758865,201082.0,0.0,-10.560000000000036,-0.002619307470979273,0,1,1485
1486,0,0.04,6761745,198983.0,1.2,6763005,198289.0,0.0,-28.960000000000218,-0.003638501781559256,0,1,1486
1487,0,0.04,6764505,195837.0,1.2,6765765,197606.0,0.0,69.5599999999993,0.00887983373928309,0,1,1487
1488,0,0.04,6768641,197673.0,1.2,6769901,195888.0,0.0,-72.59999999999964,-0.009181830599019548,0,1,1488
1489,0,0.03,6771401,194204.0,0.8999999999999999,6772661,194730.0,0.0,14.879999999999745,0.002554015365285944,0,1,1489
1490,0,0.04,6775389,195839.0,1.2,6776648,196299.0,0.0,17.199999999999637,0.0021956811462476365,0,1,1490
1491,0,0.04,6778148,197713.0,1.2,6779408,194862.0,0.0,-115.23999999999997,-0.01457162654959461,0,1,1491
1492,0,0.04,6785046,196589.0,1.2,6786306,196007.0,0.0,-24.480000000000654,-0.003113093815015165,0,1,1492
1493,0,0.03,6789186,194390.0,0.8999999999999999,6790446,194480.0,0.0,1.7999999999998182,0.00030865785277017305,0,1,1493
1494,0,0.03,6791946,195831.0,0.8999999999999999,6793206,195527.0,0.0,-10.019999999999891,-0.0017055522363670533,0,1,1494
1495,0,0.04,6795930,193638.0,1.2,6797190,193347.0,0.0,-12.840000000000327,-0.0016577324698664939,0,1,1495
1496,0,0.04,6798689,191351.0,1.2,6799948,191901.0,0.0,20.8,0.002717519114088769,0,1,1496
1497,0,0.04,6802824,191474.0,1.2,6804083,190921.0,0.0,-23.31999999999989,-0.0030447998161630156,0,1,1497
1498,0,0.04,6805583,190801.0,1.2,6806843,191990.0,0.0,46.3600000000004,0.006074391643649719,0,1,1498
1499,0,0.03,6812315,191076.0,0.8999999999999999,6813573,192463.0,0.0,40.709999999999674,0.00710188616048059,0,1,1499
1500,0,0.03,6823344,197861.0,0.8999999999999999,6824604,197829.0,0.0,-1.8600000000000363,-0.0003133512920686806,0,1,1500
1501,0,0.04,6826104,197045.0,1.2,6827362,196235.0,0.0,-33.59999999999964,-0.0042629856124235125,0,1,1501
1502,0,0.05,6830242,196439.0,1.5,6831502,197468.0,0.0,49.95000000000073,0.005085548185441865,0,1,1502
1503,0,0.03,6833002,194676.0,0.8999999999999999,6834262,195899.0,0.0,35.7899999999996,0.006128130843041704,0,1,1503
1504,0,0.04,6837142,195107.0,1.2,6838402,193516.0,0.0,-64.83999999999942,-0.008308261620546601,0,1,1504
1505,0,0.05,6839902,193532.0,1.5,6841162,194122.0,0.0,28.0,0.0028935783229646775,0,1,1505
1506,0,0.05,6844040,192486.0,1.5,6845297,191541.0,0.0,-48.75,-0.005065303450640566,0,1,1506
1507,0,0.04,6846794,191244.0,1.2,6848051,191345.0,0.0,2.8399999999999634,0.00037125347723326787,0,1,1507
1508,0,0.05,6850929,190127.0,1.5,6852188,189216.0,0.0,-47.04999999999927,-0.004949323347025859,0,1,1508
1509,0,0.05,6853688,188971.0,1.5,6854947,188916.0,0.0,-4.25,-0.00044980446735213333,0,1,1509
1510,0,0.05,6864684,193702.99999999997,1.5,6865943,194334.0,0.0,30.05000000000109,0.003102688135960836,0,1,1510
1511,0,0.07,6867437,193990.0,2.1,6868696,194049.0,0.0,2.0300000000010185,0.00014949224186821254,0,1,1511
1512,0,0.07,6871416,192622.0,2.1,6872674,191663.0,0.0,-69.2299999999992,-0.005134408323036768,0,1,1512
1513,0,0.07,6874172,191955.0,2.1,6875431,191912.0,0.0,-5.110000000000218,-0.0003802974655518382,0,1,1513
1514,0,0.07,6878293,191333.0,2.1,6879551,190872.0,0.0,-34.37000000000044,-0.002566206561335505,0,1,1514
1515,0,0.05,6881048,191021.0,1.5,6882308,192237.0,0.0,59.29999999999927,0.006208741447275353,0,1,1515
1516,0,0.05,6887941,191995.0,1.5,6889200,192534.0,0.0,25.450000000000728,0.002651110706008045,0,1,1516
1517,0,0.06,6892075,190072.0,1.7999999999999998,6893335,187661.0,0.0,-146.45999999999987,-0.012842501788795813,0,1,1517
1518,0,0.04,6894835,186413.0,1.2,6896094,184804.0,0.0,-65.56000000000058,-0.008792305257680605,0,1,1518
1519,0,0.04,6898972,182243.0,1.2,6900232,182320.0,0.0,1.8799999999999273,0.00025789742267191704,0,1,1519
1520,0,0.05,6908624,186955.0,1.5,6909884,192838.0,0.0,292.64999999999964,0.031306999010457026,0,1,1520
1521,0,0.04,6912762,192473.0,1.2,6914022,195035.0,0.0,101.28000000000047,0.013155091883017419,0,1,1521
1522,0,0.03,6915522,197238.0,0.8999999999999999,6916782,197957.0,0.0,20.67000000000062,0.0034932416674272743,0,1,1522
1523,0,0.03,6919659,197035.0,0.8999999999999999,6920919,198072.0,0.0,30.209999999999674,0.005110767122592378,0,1,1523
1524,0,0.03,6922418,198520.0,0.8999999999999999,6923678,200700.0,0.0,64.50000000000054,0.010830143058633982,0,1,1524
1525,0,0.03,6926558,198463.0,0.8999999999999999,6927818,197840.0,0.0,-19.5899999999996,-0.0032902858467320694,0,1,1525
1526,0,0.04,6933457,196880.0,1.2,6934717,194962.0,0.0,-77.91999999999935,-0.00989435188947574,0,1,1526
1527,0,0.04,6936216,195906.0,1.2,6937476,193604.0,0.0,-93.27999999999993,-0.011903668085714568,0,1,1527
1528,0,0.04,6940351,196241.0,1.2,6941611,195932.0,0.0,-13.560000000000581,-0.001727467756483174,0,1,1528
1529,0,0.04,6943111,198251.0,1.2,6944371,198073.0,0.0,-8.31999999999989,-0.0010491750356870697,0,1,1529
1530,0,0.04,6947251,199921.0,1.2,6948511,198966.0,0.0,-39.39999999999982,-0.00492694614372675,0,1,1530
1531,0,0.04,6953684,204437.0,1.2,6954942,204452.0,0.0,-0.6000000000005457,-7.337223692391124e-05,0,1,1531
1532,0,0.04,6956442,204007.0,1.2,6957702,207075.0,0.0,121.52000000000025,0.01489164587489648,0,1,1532
1533,0,0.03,6963341,202802.0,0.8999999999999999,6964601,200267.0,0.0,-76.94999999999928,-0.012647804262285265,0,1,1533
1534,0,0.03,6970241,203555.0,0.8999999999999999,6971501,201788.0,0.0,-53.91000000000022,-0.008828080862666145,0,1,1534
1535,0,0.03,6977140,205269.99999999997,0.8999999999999999,6978400,205314.0,0.0,0.42000000000152804,6.82028547768838e-05,0,1,1535
1536,0,0.04,6982657,206663.99999999997,1.2,6983917,206311.0,0.0,-15.31999999999898,-0.0018532497193510943,0,1,1536
1537,0,0.03,6985416,205946.99999999997,0.8999999999999999,6986676,204095.0,0.0,-56.45999999999949,-0.009138273439282842,0,1,1537
1538,0,0.02,6995076,203506.0,0.6,6996336,204736.0,0.0,24.000000000000362,0.005896632040333053,0,1,1538
1539,0,0.03,6999064,202806.0,0.8999999999999999,7000324,200605.0,0.0,-66.92999999999975,-0.01100066072995864,0,1,1539
1540,0,0.03,7008724,202063.0,0.8999999999999999,7009984,201840.0,0.0,-7.5899999999996,-0.0012520847458465266,0,1,1540
1541,0,0.04,7012864,203637.0,1.2,7014124,203476.0,0.0,-7.6400000000005095,-0.0009379434974980614,0,1,1541
1542,0,0.02,7015624,205471.99999999997,0.6,7016884,203601.0,0.0,-38.01999999999962,-0.009251868867777513,0,1,1542
1543,0,0.04,7022522,203420.0,1.2,7023782,202504.0,0.0,-37.84000000000033,-0.00465047684593456,0,1,1543
1544,0,0.03,7026660,199142.00000000003,0.8999999999999999,7027919,199094.0,0.0,-2.3400000000005092,-0.00039168030852365133,0,1,1544
1545,0,0.05,7029419,200344.0,1.5,7030679,201186.0,0.0,40.600000000000364,0.00405302879048041,0,1,1545
1546,0,0.06,7036156,202466.0,1.7999999999999998,7037415,203646.0,0.0,69.0000000000011,0.005679966018985994,0,1,1546
1547,0,0.05,7043052,204416.0,1.5,7044312,208338.0,0.0,194.60000000000036,0.019039605510331906,0,1,1547
1548,0,0.03,7047192,212794.99999999997,0.8999999999999999,7048451,214655.00000000003,0.0,54.900000000002,0.008599826123734425,0,1,1548
1549,0,0.02,7054088,215865.99999999997,0.6,7055348,217253.00000000003,0.0,27.14000000000069,0.006286307246162131,0,1,1549
1550,0,0.04,7056847,216131.0,1.2,7058107,215705.00000000003,0.0,-18.239999999999053,-0.0021098315373545506,0,1,1550
1551,0,0.05,7060985,215854.0,1.5,7062245,218278.00000000003,0.0,119.70000000000073,0.011090829912811503,0,1,1551
1552,0,0.03,7063743,218103.00000000003,0.8999999999999999,7065003,216394.99999999997,0.0,-52.14000000000251,-0.007968712030554752,0,1,1552
1553,0,0.03,7067883,217826.00000000003,0.8999999999999999,7069142,219323.99999999997,0.0,44.03999999999778,0.00673932404763401,0,1,1553
1554,0,0.02,7073401,228167.99999999997,0.6,7074661,229748.99999999997,0.0,31.01999999999989,0.006797622804249477,0,1,1554
1555,0,0.02,7076161,228957.0,0.6,7077421,232316.0,0.0,66.57999999999939,0.014539848093746727,0,1,1555
1556,0,0.02,7083060,237373.0,0.6,7084320,234330.00000000003,0.0,-61.459999999999674,-0.012945870002064193,0,1,1556
1557,0,0.02,7096860,233236.0,0.6,7098120,233991.0,0.0,14.499999999999455,0.003108439520485571,0,1,1557
1558,0,0.02,7101000,229121.99999999997,0.6,7102260,230980.00000000003,0.0,36.56000000000076,0.00797828231247998,0,1,1558
1559,0,0.02,7103760,230380.0,0.6,7105020,230126.00000000003,0.0,-5.679999999999927,-0.0012327458980814147,0,1,1559
1560,0,0.02,7110659,234632.0,0.6,7111919,236332.00000000003,0.0,33.4,0.007117528725834497,0,1,1560
1561,0,0.03,7114798,235740.0,0.8999999999999999,7116058,238630.00000000003,0.0,85.80000000000072,0.012132009841350743,0,1,1561
1562,0,0.02,7124454,233082.0,0.6,7125714,233382.00000000003,0.0,5.4,0.0011583906093134604,0,1,1562
1563,0,0.03,7128443,235905.00000000003,0.8999999999999999,7129703,233667.99999999997,0.0,-68.0100000000015,-0.009609800555308492,0,1,1563
1564,0,0.03,7131203,234398.99999999997,0.8999999999999999,7132463,232753.00000000003,0.0,-50.27999999999738,-0.007150201152734922,0,1,1564
1565,0,0.02,7135343,232761.0,0.6,7136603,235396.0,0.0,52.09999999999982,0.011191737447424572,0,1,1565
1566,0,0.03,7138103,237678.00000000006,0.8999999999999999,7139363,228811.0,0.0,-266.9100000000011,-0.03743299758496805,0,1,1566
1567,0,0.02,7145003,230282.0,0.6,7146263,233229.0,0.0,58.3399999999996,0.01266707775683718,0,1,1567
1568,0,0.03,7149143,232810.00000000003,0.8999999999999999,7153011,232204.0,0.0,-19.08000000000029,-0.0027318414157467877,0,1,1568
1569,0,0.03,7155891,232051.00000000003,0.8999999999999999,7157151,229866.0,0.0,-66.4500000000011,-0.009545315469444374,0,1,1569
1570,0,0.03,7162790,232991.0,0.8999999999999999,7164050,235421.99999999997,0.0,72.02999999999938,0.01030511908185286,0,1,1570
1571,0,0.03,7169537,236423.99999999997,0.8999999999999999,7170797,237167.99999999997,0.0,21.42000000000062,0.003019997969749352,0,1,1571
1572,0,0.02,7172297,241382.0,0.6,7173557,241269.99999999997,0.0,-2.8400000000006913,-0.0005882791591752266,0,1,1572
1573,0,0.02,7176437,246886.0,0.6,7177697,245792.99999999997,0.0,-22.460000000000583,-0.004548658085108225,0,1,1573
1574,0,0.02,7186097,236311.0,0.6,7187357,238634.0,0.0,45.860000000000035,0.009703314699696593,0,1,1574
1575,0,0.03,7190237,240914.0,0.8999999999999999,7191497,244971.0,0.0,120.81000000000003,0.01671550843869597,0,1,1575
1576,0,0.02,7192997,244505.0,0.6,7194257,243744.99999999997,0.0,-15.800000000000727,-0.003231017770597887,0,1,1576
1577,0,0.02,7199897,242559.0,0.6,7201157,242903.00000000003,0.0,6.2800000000001095,0.0012945304029123037,0,1,1577
1578,0,0.03,7204037,246544.99999999997,0.8999999999999999,7205297,244707.00000000003,0.0,-56.0399999999976,-0.0075767101340522836,0,1,1578
1579,0,0.02,7206797,245467.99999999997,0.6,7208057,250776.00000000003,0.0,105.56000000000077,0.021501784346635973,0,1,1579
1580,0,0.02,7210937,251459.0,0.6,7212197,251132.00000000003,0.0,-7.139999999999963,-0.0014197145459100614,0,1,1580
1581,0,0.02,7213697,248498.0,0.6,7214957,251071.0,0.0,50.860000000000035,0.010233482764448815,0,1,1581
1582,0,0.03,7217837,252542.99999999997,0.8999999999999999,7219097,250759.0,0.0,-54.419999999999526,-0.007182935183315255,0,1,1582
1583,0,0.03,7220597,252078.0,0.8999999999999999,7221857,250217.99999999997,0.0,-56.70000000000109,-0.007497679289743795,0,1,1583
1584,0,0.02,7224584,249296.0,0.6,7225844,249328.00000000003,0.0,0.04000000000032744,8.022591618061951e-06,0,1,1584
1585,0,0.02,7234243,255731.0,0.6,7235503,258251.00000000003,0.0,49.800000000000544,0.009736793740297529,0,1,1585
1586,0,0.02,7238383,257056.0,0.6,7239643,254875.0,0.0,-44.21999999999989,-0.008601238640607474,0,1,1586
1587,0,0.02,7245282,265899.0,0.6,7246542,265964.0,0.0,0.6999999999992724,0.0001316289267728108,0,1,1587
1588,0,0.02,7248042,267219.0,0.6,7249302,265189.0,0.0,-41.200000000000365,-0.007709032666090429,0,1,1588
1589,0,0.02,7252182,266193.0,0.6,7253442,265850.0,0.0,-7.459999999999672,-0.0014012389506860947,0,1,1589
1590,0,0.02,7254942,265576.0,0.6,7256202,265149.0,0.0,-9.139999999999963,-0.0017207880230141208,0,1,1590
1591,0,0.02,7259081,262186.0,0.6,7260341,260905.00000000003,0.0,-26.219999999999892,-0.005000266986032796,0,1,1591
1592,0,0.02,7261776,262811.0,0.6,7263036,265601.0,0.0,55.20000000000018,0.010501843530141466,0,1,1592
1593,0,0.03,7265914,266199.0,0.8999999999999999,7267174,267461.0,0.0,36.96000000000058,0.0046281165594161495,0,1,1593
1594,0,0.03,7268674,269250.0,0.8999999999999999,7269934,271956.0,0.0,80.27999999999938,0.009938718662952569,0,1,1594
1595,0,0.03,7272814,274726.0,0.8999999999999999,7274073,271609.0,0.0,-94.40999999999931,-0.011455049758668555,0,1,1595
1596,0,0.03,7279713,277448.0,0.8999999999999999,7280973,278726.0,0.0,37.43999999999833,0.004498140192035784,0,1,1596
1597,0,0.02,7282473,274599.0,0.6,7283733,273403.0,0.0,-24.520000000000074,-0.004464692151100345,0,1,1597
1598,0,0.02,7296273,256673.99999999997,0.6,7297533,256209.0,0.0,-9.899999999999272,-0.0019285163281047696,0,1,1598
1599,0,0.03,7303173,266901.0,0.8999999999999999,7304433,270570.0,0.0,109.1699999999997,0.0136342688862162,0,1,1599
1600,0,0.03,7316685,263363.0,0.8999999999999999,7317945,263172.0,0.0,-6.629999999999564,-0.0008391459696312142,0,1,1600
1601,0,0.03,7327711,264716.0,0.8999999999999999,7328971,259253.00000000003,0.0,-164.78999999999942,-0.020750540201574446,0,1,1601
1602,0,0.04,7335789,263235.0,1.2,7337049,261526.00000000003,0.0,-69.55999999999877,-0.006606264364541072,0,1,1602
1603,0,0.02,7341308,265828.0,0.6,7342568,263811.0,0.0,-40.94000000000015,-0.007700467971771248,0,1,1603
1604,0,0.03,7345448,264947.0,0.8999999999999999,7346708,266324.0,0.0,40.40999999999949,0.005084035675059477,0,1,1604
1605,0,0.03,7355104,271436.0,0.8999999999999999,7356364,270070.0,0.0,-41.88000000000047,-0.0051430171384783735,0,1,1605
1606,0,0.03,7361848,275438.0,0.8999999999999999,7363108,277088.0,0.0,48.6,0.0058815413995164075,0,1,1606
1607,0,0.03,7368745,279595.0,0.8999999999999999,7370005,280074.0,0.0,13.469999999998981,0.001605894239882566,0,1,1607
1608,0,0.02,7389287,294126.0,0.6,7390547,293455.0,0.0,-14.020000000000072,-0.002383332313362313,0,1,1608
1609,0,0.01,7393427,291849.0,0.3,7394687,291607.0,0.0,-2.7200000000000726,-0.000931988802428678,0,1,1609
1610,0,0.02,7396187,287582.0,0.6,7397447,285449.0,0.0,-43.259999999999856,-0.0075213330458790625,0,1,1610
1611,0,0.02,7409979,298694.0,0.6,7411239,298384.0,0.0,-6.799999999999818,-0.0011382886834017116,0,1,1611
1612,0,0.03,7414118,303424.0,0.8999999999999999,7415378,304772.0,0.0,39.54000000000051,0.004343756591436462,0,1,1612
1613,0,0.02,7423778,305485.0,0.6,7425038,308059.0,0.0,50.88000000000047,0.008327741132952595,0,1,1613
1614,0,0.01,7430676,311501.0,0.3,7431936,303632.0,0.0,-78.99000000000005,-0.025357864019698185,0,1,1614
1615,0,0.01,7456868,323749.0,0.3,7458128,323343.0,0.0,-4.359999999999945,-0.0013467223064781498,0,1,1615
1616,0,0.01,7461008,338099.0,0.3,7462268,337157.0,0.0,-9.720000000000073,-0.002874897589167691,0,1,1616
1617,0,0.01,7477566,329726.0,0.3,7478826,336055.0,0.0,62.98999999999997,0.019103740681656878,0,1,1617
1618,0,0.01,7491215,335861.0,0.3,7492475,331214.0,0.0,-46.77000000000025,-0.013925403664015843,0,1,1618
1619,0,0.01,7502255,338876.0,0.3,7503515,336660.0,0.0,-22.46000000000031,-0.006627793057047506,0,1,1619
1620,0,0.02,7511764,332103.0,0.6,7513024,327049.0,0.0,-101.67999999999992,-0.015308503687109107,0,1,1620
1621,0,0.01,7518664,332861.0,0.3,7523823,331555.0,0.0,-13.359999999999946,-0.004013687395038754,0,1,1621
1622,0,0.02,7529463,332645.0,0.6,7530723,334685.0,0.0,40.19999999999927,0.006042477716484431,0,1,1622
1623,0,0.02,7536363,342741.0,0.6,7537623,339003.0,0.0,-75.3599999999993,-0.01099372412404692,0,1,1623
1624,0,0.02,7543263,332728.0,0.6,7544523,326922.0,0.0,-116.71999999999989,-0.017539852371907364,0,1,1624
1625,0,0.01,7552923,339995.0,0.3,7554176,339815.0,0.0,-2.1000000000001817,-0.0006176561420021417,0,1,1625
1626,0,0.02,7559816,333286.0,0.6,7561076,333895.0,0.0,11.580000000000291,0.001737246689029886,0,1,1626
1627,0,0.02,7566716,333872.0,0.6,7567976,337300.0,0.0,67.9599999999995,0.010177553074231965,0,1,1627
1628,0,0.02,7573614,341645.0,0.6,7574874,345250.0,0.0,71.49999999999946,0.010464078209837618,0,1,1628
1629,0,0.01,7577603,352875.0,0.3,7578863,356341.0,0.0,34.35999999999986,0.009737159050655291,0,1,1629
1630,0,0.01,7584503,363520.0,0.3,7585763,364178.0,0.0,6.279999999999927,0.0017275528169013884,0,1,1630
1631,0,0.02,7587263,363451.0,0.6,7588523,364399.0,0.0,18.360000000000035,0.002525787520188421,0,1,1631
1632,0,0.01,7598303,376504.0,0.3,7599563,372986.0,0.0,-35.47999999999983,-0.009423538660943797,0,1,1632
1633,0,0.01,7601063,374838.0,0.3,7602323,376647.0,0.0,17.790000000000145,0.004746050293726928,0,1,1633
1634,0,0.01,7605203,385978.0,0.3,7606463,386750.0,0.0,7.4199999999998,0.0019223893589789573,0,1,1634
1635,0,0.01,7607963,385672.0,0.3,7609223,388555.0,0.0,28.529999999999927,0.007397477649401544,0,1,1635
1636,0,0.01,7612103,398925.0,0.3,7613363,404463.0,0.0,55.08000000000011,0.013807106598984799,0,1,1636
1637,0,0.01,7639703,393432.0,0.3,7640963,398426.0,0.0,49.64000000000006,0.012617173997031267,0,1,1637
1638,0,0.01,7666997,421239.99999999994,0.3,7668257,420602.00000000006,0.0,-6.6799999999991995,-0.0015857943215267305,0,1,1638
1639,0,0.01,7676625,427589.99999999994,0.3,7677885,429914.00000000006,0.0,22.94000000000069,0.005364952407680416,0,1,1639
1640,0,0.01,7680765,430777.00000000006,0.3,7682025,434127.00000000006,0.0,33.2,0.007707003855823315,0,1,1640
1641,0,0.01,7683524,433485.0,0.3,7684784,433943.99999999994,0.0,4.289999999999236,0.0009896536212323924,0,1,1641
1642,0,0.01,7687664,450310.0,0.3,7690104,453078.0,0.0,27.37999999999938,0.0060802558237657124,0,1,1642
1643,0,0.01,7705403,459680.0,0.3,7706663,463239.00000000006,0.0,35.29000000000015,0.007677079707622726,0,1,1643
1644,0,0.01,7807194,459359.0,0.3,7808454,454668.0,0.0,-47.20999999999985,-0.010277364762636599,0,1,1644
1645,0,0.01,7834641,451052.99999999994,0.3,7835901,445064.99999999994,0.0,-60.180000000000106,-0.013342112789406148,0,1,1645
1646,0,0.01,7875319,409745.0,0.3,7876579,407966.0,0.0,-18.08999999999951,-0.004414940999890056,0,1,1646
1647,0,0.01,7882219,404407.0,0.3,7883479,405680.0,0.0,12.430000000000017,0.003073636213023023,0,1,1647
1648,0,0.01,7884859,397776.0,0.3,7886119,401516.0,0.0,37.100000000000094,0.009326857326736679,0,1,1648
1649,0,0.01,7895899,401782.0,0.3,7897159,404436.0,0.0,26.239999999999963,0.006530904819031206,0,1,1649
1650,0,0.01,7898659,410868.0,0.3,7899919,405068.0,0.0,-58.3,-0.014189472044549586,0,1,1650
