id,col,size,entry_idx,entry_price,entry_fees,exit_idx,exit_price,exit_fees,pnl,return,direction,status,parent_id
0,0,0.31,1890,34753.0,9.3,2347,34816.0,0.0,10.229999999998835,0.000949558311512567,0,1,0
1,0,0.21,7820,36413.0,6.3,8265,36337.0,0.0,-22.260000000000037,-0.002911048251997918,0,1,1
2,0,0.3,11034,36783.0,9.0,11484,36281.0,0.0,-159.60000000000036,-0.014463203110132432,0,1,2
3,0,0.28,13371,35235.0,8.4,13824,35600.0,0.0,93.80000000000072,0.009507591883070883,0,1,3
4,0,0.32,14752,36201.0,9.6,15210,35695.0,0.0,-171.52000000000007,-0.014806220822629215,0,1,4
5,0,0.32,21672,34351.0,9.6,22110,34331.0,0.0,-15.999999999999636,-0.0014555617012604832,0,1,5
6,0,0.24,27185,36106.0,7.199999999999999,27662,36176.0,0.0,9.599999999999273,0.0011078491109510046,0,1,6
7,0,0.29,29505,35349.0,8.7,29962,34810.0,0.0,-165.00999999999948,-0.016096636397069174,0,1,7
8,0,0.25,31027,35056.0,7.5,31603,35060.0,0.0,-6.5,-0.0007416704701049749,0,1,8
9,0,0.3,32278,35191.0,9.0,32881,35609.0,0.0,116.39999999999964,0.011025546304452809,0,1,9
10,0,0.22,34305,35810.0,6.6,35041,36132.0,0.0,64.24000000000015,0.008154146886344615,0,1,10
11,0,0.17,35790,36550.0,5.1000000000000005,36336,36330.0,0.0,-42.49999999999964,-0.006839945280437698,0,1,11
12,0,0.19,37584,36123.0,5.7,38265,36560.0,0.0,77.32999999999974,0.0112670597680148,0,1,12
13,0,0.19,38980,36053.0,5.7,39716,36250.0,0.0,31.73000000000029,0.0046320694533049,0,1,13
14,0,0.21,41182,36419.0,6.3,41903,37188.0,0.0,155.18999999999977,0.02029160602981957,0,1,14
15,0,0.17,44637,37150.0,5.1000000000000005,45364,37305.0,0.0,21.250000000000362,0.0033647375504711205,0,1,15
16,0,0.19,48301,38220.0,5.7,49036,37971.0,0.0,-53.0100000000004,-0.0072998430141287835,0,1,16
17,0,0.23,53225,37606.0,6.9,53848,38112.0,0.0,109.4799999999992,0.012657554645535193,0,1,17
18,0,0.18,57057,38411.0,5.3999999999999995,57812,38020.0,0.0,-75.78000000000011,-0.010960401968186213,0,1,18
19,0,0.19,59426,38489.0,5.7,60103,38430.0,0.0,-16.910000000000036,-0.002312348982826267,0,1,19
20,0,0.23,60911,38213.0,6.9,61679,36885.0,0.0,-312.33999999999867,-0.03553764425718981,0,1,20
21,0,0.22,63099,37585.0,6.6,63676,37466.0,0.0,-32.78000000000029,-0.003964347479047527,0,1,21
22,0,0.17,64274,36838.0,5.1000000000000005,64937,37293.0,0.0,72.25000000000037,0.011536999837124768,0,1,22
23,0,0.2,67897,37108.0,6.0,68568,37120.0,0.0,-3.600000000000364,-0.0004850706047214029,0,1,23
24,0,0.19,70000,38029.0,5.7,70716,38561.0,0.0,95.37999999999992,0.01320045228641299,0,1,24
25,0,0.22,71504,38364.0,6.6,72138,38827.0,0.0,95.26000000000059,0.011286622875612624,0,1,25
26,0,0.16,74982,38309.0,4.8,75697,38338.0,0.0,-0.1600000000005819,-2.6103526586536763e-05,0,1,26
27,0,0.19,77026,37876.0,5.7,77741,38023.0,0.0,22.229999999999382,0.0030890273524130517,0,1,27
28,0,0.21,80566,38731.0,6.3,81297,39319.0,0.0,117.18000000000048,0.014407064108853432,0,1,28
29,0,0.17,82061,39410.0,5.1000000000000005,82797,39710.0,0.0,45.9,0.006851053032225322,0,1,29
30,0,0.15,84406,39690.0,4.5,85092,39430.0,0.0,-43.5,-0.007306626354245402,0,1,30
31,0,0.19,85778,39374.0,5.7,86462,39534.0,0.0,24.699999999999637,0.0033016711535530574,0,1,31
32,0,0.22,87842,39068.00000000001,6.6,88483,39592.0,0.0,108.67999999999884,0.012644619637554895,0,1,32
33,0,0.17,92175,40160.0,5.1000000000000005,92823,40590.0,0.0,67.99999999999946,0.00996015936254972,0,1,33
34,0,0.14,105942,42077.0,4.2,106733,41960.0,0.0,-20.58000000000011,-0.003493595075694578,0,1,34
35,0,0.15,107615,42330.0,4.5,108336,42580.0,0.0,33.0,0.005197259626742263,0,1,35
36,0,0.19,113275,41200.0,5.7,114007,40993.0,0.0,-45.02999999999993,-0.00575242718446601,0,1,36
37,0,0.18,114705,40940.0,5.3999999999999995,115387,40740.0,0.0,-41.4,-0.0056179775280898875,0,1,37
38,0,0.2,116910,40918.0,6.0,117655,40961.0,0.0,2.600000000000364,0.0003177085879075668,0,1,38
39,0,0.12,118410,39871.0,3.5999999999999996,119170,40147.0,0.0,29.51999999999989,0.00616989792079454,0,1,39
40,0,0.21,121769,39673.0,6.3,122519,40239.0,0.0,112.56000000000058,0.013510447911678037,0,1,40
41,0,0.21,124145,40569.0,6.3,124940,41092.0,0.0,103.52999999999993,0.012152135867287823,0,1,41
42,0,0.21,127645,41496.0,6.3,128368,40936.0,0.0,-123.90000000000036,-0.01421823790244847,0,1,42
43,0,0.16,133348,39490.0,4.8,134193,39531.0,0.0,1.7599999999994909,0.0002785515320333456,0,1,43
44,0,0.19,135877,39275.0,5.7,136817,39270.0,0.0,-6.649999999999818,-0.000891152132399721,0,1,44
45,0,0.19,140240,40205.0,5.7,141110,39947.0,0.0,-54.71999999999953,-0.007163288148240207,0,1,45
46,0,0.18,142046,40158.0,5.3999999999999995,142866,39454.0,0.0,-132.12000000000026,-0.018277802679416342,0,1,46
47,0,0.22,144601,40169.0,6.6,145465,40656.0,0.0,100.53999999999942,0.011376932460354934,0,1,47
48,0,0.2,146320,41045.0,6.0,147019,41190.0,0.0,23.0,0.0028018028992569132,0,1,48
49,0,0.19,152932,42046.0,5.7,153843,42571.0,0.0,94.05,0.011772820244494126,0,1,49
50,0,0.16,154793,42523.0,4.8,155472,42054.0,0.0,-79.83999999999996,-0.011734825858946916,0,1,50
51,0,0.15,159835,40598.0,4.5,160672,39930.0,0.0,-104.69999999999982,-0.017192965170698033,0,1,51
52,0,0.17,164162,39340.0,5.1000000000000005,165024,38944.0,0.0,-72.4199999999997,-0.010828673106253133,0,1,52
53,0,0.21,168426,39811.0,6.3,169268,38430.0,0.0,-296.31000000000023,-0.03544246565019721,0,1,53
54,0,0.12,170191,38726.0,3.5999999999999996,170942,38608.0,0.0,-17.759999999999856,-0.0038217218406238393,0,1,54
55,0,0.18,172500,39205.0,5.3999999999999995,173299,39261.0,0.0,4.679999999999928,0.000663180716745303,0,1,55
56,0,0.18,178642,37413.0,5.3999999999999995,179398,37636.0,0.0,34.73999999999942,0.005158634699168651,0,1,56
57,0,0.23,185240,38766.0,6.9,185912,38769.0,0.0,-6.209999999999491,-0.0006964866119795126,0,1,57
58,0,0.22,186783,39421.0,6.6,187523,39302.0,0.0,-32.78000000000029,-0.0037797113213769644,0,1,58
59,0,0.2,188868,39370.0,6.0,189726,39102.0,0.0,-59.599999999999454,-0.007569215138430207,0,1,59
60,0,0.22,192935,39057.00000000001,6.6,193742,38390.0,0.0,-153.3400000000016,-0.017845712676345014,0,1,60
61,0,0.19,196712,38869.0,5.7,197488,38436.0,0.0,-87.96999999999953,-0.01191180632380554,0,1,61
62,0,0.19,198282,38826.0,5.7,199121,39411.0,0.0,105.44999999999963,0.014294544892597693,0,1,62
63,0,0.18,202430,40071.0,5.3999999999999995,203295,40066.0,0.0,-6.299999999999636,-0.0008734496269121804,0,1,63
64,0,0.18,204977,39203.0,5.3999999999999995,205811,39335.0,0.0,18.36000000000022,0.0026018416957886187,0,1,64
65,0,0.16,208698,39220.0,4.8,209565,40206.0,0.0,152.9600000000002,0.02437531871494139,0,1,65
66,0,0.19,210482,40690.0,5.7,211363,40698.0,0.0,-4.180000000000473,-0.0005406733841239245,0,1,66
67,0,0.2,213279,40111.0,6.0,214146,40474.0,0.0,66.59999999999945,0.008301962055296484,0,1,67
68,0,0.17,217336,39941.0,5.1000000000000005,218201,39628.0,0.0,-58.31000000000004,-0.008587666808542605,0,1,68
69,0,0.17,219131,39349.0,5.1000000000000005,219981,38910.0,0.0,-79.7300000000001,-0.011918981422653702,0,1,69
70,0,0.2,221687,38697.0,6.0,222509,38768.0,0.0,8.199999999999818,0.0010595136573894382,0,1,70
71,0,0.2,225880,39271.0,6.0,226743,39120.0,0.0,-36.20000000000073,-0.004608999006900858,0,1,71
72,0,0.21,229862,39707.0,6.3,230579,39409.0,0.0,-68.87999999999992,-0.0082605082227315,0,1,72
73,0,0.18,233757,40500.0,5.3999999999999995,234587,40415.0,0.0,-20.70000000000018,-0.0028395061728395308,0,1,73
74,0,0.23,235483,40543.0,6.9,236244,41197.0,0.0,143.52000000000007,0.015391066275312636,0,1,74
75,0,0.2,237944,40275.0,6.0,238724,40566.0,0.0,52.20000000000073,0.006480446927374392,0,1,75
76,0,0.2,242028,40882.0,6.0,242850,40790.0,0.0,-24.400000000000546,-0.0029841984247346684,0,1,76
77,0,0.22,243667,40530.0,6.6,244421,39984.0,0.0,-126.7200000000008,-0.014211695040710673,0,1,77
78,0,0.19,246081,39727.0,5.7,247008,39818.0,0.0,11.589999999999964,0.0015354796486017018,0,1,78
79,0,0.19,250687,40464.0,5.7,251500,40447.0,0.0,-8.929999999999563,-0.0011615262949781955,0,1,79
80,0,0.19,254551,40929.0,5.7,255460,40666.0,0.0,-55.67000000000026,-0.007158738302914837,0,1,80
81,0,0.18,256371,40958.0,5.3999999999999995,257140,40752.0,0.0,-42.479999999999926,-0.005762000097661009,0,1,81
82,0,0.22,258764,41158.0,6.6,259527,41224.0,0.0,7.920000000000437,0.0008746780698771074,0,1,82
83,0,0.19,260475,41796.0,5.7,261228,41832.0,0.0,1.1400000000001453,0.0001435544071203169,0,1,83
84,0,0.2,262943,41781.0,6.0,263804,41715.0,0.0,-19.200000000000728,-0.002297695124578244,0,1,84
85,0,0.19,267250,41414.0,5.7,268204,41481.0,0.0,7.030000000000473,0.0008934176848409351,0,1,85
86,0,0.21,271712,41976.0,6.3,272490,42357.0,0.0,73.71000000000022,0.00836192109777018,0,1,86
87,0,0.19,276093,42639.0,5.7,276900,42304.0,0.0,-69.34999999999964,-0.008560238279509325,0,1,87
88,0,0.15,277910,42425.0,4.5,278749,42742.0,0.0,43.05000000000018,0.006764879198585768,0,1,88
89,0,0.16,280517,42022.0,4.8,281490,42607.0,0.0,88.79999999999946,0.013207367569368345,0,1,89
90,0,0.2,285269,43449.0,6.0,286020,43334.0,0.0,-29.0,-0.003337245966535478,0,1,90
91,0,0.21,289051,43854.0,6.3,289899,44386.0,0.0,105.41999999999935,0.011447074383180482,0,1,91
92,0,0.17,290641,44224.0,5.1000000000000005,291521,44616.0,0.0,61.53999999999942,0.008185600578871122,0,1,92
93,0,0.15,299280,44807.0,4.5,300061,45547.0,0.0,106.5,0.01584573838909099,0,1,93
94,0,0.18,308567,43669.0,5.3999999999999995,309332,44061.0,0.0,65.15999999999948,0.00828963337836903,0,1,94
95,0,0.25,313677,44318.0,7.5,314375,43528.0,0.0,-205.0,-0.018502640010830813,0,1,95
96,0,0.18,319295,42097.0,5.3999999999999995,320179,41776.0,0.0,-63.18000000000065,-0.008337886310188461,0,1,96
97,0,0.2,329837,42134.0,6.0,330708,42564.0,0.0,80.0,0.009493520672141263,0,1,97
98,0,0.2,335996,41686.0,6.0,336841,41401.0,0.0,-63.0,-0.007556493786882885,0,1,98
99,0,0.2,338666,41160.0,6.0,339391,41213.0,0.0,4.600000000000364,0.0005587949465500928,0,1,99
100,0,0.19,340172,41717.0,5.7,340950,42027.0,0.0,53.19999999999963,0.006711892034422371,0,1,100
101,0,0.2,342966,42464.0,6.0,343815,42458.0,0.0,-7.200000000000728,-0.0008477769404673049,0,1,101
102,0,0.2,344777,42631.99999999999,6.0,345608,42578.0,0.0,-16.799999999999272,-0.0019703509101143828,0,1,102
103,0,0.19,347344,43358.0,5.7,348240,43361.0,0.0,-5.130000000000291,-0.0006227224502975583,0,1,103
104,0,0.19,349248,43299.0,5.7,350110,43438.0,0.0,20.709999999999855,0.0025173791542529677,0,1,104
105,0,0.2,353865,42896.99999999999,6.0,354707,43289.0,0.0,72.40000000000146,0.008438818565401013,0,1,105
106,0,0.21,356462,43962.00000000001,6.3,357372,43977.0,0.0,-3.1500000000003636,-0.00034120376688962585,0,1,106
107,0,0.21,362891,43799.0,6.3,363774,43853.0,0.0,5.040000000000146,0.0005479577159296033,0,1,107
108,0,0.19,365710,42625.0,5.7,366737,42397.0,0.0,-49.01999999999971,-0.00605278592375363,0,1,108
109,0,0.24,371430,42731.00000000001,7.199999999999999,372269,42545.0,0.0,-51.84000000000124,-0.005054878191477034,0,1,109
110,0,0.22,374255,42425.0,6.6,375131,42601.0,0.0,32.119999999999344,0.003441367118444243,0,1,110
111,0,0.22,378747,42757.00000000001,6.6,379655,42842.0,0.0,12.099999999998909,0.0012863390789811034,0,1,111
112,0,0.2,380644,42248.0,6.0,381604,42411.0,0.0,26.600000000000364,0.0031480780155274052,0,1,112
113,0,0.2,383463,43274.0,6.0,384412,43391.0,0.0,17.399999999999636,0.002010445070943249,0,1,113
114,0,0.21,385379,43181.0,6.3,386044,43375.0,0.0,34.439999999999785,0.0037979666983163655,0,1,114
115,0,0.21,387716,43620.0,6.3,388566,43224.0,0.0,-89.45999999999985,-0.00976616231086656,0,1,115
116,0,0.2,392295,42635.0,6.0,393135,42872.0,0.0,41.399999999999636,0.004855165943473629,0,1,116
117,0,0.19,398503,42121.0,5.7,399472,41953.0,0.0,-37.620000000000076,-0.004700743097267406,0,1,117
118,0,0.24,401277,41839.0,7.199999999999999,402159,42099.0,0.0,55.20000000000145,0.005497263318913121,0,1,118
119,0,0.23,403161,41963.0,6.9,404046,41700.0,0.0,-67.38999999999979,-0.006982341586635824,0,1,119
120,0,0.19,411280,41631.0,5.7,412314,41464.0,0.0,-37.430000000000476,-0.004732050635343914,0,1,120
121,0,0.18,413568,42139.0,5.3999999999999995,414628,42218.0,0.0,8.820000000000256,0.001162818291843694,0,1,121
122,0,0.22,416961,42375.0,6.6,417892,42345.0,0.0,-13.200000000000363,-0.001415929203539862,0,1,122
123,0,0.2,424487,43486.0,6.0,425550,43697.0,0.0,36.19999999999891,0.004162259117876892,0,1,123
124,0,0.21,429900,44045.0,6.3,430977,43916.0,0.0,-33.39000000000014,-0.003609944375070966,0,1,124
125,0,0.22,433172,43549.0,6.6,434165,43631.0,0.0,11.439999999999054,0.0011940572688235252,0,1,125
126,0,0.2,435364,43413.0,6.0,436290,42670.0,0.0,-154.60000000000036,-0.017805726395319417,0,1,126
127,0,0.2,438497,42238.0,6.0,439491,42265.0,0.0,-0.6000000000003638,-7.102609025052841e-05,0,1,127
128,0,0.19,440657,42407.0,5.7,441676,42287.0,0.0,-28.50000000000018,-0.0035371518853019772,0,1,128
129,0,0.21,444192,42563.0,6.3,445255,42357.0,0.0,-49.560000000000215,-0.005544721941592487,0,1,129
130,0,0.19,446557,41815.0,5.7,447617,42052.0,0.0,39.32999999999974,0.004950376659093594,0,1,130
131,0,0.2,452111,42468.0,6.0,453165,42441.0,0.0,-11.399999999999636,-0.0013421870584910563,0,1,131
132,0,0.22,455564,42270.0,6.6,456630,42469.0,0.0,37.18000000000065,0.0039981074047788735,0,1,132
133,0,0.21,457923,42736.0,6.3,458980,42851.0,0.0,17.849999999999635,0.001988955447397938,0,1,133
134,0,0.23,461193,43116.0,6.9,462206,43596.0,0.0,103.49999999999963,0.010436960757027516,0,1,134
135,0,0.2,463516,43633.0,6.0,464575,43660.0,0.0,-0.6000000000003638,-6.875529988774136e-05,0,1,135
136,0,0.24,467043,43457.0,7.199999999999999,468142,43687.0,0.0,47.999999999998906,0.004602250500494637,0,1,136
137,0,0.15,469572,44590.0,4.5,470733,44576.0,0.0,-6.600000000000364,-0.0009867683337071635,0,1,137
138,0,0.2,473207,44541.99999999999,6.0,474351,43916.0,0.0,-131.1999999999989,-0.01472767275829542,0,1,138
139,0,0.17,475736,43848.0,5.1000000000000005,476874,43623.0,0.0,-43.35,-0.005815544608648056,0,1,139
140,0,0.18,485297,43063.0,5.3999999999999995,486396,43415.0,0.0,57.959999999999674,0.007477416807932522,0,1,140
141,0,0.15,487629,44155.0,4.5,488674,44249.0,0.0,9.599999999999454,0.001449439474578108,0,1,141
142,0,0.17,493460,44670.0,5.1000000000000005,494594,44889.0,0.0,32.12999999999956,0.004231027535258505,0,1,142
143,0,0.19,497117,44580.0,5.7,498227,45007.0,0.0,75.4299999999992,0.008905338716913319,0,1,143
144,0,0.17,499645,45484.0,5.1000000000000005,500815,45882.0,0.0,62.55999999999985,0.008090757189341288,0,1,144
145,0,0.15,503543,46413.0,4.5,504763,47112.0,0.0,100.35000000000036,0.014414065024885321,0,1,145
146,0,0.13,506279,46444.0,3.9000000000000004,507416,46299.0,0.0,-22.750000000000362,-0.0037679786409439923,0,1,146
147,0,0.14,510031,46262.0,4.2,511204,46882.0,0.0,82.60000000000018,0.012753447754096262,0,1,147
148,0,0.15,512634,47138.0,4.5,513818,46867.0,0.0,-45.149999999999636,-0.006385506385506334,0,1,148
149,0,0.16,518904,47236.0,4.8,520050,47496.0,0.0,36.80000000000037,0.004869167584046115,0,1,149
150,0,0.2,528908,47098.0,6.0,530092,46423.0,0.0,-141.0,-0.014968788483587413,0,1,150
151,0,0.18,535145,47198.0,5.3999999999999995,536311,47016.0,0.0,-38.16000000000022,-0.004491715750667427,0,1,151
152,0,0.2,537684,47344.0,6.0,538808,47263.0,0.0,-22.200000000000728,-0.002344542075025423,0,1,152
153,0,0.16,541379,45905.0,4.8,542529,46164.0,0.0,36.6399999999996,0.004988563337327034,0,1,153
154,0,0.16,543825,46002.0,4.8,544931,45589.0,0.0,-70.87999999999992,-0.009630016086257109,0,1,154
155,0,0.18,547411,45991.0,5.3999999999999995,548528,46628.0,0.0,109.25999999999985,0.013198234437172473,0,1,155
156,0,0.18,549890,46560.0,5.3999999999999995,551008,46887.0,0.0,53.46000000000058,0.0063788659793815134,0,1,156
157,0,0.15,555838,48470.0,4.5,557022,48487.0,0.0,-1.949999999999818,-0.00026820713843612104,0,1,157
158,0,0.14,559753,49205.0,4.2,560913,49245.0,0.0,1.4000000000003636,0.00020323137892495877,0,1,158
159,0,0.14,565527,49842.0,4.2,566703,49272.0,0.0,-84.00000000000018,-0.012038040207054316,0,1,159
160,0,0.14,568110,50493.0,4.2,569299,50377.0,0.0,-20.43999999999978,-0.002891489909492374,0,1,160
161,0,0.09,578446,51403.0,2.6999999999999997,579652,50464.0,0.0,-87.20999999999931,-0.0188510398225783,0,1,161
162,0,0.1,581124,49759.0,3.0,582322,50200.0,0.0,41.099999999999454,0.008259812295263057,0,1,162
163,0,0.12,584962,49050.0,3.5999999999999996,586163,49462.0,0.0,45.8399999999996,0.00778797145769616,0,1,163
164,0,0.15,587576,50339.0,4.5,588537,50186.0,0.0,-27.449999999999818,-0.0036353523113291644,0,1,164
165,0,0.18,590378,50804.0,5.3999999999999995,591554,51532.00000000001,0.0,125.64000000000087,0.013739075663333692,0,1,165
166,0,0.14,592979,51364.0,4.2,594090,51602.0,0.0,29.11999999999971,0.004049528852893036,0,1,166
167,0,0.11,596021,53396.0,3.3,597164,53353.0,0.0,-8.030000000000474,-0.001367143606262722,0,1,167
168,0,0.11,601608,54177.0,3.3,602471,54683.00000000001,0.0,52.36000000000077,0.008786016206139264,0,1,168
169,0,0.1,607028,55462.00000000001,3.0,608211,54195.00000000001,0.0,-129.69999999999982,-0.02338538098157293,0,1,169
170,0,0.13,616056,55836.0,3.9000000000000004,617231,55804.0,0.0,-8.059999999999855,-0.001110394727415984,0,1,170
171,0,0.11,619884,56836.0,3.3,621102,56864.0,0.0,-0.22000000000007258,-3.518896474066894e-05,0,1,171
172,0,0.09,626365,54861.0,2.6999999999999997,627581,55005.99999999999,0.0,10.349999999999273,0.0020962067771275027,0,1,172
173,0,0.11,629055,56678.99999999999,3.3,630277,54978.0,0.0,-190.40999999999968,-0.030540411792727415,0,1,173
174,0,0.11,633062,54664.0,3.3,634273,53908.00000000001,0.0,-86.45999999999894,-0.014378750182935577,0,1,174
175,0,0.16,639055,55285.0,4.8,640241,55490.0,0.0,27.99999999999927,0.003165415573844541,0,1,175
176,0,0.14,641646,54794.00000000001,4.2,642828,55798.0,0.0,136.3599999999995,0.017775668868854184,0,1,176
177,0,0.14,645458,56122.0,4.2,646612,56224.0,0.0,10.079999999999746,0.0012829193542638925,0,1,177
178,0,0.13,647981,56861.0,3.9000000000000004,649176,56452.0,0.0,-57.07000000000007,-0.0077205817695784554,0,1,178
179,0,0.13,651851,55208.00000000001,3.9000000000000004,653053,54080.99999999999,0.0,-150.41000000000113,-0.020957107665555873,0,1,179
180,0,0.14,658278,55069.00000000001,4.2,659441,55321.0,0.0,31.079999999998837,0.004031306179520086,0,1,180
181,0,0.11,660861,55421.0,3.3,661957,55339.0,0.0,-12.320000000000437,-0.00202089460673759,0,1,181
182,0,0.11,664451,55172.0,3.3,665612,54941.0,0.0,-28.709999999999855,-0.004730660479953575,0,1,182
183,0,0.13,670727,56384.0,3.9000000000000004,671925,57246.0,0.0,108.1600000000004,0.01475595913734398,0,1,183
184,0,0.1,673446,58744.000000000015,3.0,674643,58280.99999999999,0.0,-49.300000000002,-0.008392346452403988,0,1,184
185,0,0.1,683808,59337.00000000001,3.0,685028,59679.0,0.0,31.199999999999818,0.00525810202740277,0,1,185
186,0,0.1,689654,62157.00000000001,3.0,690827,64123.0,0.0,193.59999999999945,0.0311469343758546,0,1,186
187,0,0.05,692367,61212.00000000001,1.5,693482,63433.00000000001,0.0,109.55000000000018,0.035793635234921316,0,1,187
188,0,0.07,698597,63310.00000000001,2.1,699743,65332.00000000001,0.0,139.43999999999997,0.031464223661348906,0,1,188
189,0,0.07,705201,67894.0,2.1,706422,68255.0,0.0,23.169999999999526,0.004875246708103708,0,1,189
190,0,0.09,709215,70002.0,2.6999999999999997,710453,70698.0,0.0,59.940000000000325,0.009514013885317614,0,1,190
191,0,0.06,711910,71234.0,1.7999999999999998,713084,71427.0,0.0,9.779999999999927,0.0022882331470926633,0,1,191
192,0,0.06,722501,66497.0,1.7999999999999998,723715,64233.00000000001,0.0,-137.63999999999925,-0.034497796893092736,0,1,192
193,0,0.07,728517,65214.0,2.1,729654,64319.00000000001,0.0,-64.74999999999963,-0.014184070905020312,0,1,193
194,0,0.07,731128,62845.0,2.1,732358,63762.0,0.0,62.0899999999996,0.014114090221974606,0,1,194
195,0,0.08,737930,61324.0,2.4,739162,60524.0,0.0,-66.4,-0.013534668319092037,0,1,195
196,0,0.06,741600,56396.0,1.7999999999999998,742756,55645.00000000001,0.0,-46.85999999999949,-0.013848499893609326,0,1,196
197,0,0.08,750792,58075.0,2.4,751995,58254.0,0.0,11.919999999999709,0.002565647869134677,0,1,197
198,0,0.08,754733,57849.0,2.4,755871,57815.0,0.0,-5.120000000000255,-0.0011063285450051547,0,1,198
199,0,0.08,757326,59802.0,2.4,758553,61479.0,0.0,131.75999999999985,0.02754088492023675,0,1,199
200,0,0.1,763279,63255.99999999999,3.0,764498,62834.0,0.0,-45.19999999999891,-0.007145567218919772,0,1,200
201,0,0.11,767239,64090.0,3.3,768426,65188.0,0.0,117.48000000000066,0.01666406615696686,0,1,201
202,0,0.07,769942,66551.0,2.1,771151,66425.0,0.0,-10.920000000000618,-0.0023440669561690854,0,1,202
203,0,0.06,774013,63117.99999999999,1.7999999999999998,775258,64391.99999999999,0.0,74.64000000000006,0.019709116258436597,0,1,203
204,0,0.07,776723,62911.99999999999,2.1,777968,62092.99999999999,0.0,-59.42999999999993,-0.013495040691759903,0,1,204
205,0,0.09,783244,63335.0,2.6999999999999997,784374,63373.0,0.0,0.720000000000073,0.00012631246546144804,0,1,205
206,0,0.09,787159,64616.0,2.6999999999999997,788394,65014.0,0.0,33.120000000000616,0.00569518385539196,0,1,206
207,0,0.09,789842,64520.00000000001,2.6999999999999997,791051,64609.0,0.0,5.3099999999993095,0.0009144451332918836,0,1,207
208,0,0.1,793688,64075.0,3.0,794906,64995.00000000001,0.0,89.00000000000091,0.013889972688256091,0,1,208
209,0,0.08,796329,63664.0,2.4,797544,63095.00000000001,0.0,-47.919999999999526,-0.009408771048001918,0,1,209
210,0,0.11,800255,62405.99999999999,3.3,801479,62850.0,0.0,45.54000000000106,0.006633977502163409,0,1,210
211,0,0.1,802951,61417.99999999999,3.0,804174,61397.0,0.0,-5.099999999998545,-0.0008303754599626405,0,1,211
212,0,0.12,806947,62391.0,3.5999999999999996,808156,62157.00000000001,0.0,-31.67999999999993,-0.004231379525893148,0,1,212
213,0,0.11,809610,61820.00000000001,3.3,810803,62188.0,0.0,37.179999999999566,0.005467486250404336,0,1,213
214,0,0.11,813538,61428.0,3.3,814744,61777.0,0.0,35.09000000000033,0.005193071563456453,0,1,214
215,0,0.13,816187,62572.0,3.9000000000000004,817389,62521.0,0.0,-10.53000000000011,-0.0012945087259477216,0,1,215
216,0,0.11,819790,63876.0,3.3,821029,63208.00000000001,0.0,-76.77999999999865,-0.0109274218798921,0,1,216
217,0,0.09,822510,61739.00000000001,2.6999999999999997,823746,60991.0,0.0,-70.02000000000062,-0.012601435073454492,0,1,217
218,0,0.08,829294,57503.99999999999,2.4,830455,57782.00000000001,0.0,19.840000000000693,0.00431274346132458,0,1,218
219,0,0.1,832837,57301.0,3.0,834071,57612.0,0.0,28.100000000000364,0.004903928378213358,0,1,219
220,0,0.12,841889,60057.000000000015,3.5999999999999996,843133,59766.99999999999,0.0,-38.400000000002,-0.005328271475431951,0,1,220
221,0,0.09,845913,57479.99999999999,2.6999999999999997,847145,56635.0,0.0,-78.74999999999928,-0.015222686151704804,0,1,221
222,0,0.12,854681,57855.99999999999,3.5999999999999996,855884,58920.00000000001,0.0,124.08000000000212,0.01787195796460208,0,1,222
223,0,0.12,858725,58858.00000000001,3.5999999999999996,859907,58866.99999999999,0.0,-2.5200000000018914,-0.00035679092052084266,0,1,223
224,0,0.1,861035,59895.00000000001,3.0,862266,59117.99999999999,0.0,-80.70000000000164,-0.013473578762835232,0,1,224
225,0,0.1,865056,58461.0,3.0,866241,59103.0,0.0,61.19999999999982,0.01046851747318722,0,1,225
226,0,0.12,867709,59632.000000000015,3.5999999999999996,868903,59791.0,0.0,15.479999999999018,0.0021632680440030823,0,1,226
227,0,0.12,871629,60571.0,3.5999999999999996,872861,61760.0,0.0,139.0800000000003,0.019134569348368075,0,1,227
228,0,0.09,881084,63417.99999999999,2.6999999999999997,882326,62740.0,0.0,-63.71999999999953,-0.011164022832634188,0,1,228
229,0,0.1,885159,62127.00000000001,3.0,886391,62164.0,0.0,0.6999999999998181,0.00011267242905658056,0,1,229
230,0,0.1,887850,61780.99999999999,3.0,889066,62074.0,0.0,26.30000000000109,0.004256972208284277,0,1,230
231,0,0.12,891857,62777.0,3.5999999999999996,893036,62903.0,0.0,11.519999999999891,0.0015292224859422892,0,1,231
232,0,0.11,897976,63907.00000000001,3.3,899158,63560.0,0.0,-41.47000000000007,-0.0058991972710344814,0,1,232
233,0,0.14,900436,64689.0,4.2,901660,64504.99999999999,0.0,-29.960000000000218,-0.0033081358499899758,0,1,233
234,0,0.1,904478,63967.99999999999,3.0,905725,63079.0,0.0,-91.89999999999873,-0.014366558279139373,0,1,234
235,0,0.13,913957,62846.0,3.9000000000000004,915142,61458.00000000001,0.0,-184.3399999999996,-0.02256309072972022,0,1,235
236,0,0.13,917944,62166.0,3.9000000000000004,919150,62016.99999999999,0.0,-23.2700000000008,-0.0028793874465142706,0,1,236
237,0,0.14,920573,61815.0,4.2,921726,62004.99999999999,0.0,22.399999999998546,0.0025883685189677197,0,1,237
238,0,0.15,923512,62412.99999999999,4.5,924717,62702.0,0.0,38.850000000000364,0.00414977648887255,0,1,238
239,0,0.13,926075,63345.0,3.9000000000000004,927225,63601.0,0.0,29.380000000000656,0.0035677638329782153,0,1,239
240,0,0.2,929194,63903.0,6.0,930369,62665.0,0.0,-253.60000000000036,-0.019842573901068836,0,1,240
241,0,0.11,935910,61245.00000000001,3.3,937123,60946.0,0.0,-36.190000000000325,-0.0053718670911911655,0,1,241
242,0,0.12,943059,62345.00000000001,3.5999999999999996,944291,63085.0,0.0,85.19999999999928,0.01138824284224868,0,1,242
243,0,0.1,945769,62735.0,3.0,946984,63500.0,0.0,73.5,0.011715948035386945,0,1,243
244,0,0.11,949791,64583.00000000001,3.3,951039,64780.99999999999,0.0,18.479999999997926,0.0026013037486642167,0,1,244
245,0,0.1,952527,64530.99999999999,3.0,953743,64525.0,0.0,-3.5999999999994543,-0.000557871410639763,0,1,245
246,0,0.13,956511,64601.00000000001,3.9000000000000004,957730,65204.99999999999,0.0,74.61999999999861,0.008885311372888798,0,1,246
247,0,0.1,959201,65627.0,3.0,960404,64686.0,0.0,-97.10000000000036,-0.014795739558413512,0,1,247
248,0,0.11,963142,65247.0,3.3,964252,65071.0,0.0,-22.659999999999673,-0.0031572332827562496,0,1,248
249,0,0.11,965616,65985.0,3.3,966665,66614.0,0.0,65.8899999999996,0.009077820716829527,0,1,249
250,0,0.13,969450,66347.0,3.9000000000000004,970679,66844.0,0.0,60.71000000000058,0.007038750810134662,0,1,250
251,0,0.12,972115,66802.0,3.5999999999999996,973277,66834.0,0.0,0.24000000000014587,2.993922337656381e-05,0,1,251
252,0,0.1,975849,65927.0,3.0,977079,67754.0,0.0,179.69999999999982,0.027257421086959787,0,1,252
253,0,0.05,982626,66485.0,1.5,983877,66970.0,0.0,22.75,0.006843648943370685,0,1,253
254,0,0.07,985417,65725.0,2.1,986662,64234.0,0.0,-106.46999999999989,-0.023141879041460606,0,1,254
255,0,0.11,996331,64313.0,3.3,997552,64376.0,0.0,3.6299999999993817,0.0005131155442911135,0,1,255
256,0,0.12,1003019,65779.0,3.5999999999999996,1004202,66281.0,0.0,56.63999999999978,0.00717554234634151,0,1,256
257,0,0.09,1009571,66794.0,2.6999999999999997,1010803,66619.0,0.0,-18.45,-0.0030691379465221428,0,1,257
258,0,0.11,1012253,66089.0,3.3,1013462,66331.0,0.0,23.31999999999989,0.003207795548427106,0,1,258
259,0,0.15,1021984,67693.0,4.5,1023222,67679.0,0.0,-6.599999999998545,-0.0006499933523405714,0,1,259
260,0,0.12,1031355,68350.0,3.5999999999999996,1032573,69117.0,0.0,88.43999999999906,0.010782735918068649,0,1,260
261,0,0.16,1035300,68454.0,4.8,1036529,68458.0,0.0,-4.159999999998763,-0.0003798171034562227,0,1,261
262,0,0.14,1037949,67422.0,4.2,1039161,68101.0,0.0,90.85999999999949,0.009625938121088017,0,1,262
263,0,0.16,1041897,67322.0,4.8,1043122,67244.0,0.0,-17.279999999999564,-0.0016042304150203095,0,1,263
264,0,0.18,1044501,68148.0,5.3999999999999995,1045672,68790.0,0.0,110.15999999999948,0.008980454305335405,0,1,264
265,0,0.2,1048337,68490.0,6.0,1049534,67994.0,0.0,-105.19999999999891,-0.007679953277850701,0,1,265
266,0,0.14,1050992,66563.0,4.2,1052223,67091.0,0.0,69.72000000000007,0.007481633940777916,0,1,266
267,0,0.14,1055000,67204.0,4.2,1056205,66188.0,0.0,-146.43999999999977,-0.01556454972918276,0,1,267
268,0,0.14,1057662,65766.0,4.2,1058851,66096.0,0.0,41.999999999998906,0.004561627588723537,0,1,268
269,0,0.17,1061528,65843.0,5.1000000000000005,1062728,66065.0,0.0,32.63999999999978,0.0029160275200097,0,1,269
270,0,0.13,1064126,65370.0,3.9000000000000004,1065327,65527.0,0.0,16.509999999999856,0.0019427872112589702,0,1,270
271,0,0.13,1067800,65684.0,3.9000000000000004,1068995,65320.00000000001,0.0,-51.21999999999971,-0.005998416661591829,0,1,271
272,0,0.15,1070397,66129.0,4.5,1071576,66983.0,0.0,123.59999999999854,0.012460493883167601,0,1,272
273,0,0.19,1074210,66940.0,5.7,1075381,66945.0,0.0,-4.750000000001092,-0.0003734687780102442,0,1,273
274,0,0.12,1076830,65835.0,3.5999999999999996,1078014,64865.0,0.0,-120.00000000000054,-0.015189488873699468,0,1,274
275,0,0.14,1080743,64638.00000000001,4.2,1081961,65065.0,0.0,55.57999999999883,0.006141897954763322,0,1,275
276,0,0.16,1087262,66052.0,4.8,1088456,65210.0,0.0,-139.51999999999936,-0.013201719857082237,0,1,276
277,0,0.12,1089850,65157.0,3.5999999999999996,1091025,65359.0,0.0,20.63999999999978,0.002639777767546053,0,1,277
278,0,0.12,1093734,63997.0,3.5999999999999996,1094959,64320.00000000001,0.0,35.160000000001126,0.0045783396096693504,0,1,278
279,0,0.16,1102488,64835.0,4.8,1103655,65512.0,0.0,103.51999999999971,0.009979177913164158,0,1,279
280,0,0.19,1106346,66385.0,5.7,1107532,66065.0,0.0,-66.49999999999928,-0.005272275363410352,0,1,280
281,0,0.19,1108896,66677.0,5.7,1110070,66670.0,0.0,-7.030000000001746,-0.0005549139883319464,0,1,281
282,0,0.15,1119221,68090.0,4.5,1120444,67485.0,0.0,-95.25,-0.009325892201498017,0,1,282
283,0,0.1,1121895,66285.0,3.0,1123129,66077.0,0.0,-23.799999999999272,-0.0035905559327146824,0,1,283
284,0,0.12,1135256,66097.0,3.5999999999999996,1136480,67250.0,0.0,134.7600000000006,0.016990181097478026,0,1,284
285,0,0.07,1141955,65240.0,2.1,1143146,65714.0,0.0,31.08000000000029,0.006805640711220174,0,1,285
286,0,0.18,1152554,66182.0,5.3999999999999995,1153774,66731.0,0.0,93.4199999999997,0.007842011423045516,0,1,286
287,0,0.17,1159006,68128.0,5.1000000000000005,1160226,68197.0,0.0,6.630000000001382,0.0005724518553312607,0,1,287
288,0,0.12,1161735,69486.0,3.5999999999999996,1162949,70004.0,0.0,58.55999999999985,0.007022997438332884,0,1,288
289,0,0.15,1165776,71107.0,4.5,1167000,71125.0,0.0,-1.7999999999992724,-0.00016875975642335002,0,1,289
290,0,0.15,1168484,70705.0,4.5,1169712,70724.0,0.0,-1.6499999999996362,-0.00015557598472523264,0,1,290
291,0,0.1,1172580,72567.0,3.0,1173810,72137.0,0.0,-46.0,-0.006338969504044538,0,1,291
292,0,0.12,1175318,73262.0,3.5999999999999996,1176549,73043.0,0.0,-29.880000000000656,-0.0033987606125959633,0,1,292
293,0,0.1,1182070,73418.0,3.0,1183318,74261.0,0.0,81.30000000000018,0.011073578686425696,0,1,293
294,0,0.1,1186137,73172.0,3.0,1187375,72737.0,0.0,-46.5,-0.006354889848575958,0,1,294
295,0,0.09,1188879,73592.0,2.6999999999999997,1190091,74192.0,0.0,51.3,0.007745407109468421,0,1,295
296,0,0.12,1192889,73725.0,3.5999999999999996,1194127,74060.0,0.0,36.59999999999891,0.004136995591725885,0,1,296
297,0,0.13,1195626,74782.0,3.9000000000000004,1196864,74936.0,0.0,16.120000000000438,0.0016581530314782084,0,1,297
298,0,0.11,1199760,76105.0,3.3,1201006,75409.0,0.0,-79.85999999999949,-0.009539452072794106,0,1,298
299,0,0.1,1216471,78859.0,3.0,1217716,80720.0,0.0,183.09999999999945,0.023218656082374802,0,1,299
300,0,0.11,1220669,82416.0,3.3,1221929,83136.0,0.0,75.90000000000073,0.008372160745486393,0,1,300
301,0,0.06,1223507,83495.0,1.7999999999999998,1224764,83085.0,0.0,-26.400000000000365,-0.00526977663333141,0,1,301
302,0,0.07,1230557,78557.0,2.1,1231813,78583.0,0.0,-0.2800000000002911,-5.0918441386562096e-05,0,1,302
303,0,0.08,1234781,80130.0,2.4,1236040,80251.0,0.0,7.279999999999381,0.0011356545613377294,0,1,303
304,0,0.07,1241688,81487.0,2.1,1242947,80529.0,0.0,-69.15999999999948,-0.012124633377103006,0,1,304
305,0,0.1,1248716,80191.0,3.0,1249971,79553.0,0.0,-66.80000000000018,-0.008330111857939193,0,1,305
306,0,0.1,1251525,80255.0,3.0,1252780,79547.0,0.0,-73.79999999999927,-0.009195688742134356,0,1,306
307,0,0.08,1255722,80040.0,2.4,1256978,81393.0,0.0,105.84000000000069,0.01652923538230895,0,1,307
308,0,0.08,1258528,79899.0,2.4,1259781,79404.0,0.0,-42.00000000000036,-0.006570795629482278,0,1,308
309,0,0.1,1271569,82498.99999999999,3.0,1272803,83919.0,0.0,139.0,0.01684868907501909,0,1,309
310,0,0.07,1277734,86460.0,2.1,1278988,86064.0,0.0,-29.820000000000256,-0.004927133934767564,0,1,310
311,0,0.09,1281950,88226.0,2.6999999999999997,1283206,87592.0,0.0,-59.7600000000004,-0.007526126085281033,0,1,311
312,0,0.06,1284765,89573.0,1.7999999999999998,1286023,89552.0,0.0,-3.060000000000218,-0.0005693680015183552,0,1,312
313,0,0.06,1288982,89222.0,1.7999999999999998,1290242,87700.0,0.0,-93.1199999999997,-0.017394812938512867,0,1,313
314,0,0.05,1296023,88888.99999999999,1.5,1297282,88880.0,0.0,-1.949999999999818,-0.0004387494515631446,0,1,314
315,0,0.08,1303047,92333.0,2.4,1304307,93012.0,0.0,51.91999999999971,0.007028906241538738,0,1,315
316,0,0.07,1310089,88643.0,2.1,1311339,89999.0,0.0,92.82000000000008,0.014958880001805005,0,1,316
317,0,0.07,1312888,90940.0,2.1,1314141,92024.0,0.0,73.78000000000011,0.011590059379810882,0,1,317
318,0,0.07,1317098,90671.0,2.1,1318354,90473.0,0.0,-15.959999999999672,-0.0025145856999481127,0,1,318
319,0,0.11,1324020,92874.0,3.3,1325279,94291.0,0.0,152.5700000000008,0.014934211943062723,0,1,319
320,0,0.08,1333847,96892.0,2.4,1335102,97292.0,0.0,29.6,0.0038186847211328077,0,1,320
321,0,0.06,1338069,96658.0,1.7999999999999998,1339328,98874.0,0.0,131.16000000000003,0.022615820728755,0,1,321
322,0,0.05,1340889,97725.0,1.5,1342146,97234.0,0.0,-26.050000000000182,-0.005331286774111063,0,1,322
323,0,0.07,1345102,97328.0,2.1,1346349,98157.0,0.0,55.929999999999744,0.008209353937201999,0,1,323
324,0,0.09,1347905,99347.0,2.6999999999999997,1349142,99919.0,0.0,48.77999999999956,0.005455625232769939,0,1,324
325,0,0.08,1361217,94960.0,2.4,1362467,93013.0,0.0,-158.16000000000022,-0.02081929233361418,0,1,325
326,0,0.05,1365420,88493.0,1.5,1366678,90347.0,0.0,91.19999999999982,0.020611799803374235,0,1,326
327,0,0.07,1368231,90447.0,2.1,1369466,91318.0,0.0,58.869999999999344,0.009298263071190757,0,1,327
328,0,0.09,1372396,91646.0,2.6999999999999997,1373649,93425.0,0.0,157.4100000000006,0.019084302642777717,0,1,328
329,0,0.08,1375168,92813.0,2.4,1376409,92456.0,0.0,-30.95999999999949,-0.004169674506803935,0,1,329
330,0,0.09,1382092,94146.0,2.6999999999999997,1383335,91786.0,0.0,-215.09999999999962,-0.02538610243664092,0,1,330
331,0,0.07,1389014,88687.0,2.1,1390257,88371.0,0.0,-24.219999999999892,-0.003901360966094224,0,1,331
332,0,0.09,1393162,87151.0,2.6999999999999997,1394407,87670.0,0.0,44.009999999999124,0.005610951107847188,0,1,332
333,0,0.07,1395952,85206.0,2.1,1397195,85650.0,0.0,28.979999999999926,0.0048588127596647995,0,1,333
334,0,0.09,1400086,87571.0,2.6999999999999997,1401334,86859.0,0.0,-66.77999999999993,-0.008473124664557893,0,1,334
335,0,0.09,1402874,88226.0,2.6999999999999997,1404115,88514.0,0.0,23.219999999999164,0.002924308027112084,0,1,335
336,0,0.07,1407044,86600.0,2.1,1408287,86342.0,0.0,-20.1600000000004,-0.0033256351039261628,0,1,336
337,0,0.07,1409815,88238.0,2.1,1411048,90247.0,0.0,138.53000000000011,0.022427978875314506,0,1,337
338,0,0.09,1413949,92065.00000000001,2.6999999999999997,1415192,93057.0,0.0,86.57999999999883,0.010449139195133732,0,1,338
339,0,0.09,1416750,92081.0,2.6999999999999997,1417986,92448.0,0.0,30.330000000000656,0.0036598212443393024,0,1,339
340,0,0.1,1420752,90548.99999999999,3.0,1422003,90256.0,0.0,-32.29999999999927,-0.003567129399551544,0,1,340
341,0,0.07,1423547,87738.0,2.1,1424778,88594.0,0.0,57.82000000000007,0.009414392851444082,0,1,341
342,0,0.08,1427672,88069.0,2.4,1428913,87839.0,0.0,-20.800000000000544,-0.002952230637341253,0,1,342
343,0,0.07,1430434,87723.0,2.1,1431679,90067.0,0.0,161.97999999999993,0.02637848682785585,0,1,343
344,0,0.07,1434581,86834.0,2.1,1435834,88142.0,0.0,89.4599999999995,0.014717737291844123,0,1,344
345,0,0.08,1437355,86979.0,2.4,1438595,86863.0,0.0,-11.679999999999746,-0.0016785660906655266,0,1,345
346,0,0.09,1441500,88120.0,2.6999999999999997,1442745,89320.0,0.0,105.3,0.01327734906945075,0,1,346
347,0,0.06,1444269,89815.0,1.7999999999999998,1445508,90142.0,0.0,17.81999999999989,0.0033067973055725458,0,1,347
348,0,0.07,1451171,91474.0,2.1,1452415,92657.0,0.0,80.7100000000004,0.012604674552331873,0,1,348
349,0,0.07,1455345,93919.0,2.1,1456598,94428.0,0.0,33.53000000000011,0.005100139481893988,0,1,349
350,0,0.07,1458116,93330.0,2.1,1459266,93202.0,0.0,-11.060000000000036,-0.0016929176042001553,0,1,350
351,0,0.07,1462167,91657.0,2.1,1463414,92686.0,0.0,69.92999999999975,0.010899331202199465,0,1,351
352,0,0.09,1464929,94559.0,2.6999999999999997,1466176,96390.0,0.0,162.09000000000088,0.019046309711397223,0,1,352
353,0,0.06,1469124,97665.0,1.7999999999999998,1470373,95798.0,0.0,-113.81999999999952,-0.019423539650847203,0,1,353
354,0,0.06,1476060,94619.0,1.7999999999999998,1477304,91877.0,0.0,-166.31999999999954,-0.029296441518088256,0,1,354
355,0,0.07,1478830,92772.0,2.1,1480076,92936.0,0.0,9.379999999999564,0.0014444013279868253,0,1,355
356,0,0.1,1483008,91863.0,3.0,1484243,90736.0,0.0,-115.70000000000073,-0.012594842319541133,0,1,356
357,0,0.08,1485766,91359.0,2.4,1487008,90866.0,0.0,-41.84000000000051,-0.005724668615024314,0,1,357
358,0,0.08,1489930,87347.0,2.4,1491157,87838.0,0.0,36.87999999999975,0.0052778000389251695,0,1,358
359,0,0.09,1492698,87321.0,2.6999999999999997,1493952,85652.0,0.0,-152.91000000000003,-0.019456946209960954,0,1,359
360,0,0.05,1499701,80421.0,1.5,1500960,78689.0,0.0,-88.09999999999991,-0.021909700202683353,0,1,360
361,0,0.06,1503906,81415.0,1.7999999999999998,1505156,81185.0,0.0,-15.600000000000183,-0.0031935147085918204,0,1,361
362,0,0.08,1510902,82166.0,2.4,1512148,82534.0,0.0,27.04000000000051,0.004113623639948475,0,1,362
363,0,0.06,1517767,80334.0,1.7999999999999998,1519021,80069.0,0.0,-17.700000000000546,-0.003672168695695585,0,1,363
364,0,0.04,1524764,77687.0,1.2,1526024,75232.0,0.0,-99.39999999999982,-0.03198733378814982,0,1,364
365,0,0.02,1534583,85330.0,0.6,1535842,87064.0,0.0,34.079999999999835,0.01996953005976786,0,1,365
366,0,0.04,1541627,87734.0,1.2,1542886,87804.0,0.0,1.5999999999997272,0.0004559235872067064,0,1,366
367,0,0.03,1548654,83228.0,0.8999999999999999,1549909,83608.0,0.0,10.50000000000009,0.00420531551881582,0,1,367
368,0,0.03,1552857,88413.0,0.8999999999999999,1554116,90673.0,0.0,66.90000000000018,0.025222535147546243,0,1,368
369,0,0.03,1562743,79952.99999999999,0.8999999999999999,1564003,78373.0,0.0,-48.299999999999635,-0.020136830387852713,0,1,369
370,0,0.05,1566971,77473.0,1.5,1568228,72701.0,0.0,-240.0999999999999,-0.061982884359712394,0,1,370
371,0,0.03,1569792,72480.0,0.8999999999999999,1571050,73258.0,0.0,22.439999999999692,0.010320088300220609,0,1,371
372,0,0.04,1581099,76449.0,1.2,1582358,73986.0,0.0,-99.71999999999998,-0.032609975277636066,0,1,372
373,0,0.03,1590982,73428.00000000001,0.8999999999999999,1592232,74347.0,0.0,26.66999999999971,0.012107098109712784,0,1,373
374,0,0.04,1602247,81725.0,1.2,1603504,81525.0,0.0,-9.2,-0.0028143163046803303,0,1,374
375,0,0.05,1611923,76754.0,1.5,1613181,75684.0,0.0,-55.0,-0.01433150063840321,0,1,375
376,0,0.05,1618970,82005.0,1.5,1620229,82005.0,0.0,-1.5,-0.0003658313517468447,0,1,376
377,0,0.05,1623197,85323.99999999999,1.5,1624455,86714.0,0.0,68.0,0.015939243354741926,0,1,377
378,0,0.05,1626012,84988.99999999999,1.5,1627270,83827.0,0.0,-59.599999999999454,-0.014025344456341281,0,1,378
379,0,0.07,1630209,83713.0,2.1,1631434,84577.0,0.0,58.37999999999956,0.009962610347257816,0,1,379
380,0,0.06,1642634,86074.0,1.7999999999999998,1643892,83989.0,0.0,-126.89999999999945,-0.024571880010223656,0,1,380
381,0,0.05,1652498,81706.0,1.5,1653755,84024.0,0.0,114.39999999999964,0.028002839448755205,0,1,381
382,0,0.04,1656695,85399.0,1.2,1657953,85380.0,0.0,-1.9599999999997635,-0.0005737772105059085,0,1,382
383,0,0.05,1666545,90528.0,1.5,1667803,92696.0,0.0,106.89999999999964,0.023617002474372487,0,1,383
384,0,0.05,1670768,89818.99999999999,1.5,1672020,90618.0,0.0,38.45000000000073,0.008561662899832047,0,1,384
385,0,0.06,1673575,90961.99999999999,1.7999999999999998,1674826,91033.0,0.0,2.4600000000002185,0.00045073767067570686,0,1,385
386,0,0.06,1677768,91536.99999999999,1.7999999999999998,1679020,93836.0,0.0,136.1400000000005,0.024787790729431908,0,1,386
387,0,0.06,1680583,94259.0,1.7999999999999998,1681839,94097.0,0.0,-11.520000000000255,-0.0020369407695817296,0,1,387
388,0,0.07,1684738,96804.0,2.1,1685996,98398.0,0.0,109.47999999999993,0.01615635717532332,0,1,388
389,0,0.04,1691796,96105.0,1.2,1693052,94813.0,0.0,-52.880000000000294,-0.013755787940273734,0,1,389
390,0,0.06,1701678,93014.0,1.7999999999999998,1702934,93822.0,0.0,46.679999999999566,0.008364332251058903,0,1,390
391,0,0.06,1705882,89508.0,1.7999999999999998,1707133,90650.0,0.0,66.72000000000044,0.012423470527774136,0,1,391
392,0,0.05,1708693,92443.99999999999,1.5,1709946,92758.0,0.0,14.200000000000728,0.0030721301544720542,0,1,392
393,0,0.04,1715790,95321.0,1.2,1717047,95175.0,0.0,-7.040000000000146,-0.0018463927151415075,0,1,393
394,0,0.06,1720010,92911.99999999999,1.7999999999999998,1721261,93452.0,0.0,30.600000000000545,0.005489064921646388,0,1,394
395,0,0.06,1729814,90619.0,1.7999999999999998,1731070,89144.0,0.0,-90.3,-0.016607996115604897,0,1,395
396,0,0.09,1736814,87815.0,2.6999999999999997,1737471,88038.0,0.0,17.37000000000062,0.0021978021978022763,0,1,396
397,0,0.09,1740361,88917.0,2.6999999999999997,1741601,89066.0,0.0,10.709999999999855,0.0013383267541639775,0,1,397
398,0,0.09,1743148,87558.0,2.6999999999999997,1744374,86618.0,0.0,-87.29999999999946,-0.011078370908426347,0,1,398
399,0,0.08,1747317,88248.0,2.4,1748546,88843.0,0.0,45.200000000000365,0.006402411386093787,0,1,399
400,0,0.08,1750088,90363.0,2.4,1751332,91195.0,0.0,64.1600000000004,0.008875314011265727,0,1,400
401,0,0.09,1754272,89034.0,2.6999999999999997,1755520,89858.0,0.0,71.45999999999985,0.008917941460565609,0,1,401
402,0,0.08,1757053,88576.0,2.4,1758265,88458.0,0.0,-11.8399999999996,-0.001670881502890117,0,1,402
403,0,0.07,1761164,89634.0,2.1,1762404,91098.0,0.0,100.37999999999957,0.015998393466764772,0,1,403
404,0,0.08,1763950,91105.0,2.4,1765204,91472.0,0.0,26.959999999999674,0.0036990285933812183,0,1,404
405,0,0.11,1768156,92340.0,3.3,1769415,92596.0,0.0,24.859999999999854,0.00244747671648255,0,1,405
406,0,0.09,1777966,95298.0,2.6999999999999997,1779215,95717.0,0.0,35.009999999999124,0.00408193246447974,0,1,406
407,0,0.11,1782029,95195.0,3.3,1783285,95023.0,0.0,-22.220000000000073,-0.0021219601869846175,0,1,407
408,0,0.09,1784851,96046.0,2.6999999999999997,1786107,97817.0,0.0,156.68999999999943,0.018126730941423835,0,1,408
409,0,0.08,1789078,98208.0,2.4,1790334,96198.0,0.0,-163.2000000000002,-0.02077223851417402,0,1,409
410,0,0.07,1791887,98157.0,2.1,1793144,95371.0,0.0,-197.12000000000043,-0.028688733355746465,0,1,410
411,0,0.09,1796100,95476.0,2.6999999999999997,1797357,95481.0,0.0,-2.250000000001091,-0.000261845908919646,0,1,411
412,0,0.08,1798910,95462.0,2.4,1800165,93861.0,0.0,-130.47999999999993,-0.017085332383566226,0,1,412
413,0,0.09,1817123,92737.0,2.6999999999999997,1818369,93992.0,0.0,110.2499999999989,0.01320939862190914,0,1,413
414,0,0.1,1819912,92858.99999999999,3.0,1821077,93127.0,0.0,23.80000000000109,0.0025630256625637894,0,1,414
415,0,0.1,1823990,92295.0,3.0,1825244,90859.0,0.0,-146.60000000000036,-0.015883850696137423,0,1,415
416,0,0.1,1826795,91308.0,3.0,1828049,91223.0,0.0,-11.5,-0.0012594734305865858,0,1,416
417,0,0.11,1840703,94754.0,3.3,1841958,95134.0,0.0,38.499999999999275,0.0036937754606664983,0,1,417
418,0,0.09,1844886,93716.00000000001,2.6999999999999997,1846141,92853.0,0.0,-80.37000000000008,-0.009528789107516334,0,1,418
419,0,0.1,1851858,96621.0,3.0,1853107,96457.0,0.0,-19.399999999999636,-0.0020078450854368757,0,1,419
420,0,0.1,1861632,95481.0,3.0,1862886,94731.0,0.0,-78.0,-0.00816916454582587,0,1,420
421,0,0.11,1872775,94393.0,3.3,1874027,94516.0,0.0,10.230000000000654,0.0009852425497654058,0,1,421
422,0,0.12,1875555,94903.0,3.5999999999999996,1876802,95554.0,0.0,74.5200000000008,0.006543523387037362,0,1,422
423,0,0.06,1882564,99371.00000000001,1.7999999999999998,1883823,99367.0,0.0,-2.040000000000691,-0.00034215213694147707,0,1,423
424,0,0.07,1886627,99918.0,2.1,1887883,98965.0,0.0,-68.80999999999912,-0.00983806721511627,0,1,424
425,0,0.09,1893667,100761.0,2.6999999999999997,1894920,101749.0,0.0,86.22000000000007,0.009507646807792706,0,1,425
426,0,0.08,1896485,101325.0,2.4,1897743,100609.0,0.0,-59.679999999999744,-0.007362447569701424,0,1,426
427,0,0.07,1903518,99307.0,2.1,1904774,98882.0,0.0,-31.85,-0.004581751538159444,0,1,427
428,0,0.09,1910544,100141.00000000001,2.6999999999999997,1911801,100162.0,0.0,-0.8100000000005818,-8.987327867712989e-05,0,1,428
429,0,0.08,1914771,103970.0,2.4,1916031,104282.0,0.0,22.55999999999913,0.002712320861786949,0,1,429
430,0,0.07,1917581,105285.99999999999,2.1,1918838,104783.99999999999,0.0,-37.23999999999942,-0.005052903519936095,0,1,430
431,0,0.07,1921772,106449.0,2.1,1923031,106163.00000000001,0.0,-22.11999999999862,-0.002968557713083075,0,1,431
432,0,0.08,1924596,105046.0,2.4,1925850,105184.99999999999,0.0,8.719999999998981,0.0010376406526663297,0,1,432
433,0,0.09,1928806,105523.0,2.6999999999999997,1930063,105753.0,0.0,18.00000000000073,0.0018953213991263335,0,1,433
434,0,0.1,1935855,103963.00000000003,3.0,1937110,102719.0,0.0,-127.40000000000146,-0.01225435972413276,0,1,434
435,0,0.1,1938678,104569.00000000001,3.0,1939929,104503.0,0.0,-9.600000000000364,-0.000918054107814014,0,1,435
436,0,0.06,1942924,108220.0,1.7999999999999998,1944182,109166.00000000001,0.0,54.96000000000113,0.008464239512105145,0,1,436
437,0,0.09,1949987,110688.0,2.6999999999999997,1951244,111724.0,0.0,90.53999999999978,0.009088609424689194,0,1,437
438,0,0.08,1952816,110458.99999999999,2.4,1954073,111858.0,0.0,109.52000000000007,0.012393738853330203,0,1,438
439,0,0.09,1957062,114066.00000000001,2.6999999999999997,1958322,114432.0,0.0,30.23999999999869,0.002945663037188868,0,1,439
440,0,0.08,1964139,116734.99999999999,2.4,1965398,118883.99999999999,0.0,169.52000000000007,0.01815222512528377,0,1,440
441,0,0.05,1973872,120583.0,1.5,1975132,115982.0,0.0,-231.55000000000018,-0.038405081976729746,0,1,441
442,0,0.05,1978112,113063.00000000003,1.5,1979372,113006.0,0.0,-4.350000000001273,-0.0007694825009067993,0,1,442
443,0,0.05,1988040,110313.00000000003,1.5,1989299,111129.0,0.0,39.29999999999927,0.007125180169154907,0,1,443
444,0,0.06,1992282,108499.0,1.7999999999999998,1993539,108825.0,0.0,17.7600000000004,0.0027281357431866347,0,1,444
445,0,0.09,1998537,109328.99999999999,2.6999999999999997,1999794,109095.0,0.0,-23.75999999999949,-0.0024147298520977452,0,1,445
446,0,0.08,2004806,111809.99999999999,2.4,2006066,113728.0,0.0,151.0400000000005,0.016885788391020538,0,1,446
447,0,0.06,2011894,112974.0,1.7999999999999998,2013153,113744.0,0.0,44.39999999999982,0.006550179687361668,0,1,447
448,0,0.09,2018804,113883.0,2.6999999999999997,2020063,111119.0,0.0,-251.4600000000002,-0.02453395151163916,0,1,448
449,0,0.06,2021637,109423.0,1.7999999999999998,2022896,109320.0,0.0,-7.980000000000291,-0.001215466583807836,0,1,449
450,0,0.06,2028701,108548.0,1.7999999999999998,2029961,108123.0,0.0,-27.3,-0.004191693997125695,0,1,450
451,0,0.04,2035784,106429.0,1.2,2037044,106696.0,0.0,9.480000000000292,0.0022268366704564294,0,1,451
452,0,0.07,2040021,107760.99999999999,2.1,2041279,107226.0,0.0,-39.54999999999891,-0.005243084232699998,0,1,452
453,0,0.05,2042856,109238.00000000003,1.5,2044115,109199.0,0.0,-3.4500000000007276,-0.0006316483275052137,0,1,453
454,0,0.09,2046917,111808.0,2.6999999999999997,2048174,111489.00000000001,0.0,-31.409999999999126,-0.0031214224384658548,0,1,454
455,0,0.05,2049757,110007.0,1.5,2051016,111731.0,0.0,84.69999999999982,0.015399020062359634,0,1,455
456,0,0.08,2053997,110530.0,2.4,2055257,109552.0,0.0,-80.63999999999979,-0.009119696010132973,0,1,456
457,0,0.06,2056830,110433.99999999999,1.7999999999999998,2058089,111642.0,0.0,70.68000000000048,0.010667004726805224,0,1,457
458,0,0.08,2061053,113380.0,2.4,2062311,113921.0,0.0,40.880000000000656,0.0045069677191745304,0,1,458
459,0,0.1,2063868,113121.0,3.0,2065125,113142.0,0.0,-0.8999999999996362,-7.956082425010707e-05,0,1,459
460,0,0.08,2068108,112245.0,2.4,2069367,110695.0,0.0,-126.4,-0.014076350839681055,0,1,460
461,0,0.09,2075147,112709.99999999999,2.6999999999999997,2076401,111872.0,0.0,-78.11999999999826,-0.00770118001951895,0,1,461
462,0,0.08,2082218,110410.99999999999,2.4,2083474,108551.0,0.0,-151.19999999999928,-0.017117859633550926,0,1,462
463,0,0.09,2085061,108838.0,2.6999999999999997,2086317,110785.99999999999,0.0,172.6199999999979,0.017622521545783427,0,1,463
464,0,0.12,2089343,110227.0,3.5999999999999996,2090601,111221.0,0.0,115.67999999999884,0.008745588648879045,0,1,464
465,0,0.1,2092183,112545.0,3.0,2093208,112363.00000000001,0.0,-21.19999999999709,-0.0018836909680569629,0,1,465
466,0,0.1,2096140,113456.0,3.0,2097395,114840.00000000001,0.0,135.40000000000146,0.011934141869976154,0,1,466
467,0,0.09,2103235,115129.99999999999,2.6999999999999997,2104494,115427.0,0.0,24.030000000001383,0.0023191175193261132,0,1,467
468,0,0.07,2117408,116608.99999999999,2.1,2118665,116697.0,0.0,4.060000000000764,0.000497388709276393,0,1,468
469,0,0.06,2124443,117230.00000000001,1.7999999999999998,2125697,117520.0,0.0,15.599999999999635,0.0022178623219311945,0,1,469
470,0,0.04,2127269,120455.0,1.2,2128529,120726.0,0.0,9.640000000000146,0.0020007471669918533,0,1,470
471,0,0.06,2131514,123056.0,1.7999999999999998,2132771,123951.0,0.0,51.89999999999982,0.007029319984397323,0,1,471
472,0,0.07,2134375,123478.0,2.1,2135634,122961.99999999999,0.0,-38.2200000000008,-0.004421840327831771,0,1,472
473,0,0.05,2138611,122410.99999999999,1.5,2139870,119158.99999999999,0.0,-164.09999999999945,-0.026811315976505292,0,1,473
474,0,0.04,2141442,118255.0,1.2,2142701,117683.99999999999,0.0,-24.040000000000145,-0.005082237537524871,0,1,474
475,0,0.07,2145697,120114.00000000001,2.1,2146956,121027.0,0.0,61.80999999999985,0.007351349551259618,0,1,475
476,0,0.09,2148522,121114.0,2.6999999999999997,2149779,121402.0,0.0,23.220000000000073,0.0021302244166652973,0,1,476
477,0,0.1,2152604,122568.0,3.0,2153863,122335.99999999999,0.0,-26.200000000002547,-0.002137588930226694,0,1,477
478,0,0.09,2155430,120613.0,2.6999999999999997,2156686,121729.0,0.0,97.73999999999869,0.009004004543457051,0,1,478
479,0,0.07,2159682,123649.99999999999,2.1,2160941,123198.0,0.0,-33.73999999999942,-0.003898099474322618,0,1,479
480,0,0.07,2162514,121717.99999999999,2.1,2163771,122740.00000000001,0.0,69.44000000000088,0.008149986033290167,0,1,480
481,0,0.08,2166737,123360.99999999999,2.4,2167985,122994.0,0.0,-31.75999999999876,-0.003218196999051439,0,1,481
482,0,0.09,2169541,124443.0,2.6999999999999997,2170790,125517.0,0.0,93.95999999999985,0.008389383091053722,0,1,482
483,0,0.07,2176588,124123.0,2.1,2177847,125364.00000000001,0.0,84.7700000000008,0.009756451262054667,0,1,483
484,0,0.07,2180800,124091.00000000003,2.1,2182057,124310.99999999999,0.0,13.299999999997818,0.0015311344094250893,0,1,484
485,0,0.05,2183626,120196.0,1.5,2184885,121063.00000000001,0.0,41.85000000000127,0.006963626077407113,0,1,485
486,0,0.07,2187698,119296.0,2.1,2188951,120292.0,0.0,67.61999999999935,0.008097505364806789,0,1,486
487,0,0.08,2190528,119649.0,2.4,2191784,120936.99999999999,0.0,100.63999999999905,0.010514087037919147,0,1,487
488,0,0.1,2194740,121180.0,3.0,2195999,120908.99999999999,0.0,-30.100000000000364,-0.002483908235682486,0,1,488
489,0,0.09,2201788,119018.0,2.6999999999999997,2203045,118440.00000000001,0.0,-54.71999999999862,-0.005108470987581582,0,1,489
490,0,0.09,2204602,119616.00000000001,2.6999999999999997,2205862,118661.99999999999,0.0,-88.5600000000024,-0.008226324237560416,0,1,490
491,0,0.08,2208815,116078.0,2.4,2210074,116289.00000000001,0.0,14.480000000001018,0.0015592963352229771,0,1,491
492,0,0.09,2211632,116648.0,2.6999999999999997,2212890,118039.00000000001,0.0,122.4900000000005,0.011667581098690125,0,1,492
493,0,0.1,2215865,118745.0,3.0,2217124,119336.99999999999,0.0,56.19999999999891,0.004732830856035952,0,1,493
494,0,0.09,2222874,120315.00000000001,2.6999999999999997,2224131,119915.00000000001,0.0,-38.7,-0.003573951710094336,0,1,494
495,0,0.1,2232697,123071.0,3.0,2233945,122686.99999999999,0.0,-41.400000000001455,-0.0033639118882597407,0,1,495
496,0,0.07,2236890,123039.00000000001,2.1,2238140,124077.0,0.0,70.55999999999986,0.008192524321556562,0,1,496
497,0,0.1,2239707,123303.0,3.0,2240964,123770.0,0.0,43.69999999999891,0.003544114903935744,0,1,497
498,0,0.1,2243900,124725.0,3.0,2245154,124485.99999999999,0.0,-26.900000000001455,-0.002156744838645136,0,1,498
499,0,0.11,2246709,125010.99999999999,3.3,2247961,124652.0,0.0,-42.78999999999978,-0.0031117261680971915,0,1,499
500,0,0.11,2250866,125500.0,3.3,2252113,125532.0,0.0,0.22000000000043674,1.5936254980111316e-05,0,1,500
501,0,0.08,2253673,124458.99999999999,2.4,2254913,124543.0,0.0,4.320000000001164,0.00043387782321900825,0,1,501
502,0,0.08,2257878,126869.0,2.4,2259135,126721.0,0.0,-14.240000000000146,-0.0014030220148342134,0,1,502
503,0,0.1,2260701,127379.00000000001,3.0,2261955,127417.0,0.0,0.7999999999992724,6.280470093180762e-05,0,1,503
504,0,0.07,2264956,128790.0,2.1,2266216,129126.0,0.0,21.420000000000435,0.002375960866526952,0,1,504
505,0,0.07,2272017,130917.99999999999,2.1,2273273,130909.99999999999,0.0,-2.6599999999994908,-0.00029025802410663715,0,1,505
506,0,0.07,2274846,130641.00000000003,2.1,2276092,131868.0,0.0,83.7899999999976,0.009162514065262554,0,1,506
507,0,0.11,2279054,134033.0,3.3,2280310,134823.0,0.0,83.60000000000146,0.0056702453873300855,0,1,507
508,0,0.05,2281865,133584.0,1.5,2283125,134671.0,0.0,52.849999999999454,0.007912624266379124,0,1,508
509,0,0.07,2288897,138105.0,2.1,2290157,136783.0,0.0,-94.63999999999905,-0.009789652800405389,0,1,509
510,0,0.04,2293131,133300.0,1.2,2294389,134390.0,0.0,42.40000000000036,0.007951987996999317,0,1,510
511,0,0.05,2295960,132298.0,1.5,2297219,132724.0,0.0,19.800000000000182,0.0029932425282317467,0,1,511
512,0,0.08,2303027,134168.0,2.4,2304285,135717.0,0.0,121.52000000000007,0.011321626617375237,0,1,512
513,0,0.04,2314316,139602.0,1.2,2315576,140384.0,0.0,30.079999999999746,0.005386742310282042,0,1,513
514,0,0.05,2321374,133882.0,1.5,2322634,133513.0,0.0,-19.949999999999818,-0.0029802363275122598,0,1,514
515,0,0.05,2328442,137134.0,1.5,2329701,137393.0,0.0,11.449999999999818,0.001669899514343608,0,1,515
516,0,0.07,2335255,138324.0,2.1,2336515,138658.0,0.0,21.280000000001017,0.002197738642607317,0,1,516
517,0,0.05,2342325,140032.0,1.5,2343585,138064.0,0.0,-99.89999999999964,-0.014268167276051135,0,1,517
518,0,0.07,2349395,139551.0,2.1,2350654,138096.0,0.0,-103.95000000000036,-0.010641270933207249,0,1,518
519,0,0.06,2352238,137027.0,1.7999999999999998,2353498,137639.0,0.0,34.92000000000117,0.004247338115845925,0,1,519
520,0,0.1,2359261,137822.0,3.0,2360018,138384.0,0.0,53.20000000000073,0.0038600513706085185,0,1,520
521,0,0.09,2362967,140463.0,2.6999999999999997,2364218,141042.0,0.0,49.40999999999876,0.00390850259498933,0,1,521
522,0,0.12,2365778,140543.0,3.5999999999999996,2367030,142030.0,0.0,174.8399999999987,0.010366933963270951,0,1,522
523,0,0.06,2369977,138400.0,1.7999999999999998,2371233,137645.0,0.0,-47.10000000000109,-0.005671965317919206,0,1,523
524,0,0.08,2372804,137030.0,2.4,2374063,136888.0,0.0,-13.759999999998763,-0.0012551995913302528,0,1,524
525,0,0.08,2377040,138179.0,2.4,2378299,138739.0,0.0,42.40000000000109,0.003835604541934836,0,1,525
526,0,0.06,2379862,137593.0,1.7999999999999998,2381121,135973.0,0.0,-98.99999999999982,-0.011991889122266373,0,1,526
527,0,0.08,2383944,136842.0,2.4,2385204,136992.0,0.0,9.6,0.0008769237514798088,0,1,527
528,0,0.06,2386778,134778.0,1.7999999999999998,2388038,134256.0,0.0,-33.119999999999706,-0.004095623914882215,0,1,528
529,0,0.07,2391030,133144.0,2.1,2392288,134350.0,0.0,82.31999999999826,0.008832542209937923,0,1,529
530,0,0.06,2393860,131531.0,1.7999999999999998,2395120,133496.0,0.0,116.09999999999964,0.01471136081988272,0,1,530
531,0,0.05,2400926,135217.0,1.5,2402186,134877.0,0.0,-18.5,-0.0027363423238202294,0,1,531
532,0,0.07,2405163,136243.0,2.1,2406423,136385.0,0.0,7.84000000000051,0.0008220605829290847,0,1,532
533,0,0.07,2419180,139918.0,2.1,2420440,140973.0,0.0,71.75000000000037,0.007325719349904982,0,1,533
534,0,0.06,2422022,140276.0,1.7999999999999998,2423282,140822.0,0.0,30.960000000000218,0.003678462459722288,0,1,534
535,0,0.08,2426264,143353.0,2.4,2427524,143395.0,0.0,0.9600000000005822,8.370944451812852e-05,0,1,535
536,0,0.06,2429098,141422.0,1.7999999999999998,2430357,142797.0,0.0,80.7,0.009510542914115202,0,1,536
537,0,0.07,2433333,142810.0,2.1,2434593,142835.0,0.0,-0.3500000000000001,-3.501155381275821e-05,0,1,537
538,0,0.06,2436164,141225.0,1.7999999999999998,2437424,141661.0,0.0,24.359999999999854,0.0028748451053283593,0,1,538
539,0,0.05,2440403,139395.0,1.5,2441663,139685.0,0.0,13.0,0.0018652031995408731,0,1,539
540,0,0.09,2447471,142845.0,2.6999999999999997,2448730,143844.0,0.0,87.20999999999985,0.00678357660401133,0,1,540
541,0,0.07,2450304,143167.0,2.1,2451564,142821.0,0.0,-26.319999999999347,-0.002626303547605179,0,1,541
542,0,0.1,2454547,141692.0,3.0,2455807,142216.0,0.0,49.399999999999636,0.003486435366852019,0,1,542
543,0,0.09,2457377,143270.0,2.6999999999999997,2458637,142741.0,0.0,-50.310000000000585,-0.0039017240175892127,0,1,543
544,0,0.07,2461622,145417.0,2.1,2462882,146031.0,0.0,40.87999999999956,0.004016036639457517,0,1,544
545,0,0.08,2464461,145838.0,2.4,2465720,147342.0,0.0,117.9199999999997,0.010107105144063936,0,1,545
546,0,0.07,2468692,145262.0,2.1,2469952,145545.0,0.0,17.71000000000131,0.0017416805496276982,0,1,546
547,0,0.08,2471527,147691.0,2.4,2472787,148722.0,0.0,80.07999999999956,0.006777664177234865,0,1,547
548,0,0.08,2475770,149392.0,2.4,2477030,150206.0,0.0,62.71999999999898,0.005247938309949577,0,1,548
549,0,0.1,2478576,150338.0,3.0,2479398,150631.0,0.0,26.299999999999272,0.0017493913714429665,0,1,549
550,0,0.08,2482348,150706.0,2.4,2483608,153002.0,0.0,181.28000000000029,0.015035897708120471,0,1,550
551,0,0.06,2485183,153638.0,1.7999999999999998,2486443,156211.0,0.0,152.580000000001,0.01655189471354754,0,1,551
552,0,0.04,2489417,153652.0,1.2,2490677,151563.0,0.0,-84.7599999999995,-0.01379090412100062,0,1,552
553,0,0.03,2492257,147420.0,0.8999999999999999,2493517,149063.0,0.0,48.389999999999965,0.010941527608194269,0,1,553
554,0,0.04,2499348,150609.0,1.2,2500608,149332.0,0.0,-52.27999999999993,-0.00867810024633321,0,1,554
555,0,0.06,2503591,148685.0,1.7999999999999998,2504851,149382.0,0.0,40.01999999999971,0.004485993879678483,0,1,555
556,0,0.07,2520484,153349.0,2.1,2521744,154125.0,0.0,52.22000000000153,0.004864720343791103,0,1,556
557,0,0.09,2527558,154333.0,2.6999999999999997,2528818,153122.0,0.0,-111.68999999999978,-0.008041054084350059,0,1,557
558,0,0.08,2531807,152594.0,2.4,2533067,153030.0,0.0,32.4799999999992,0.0026606550716279146,0,1,558
559,0,0.05,2541704,152208.0,1.5,2542964,150062.0,0.0,-108.80000000000018,-0.01429622621675604,0,1,559
560,0,0.07,2548773,150207.0,2.1,2550033,148759.0,0.0,-103.46000000000058,-0.009839754472161804,0,1,560
561,0,0.1,2552890,151346.0,3.0,2554150,152839.0,0.0,146.3000000000011,0.009666591783066688,0,1,561
562,0,0.11,2555719,153067.0,3.3,2556979,154225.0,0.0,124.08000000000102,0.007369321930919201,0,1,562
563,0,0.06,2559955,156666.0,1.7999999999999998,2561215,158198.0,0.0,90.12000000000008,0.00958727483946741,0,1,563
564,0,0.06,2562794,158629.0,1.7999999999999998,2564054,159336.0,0.0,40.620000000000076,0.004267819881610559,0,1,564
565,0,0.07,2567034,159017.0,2.1,2568294,160120.0,0.0,75.11000000000095,0.0067477062200897615,0,1,565
566,0,0.06,2569864,159094.0,1.7999999999999998,2571124,160277.0,0.0,69.17999999999957,0.007247287766980482,0,1,566
567,0,0.05,2581181,165712.0,1.5,2582441,165771.0,0.0,1.4500000000007276,0.00017500241382648542,0,1,567
568,0,0.03,2584014,164965.0,0.8999999999999999,2585274,166102.0,0.0,33.209999999999674,0.006710514351529046,0,1,568
569,0,0.01,2588252,174827.0,0.3,2589512,179307.0,0.0,44.49999999999996,0.02545373426301427,0,1,569
570,0,0.02,2591087,175902.0,0.6,2592347,174526.0,0.0,-28.119999999999983,-0.007993087059840134,0,1,570
571,0,0.05,2595333,178512.99999999997,1.5,2596593,179097.0,0.0,27.700000000000728,0.0031034154375312417,0,1,571
572,0,0.04,2598168,182392.0,1.2,2599428,184808.0,0.0,95.43999999999942,0.013081714110267914,0,1,572
573,0,0.02,2602394,183398.0,0.6,2603654,176220.0,0.0,-144.15999999999994,-0.03930250057252531,0,1,573
574,0,0.02,2605226,176515.0,0.6,2606486,182228.0,0.0,113.65999999999977,0.032195564116363984,0,1,574
575,0,0.03,2609469,183561.0,0.8999999999999999,2610729,182463.0,0.0,-33.84000000000051,-0.006145096180561323,0,1,575
576,0,0.02,2616405,186859.0,0.6,2617665,181858.0,0.0,-100.62000000000043,-0.02692404433289283,0,1,576
577,0,0.03,2626307,178812.0,0.8999999999999999,2627567,180712.0,0.0,56.1,0.010457911102163167,0,1,577
578,0,0.02,2633332,174180.0,0.6,2634592,164197.0,0.0,-200.25999999999985,-0.057486508209897764,0,1,578
579,0,0.02,2644521,162755.0,0.6,2645781,163774.0,0.0,19.780000000000108,0.006076618229854723,0,1,579
580,0,0.05,2654323,166506.0,1.5,2655583,167927.0,0.0,69.54999999999927,0.008354053307388233,0,1,580
581,0,0.03,2658515,165192.0,0.8999999999999999,2659775,164207.0,0.0,-30.45000000000018,-0.00614436534456878,0,1,581
582,0,0.04,2661319,161209.0,1.2,2662579,163943.0,0.0,108.15999999999967,0.016773257076217775,0,1,582
583,0,0.03,2665513,169606.0,0.8999999999999999,2666773,171979.0,0.0,70.2900000000005,0.013814369774654299,0,1,583
584,0,0.04,2668318,174219.0,1.2,2669578,174367.0,0.0,4.720000000000073,0.0006773084451179367,0,1,584
585,0,0.03,2672521,171490.0,0.8999999999999999,2673781,173665.0,0.0,64.35,0.012508017960230917,0,1,585
586,0,0.03,2675332,176046.0,0.8999999999999999,2676592,175571.0,0.0,-15.15,-0.0028685684423389343,0,1,586
587,0,0.04,2679537,178934.0,1.2,2680797,176869.0,0.0,-83.80000000000037,-0.011708227614651262,0,1,587
588,0,0.03,2682349,175202.0,0.8999999999999999,2683609,178801.0,0.0,107.07000000000025,0.02037077202315047,0,1,588
589,0,0.03,2689347,172129.0,0.8999999999999999,2690607,172304.0,0.0,4.35,0.0008423914622172904,0,1,589
590,0,0.06,2700147,171838.0,1.7999999999999998,2701407,174795.0,0.0,175.62000000000006,0.017033485026594825,0,1,590
591,0,0.05,2707137,172754.0,1.5,2708397,174112.0,0.0,66.39999999999964,0.007687231554696231,0,1,591
592,0,0.04,2709943,170945.0,1.2,2711203,171069.0,0.0,3.760000000000036,0.0005498844657638475,0,1,592
593,0,0.03,2714136,162966.0,0.8999999999999999,2715396,157208.0,0.0,-173.6399999999998,-0.03551661082679819,0,1,593
594,0,0.1,2726791,158965.0,3.0,2728051,155325.0,0.0,-367.0,-0.023086843015758186,0,1,594
595,0,0.04,2729593,154929.0,1.2,2730853,156294.0,0.0,53.40000000000036,0.008616850299169355,0,1,595
596,0,0.06,2732382,160589.0,1.7999999999999998,2733642,161175.0,0.0,33.35999999999986,0.0034622545753444983,0,1,596
597,0,0.04,2735190,162085.0,1.2,2736450,161659.0,0.0,-18.239999999999963,-0.0028133386803220473,0,1,597
598,0,0.07,2742198,164739.0,2.1,2743458,163785.0,0.0,-68.88000000000065,-0.005973084697612643,0,1,598
599,0,0.07,2746200,165425.0,2.1,2747460,166185.0,0.0,51.09999999999891,0.004412875925645968,0,1,599
600,0,0.06,2749014,165486.0,1.7999999999999998,2750274,166635.0,0.0,67.14000000000051,0.006761901308872101,0,1,600
601,0,0.05,2760188,173570.0,1.5,2761342,174438.0,0.0,41.899999999999636,0.004828023275911694,0,1,601
602,0,0.06,2762902,175661.0,1.7999999999999998,2764162,172489.0,0.0,-192.11999999999972,-0.018228291994238876,0,1,602
603,0,0.05,2767089,174491.0,1.5,2768349,173348.0,0.0,-58.650000000001455,-0.006722409751792522,0,1,603
604,0,0.05,2769893,173027.0,1.5,2771153,171967.0,0.0,-54.5,-0.00629959486091766,0,1,604
605,0,0.06,2776877,172745.0,1.7999999999999998,2778137,172215.0,0.0,-33.59999999999927,-0.003241772554921925,0,1,605
606,0,0.07,2780998,175723.0,2.1,2782258,177914.0,0.0,151.2700000000008,0.012297764094626266,0,1,606
607,0,0.06,2783819,177885.0,1.7999999999999998,2785079,177214.0,0.0,-42.060000000000215,-0.00394074823622005,0,1,607
608,0,0.07,2788041,178617.0,2.1,2789301,168964.0,0.0,-677.8099999999991,-0.05421096536163964,0,1,608
609,0,0.05,2795085,167426.0,1.5,2796345,168464.0,0.0,50.399999999999636,0.006020570281796093,0,1,609
610,0,0.07,2797909,170174.0,2.1,2799169,171215.0,0.0,70.7700000000008,0.0059409780577527205,0,1,610
611,0,0.04,2802125,167625.0,1.2,2803385,164279.0,0.0,-135.04000000000013,-0.02014019388516035,0,1,611
612,0,0.06,2809167,164825.0,1.7999999999999998,2810427,164942.0,0.0,5.220000000000437,0.0005278325496739407,0,1,612
613,0,0.06,2812004,164424.00000000003,1.7999999999999998,2813264,166268.0,0.0,108.83999999999942,0.011032452683306514,0,1,613
614,0,0.06,2816222,168027.0,1.7999999999999998,2817482,166275.0,0.0,-106.91999999999898,-0.010605438411683736,0,1,614
615,0,0.06,2819053,166065.0,1.7999999999999998,2820313,166855.0,0.0,45.59999999999964,0.004576521241682438,0,1,615
616,0,0.04,2823261,164659.0,1.2,2824521,161830.0,0.0,-114.36000000000077,-0.01736315658421355,0,1,616
617,0,0.05,2829474,165759.0,1.5,2830734,165782.0,0.0,-0.3500000000003638,-4.2229984495606726e-05,0,1,617
618,0,0.07,2832290,167525.0,2.1,2833550,165605.0,0.0,-136.50000000000145,-0.011640053723324998,0,1,618
619,0,0.06,2836503,165011.0,1.7999999999999998,2837763,164010.0,0.0,-61.85999999999949,-0.0062480683105974235,0,1,619
620,0,0.08,2850561,166175.0,2.4,2851821,165355.0,0.0,-68.00000000000037,-0.005115089514066524,0,1,620
621,0,0.08,2853376,163475.0,2.4,2854636,164215.0,0.0,56.80000000000073,0.004343171738798037,0,1,621
622,0,0.06,2857578,160605.0,1.7999999999999998,2858838,159096.0,0.0,-92.33999999999905,-0.009582516110955352,0,1,622
623,0,0.07,2864616,154378.0,2.1,2865876,153942.0,0.0,-32.62000000000044,-0.0030185648214124177,0,1,623
624,0,0.05,2867441,157416.0,1.5,2868701,159168.0,0.0,86.10000000000036,0.010939167556029928,0,1,624
625,0,0.05,2871659,156818.0,1.5,2872919,156125.0,0.0,-36.150000000000546,-0.0046104401280465945,0,1,625
626,0,0.04,2874477,155851.0,1.2,2875737,157285.0,0.0,56.16000000000058,0.009008604372124751,0,1,626
627,0,0.05,2878565,155345.0,1.5,2879825,156479.0,0.0,55.20000000000073,0.007106762367633426,0,1,627
628,0,0.03,2888399,159035.0,0.8999999999999999,2889659,159424.0,0.0,10.770000000000072,0.002257364731034064,0,1,628
629,0,0.06,2892608,161035.0,1.7999999999999998,2893868,161875.0,0.0,48.59999999999964,0.005029962430527488,0,1,629
630,0,0.06,2895431,162265.0,1.7999999999999998,2896691,162585.0,0.0,17.400000000000727,0.001787199950698007,0,1,630
631,0,0.08,2899652,161921.0,2.4,2900912,160650.0,0.0,-104.0800000000003,-0.00803478239388346,0,1,631
632,0,0.04,2902465,156599.0,1.2,2903725,157273.0,0.0,25.760000000000037,0.004112414510948351,0,1,632
633,0,0.08,2906675,157129.0,2.4,2907935,157491.0,0.0,26.560000000000947,0.0021129135932896653,0,1,633
634,0,0.06,2909494,155180.99999999997,1.7999999999999998,2910754,159868.0,0.0,279.42000000000115,0.03001011721795851,0,1,634
635,0,0.05,2916431,160596.0,1.5,2917691,158385.0,0.0,-112.05000000000018,-0.01395427034297245,0,1,635
636,0,0.05,2920667,156913.0,1.5,2921927,157646.0,0.0,35.149999999999636,0.004480189659237875,0,1,636
637,0,0.05,2923476,156951.0,1.5,2924736,158835.0,0.0,92.69999999999982,0.011812603933711772,0,1,637
638,0,0.06,2927707,158315.0,1.7999999999999998,2928967,157733.0,0.0,-36.72000000000007,-0.003865710766509814,0,1,638
639,0,0.08,2930542,158213.0,2.4,2931802,158415.0,0.0,13.759999999999854,0.0010871420174069018,0,1,639
640,0,0.07,2934760,158145.0,2.1,2936020,160462.0,0.0,160.09000000000052,0.014461411995320795,0,1,640
641,0,0.06,2937591,161415.0,1.7999999999999998,2938851,162382.0,0.0,56.22000000000044,0.005804912802403787,0,1,641
642,0,0.09,2941806,161437.0,2.6999999999999997,2943066,159935.0,0.0,-137.88000000000028,-0.009489770003159146,0,1,642
643,0,0.05,2944630,158964.0,1.5,2945890,160294.0,0.0,65.0,0.008177952240758913,0,1,643
644,0,0.1,2948849,161195.0,3.0,2950109,161298.0,0.0,7.300000000001091,0.0004528676447781315,0,1,644
645,0,0.08,2955893,159923.0,2.4,2957153,160412.0,0.0,36.7200000000008,0.0028701312506644447,0,1,645
646,0,0.09,2958730,161465.0,2.6999999999999997,2959990,161615.0,0.0,10.8,0.0007431951196853807,0,1,646
647,0,0.1,2962954,163695.0,3.0,2964214,165465.0,0.0,174.0,0.010629524420416018,0,1,647
648,0,0.1,2969999,166705.0,3.0,2971259,165619.0,0.0,-111.59999999999854,-0.006694460274136861,0,1,648
649,0,0.08,2972819,165571.0,2.4,2974079,169207.0,0.0,288.4799999999992,0.021779176305029204,0,1,649
650,0,0.08,2976935,169535.0,2.4,2978195,169395.0,0.0,-13.600000000000728,-0.0010027427964727584,0,1,650
651,0,0.06,2979762,170066.0,1.7999999999999998,2981022,173665.0,0.0,214.1400000000005,0.020985970152764273,0,1,651
652,0,0.04,2986792,176932.0,1.2,2988052,177195.0,0.0,9.320000000000437,0.0013168901046730435,0,1,652
653,0,0.06,2991008,177175.0,1.7999999999999998,2992268,177075.0,0.0,-7.8,-0.0007337378298292648,0,1,653
654,0,0.07,2993837,176725.0,2.1,2995097,177315.0,0.0,39.19999999999927,0.0031687650304144262,0,1,654
655,0,0.07,3000872,177715.0,2.1,3002132,177330.0,0.0,-29.05000000000073,-0.0023351996173649405,0,1,655
656,0,0.07,3007916,179165.0,2.1,3009176,178083.0,0.0,-77.83999999999978,-0.006206569363435921,0,1,656
657,0,0.08,3012141,176425.0,2.4,3013401,176293.0,0.0,-12.959999999999491,-0.0009182372112795444,0,1,657
658,0,0.1,3022064,174255.0,3.0,3023324,172239.0,0.0,-204.59999999999854,-0.011741413445812088,0,1,658
659,0,0.08,3026284,170845.0,2.4,3027544,170089.0,0.0,-62.87999999999956,-0.004600661418244576,0,1,659
660,0,0.1,3036218,171585.0,3.0,3037478,167795.0,0.0,-382.0,-0.02226301832910802,0,1,660
661,0,0.06,3040469,171135.0,1.7999999999999998,3041729,171795.0,0.0,37.79999999999855,0.0036813042334997268,0,1,661
662,0,0.08,3047567,172625.0,2.4,3048827,172525.0,0.0,-10.4,-0.0007530774800868936,0,1,662
663,0,0.06,3050420,171550.0,1.7999999999999998,3051680,171175.0,0.0,-24.3,-0.002360827747012533,0,1,663
664,0,0.08,3054662,172637.0,2.4,3055922,172925.0,0.0,20.639999999999056,0.001494465265267516,0,1,664
665,0,0.13,3061371,174165.0,3.9000000000000004,3062631,171905.0,0.0,-297.69999999999925,-0.013148451181350985,0,1,665
666,0,0.07,3068416,169505.0,2.1,3069676,169375.0,0.0,-11.199999999998544,-0.000943924957965719,0,1,666
667,0,0.07,3071237,170015.0,2.1,3072497,170445.0,0.0,28.000000000000362,0.002352733582331001,0,1,667
668,0,0.05,3082650,167625.0,1.5,3083910,166915.0,0.0,-37.0,-0.004414615958240119,0,1,668
669,0,0.05,3085512,164861.0,1.5,3086772,165504.0,0.0,30.649999999999636,0.003718283887638633,0,1,669
670,0,0.09,3091071,166201.0,2.6999999999999997,3092331,165735.0,0.0,-44.64000000000051,-0.002984338241045515,0,1,670
671,0,0.07,3093860,167080.0,2.1,3095118,168484.0,0.0,96.18000000000066,0.008223605458463068,0,1,671
672,0,0.06,3096617,166105.0,1.7999999999999998,3097877,165645.0,0.0,-29.400000000000365,-0.0029499413021884116,0,1,672
673,0,0.07,3103505,167354.0,2.1,3104763,166335.0,0.0,-73.42999999999992,-0.006268150148786398,0,1,673
674,0,0.08,3107638,168093.0,2.4,3108898,167966.0,0.0,-12.559999999999855,-0.0009340067700618002,0,1,674
675,0,0.06,3110396,168732.0,1.7999999999999998,3111656,168417.0,0.0,-20.699999999999637,-0.0020446625417821986,0,1,675
676,0,0.11,3114234,169265.0,3.3,3115494,168592.0,0.0,-77.33000000000247,-0.004153250819720689,0,1,676
677,0,0.07,3116996,166771.0,2.1,3118256,165905.0,0.0,-62.7200000000008,-0.005372636729407459,0,1,677
678,0,0.08,3123891,166291.0,2.4,3125117,166765.0,0.0,35.520000000000074,0.002670018221070298,0,1,678
679,0,0.06,3130754,167111.0,1.7999999999999998,3132014,166865.0,0.0,-16.56000000000022,-0.0016515968428170715,0,1,679
680,0,0.09,3134875,165155.0,2.6999999999999997,3136135,164305.0,0.0,-79.2,-0.005328327934364688,0,1,680
681,0,0.07,3137636,163517.0,2.1,3138896,160895.0,0.0,-185.63999999999905,-0.016218497159316683,0,1,681
682,0,0.1,3141532,160507.0,3.0,3142792,156468.0,0.0,-406.89999999999964,-0.02535091927454875,0,1,682
683,0,0.05,3148428,161335.0,1.5,3149688,159712.0,0.0,-82.64999999999964,-0.010245761923947022,0,1,683
684,0,0.06,3151190,158079.0,1.7999999999999998,3152450,157555.0,0.0,-33.24000000000051,-0.0035045768255113486,0,1,684
685,0,0.11,3162153,159296.0,3.3,3163410,158829.0,0.0,-54.67000000000262,-0.003119977902772347,0,1,685
686,0,0.13,3171800,161555.0,3.9000000000000004,3173054,160738.0,0.0,-110.10999999999913,-0.005242796570827231,0,1,686
687,0,0.09,3181428,157585.0,2.6999999999999997,3182686,155795.0,0.0,-163.80000000000035,-0.011549322587809779,0,1,687
688,0,0.08,3188290,158595.0,2.4,3189543,155853.0,0.0,-221.7600000000006,-0.01747848292821342,0,1,688
689,0,0.05,3204812,146395.0,1.5,3206072,145728.0,0.0,-34.849999999999454,-0.0047610915673348755,0,1,689
690,0,0.06,3208951,147525.0,1.7999999999999998,3210211,145885.0,0.0,-100.19999999999963,-0.01132011523470594,0,1,690
691,0,0.06,3215832,144955.0,1.7999999999999998,3217090,147282.0,0.0,137.8200000000008,0.015846297126694584,0,1,691
692,0,0.06,3218577,145648.0,1.7999999999999998,3219834,144389.0,0.0,-77.33999999999905,-0.008850104361199497,0,1,692
693,0,0.06,3222697,142715.0,1.7999999999999998,3223955,139274.0,0.0,-208.25999999999914,-0.02432119959359553,0,1,693
694,0,0.05,3236227,138075.0,1.5,3237484,139464.0,0.0,67.95000000000073,0.009842476914720366,0,1,694
695,0,0.05,3245831,141195.0,1.5,3247040,137874.0,0.0,-167.54999999999927,-0.02373313502602773,0,1,695
696,0,0.07,3249917,137730.0,2.1,3251177,138883.0,0.0,78.61000000000095,0.008153633921440598,0,1,696
697,0,0.09,3256804,136789.0,2.6999999999999997,3258063,135151.0,0.0,-150.12000000000006,-0.01219396296485829,0,1,697
698,0,0.03,3259552,127988.00000000001,0.8999999999999999,3260812,129415.00000000001,0.0,41.90999999999995,0.010915085789292732,0,1,698
699,0,0.04,3266437,120257.99999999999,1.2,3267687,123272.0,0.0,119.3600000000004,0.024813318032896024,0,1,699
700,0,0.06,3277031,124950.0,1.7999999999999998,3278288,125114.00000000001,0.0,8.040000000000145,0.0010724289715886549,0,1,700
701,0,0.07,3293583,133426.0,2.1,3294839,133273.0,0.0,-12.810000000000946,-0.001371546774991482,0,1,701
702,0,0.07,3304586,128230.99999999999,2.1,3305841,128483.99999999999,0.0,15.609999999999127,0.0017390490598996149,0,1,702
703,0,0.07,3307340,131379.0,2.1,3308600,131288.0,0.0,-8.469999999998981,-0.0009209995509174635,0,1,703
704,0,0.06,3311464,132114.0,1.7999999999999998,3312713,133507.0,0.0,81.77999999999993,0.010316847571037126,0,1,704
705,0,0.04,3314214,136448.0,1.2,3315474,137305.0,0.0,33.07999999999974,0.006060916979362054,0,1,705
706,0,0.07,3318349,136909.0,2.1,3319607,136745.0,0.0,-13.579999999999563,-0.0014169996128815033,0,1,706
707,0,0.08,3325235,141664.0,2.4,3326494,141562.0,0.0,-10.559999999999855,-0.0009317822453128401,0,1,707
708,0,0.06,3327991,140484.0,1.7999999999999998,3329251,139404.0,0.0,-66.59999999999927,-0.007901255659007346,0,1,708
709,0,0.06,3331887,141137.0,1.7999999999999998,3333144,139400.0,0.0,-106.01999999999934,-0.01251975031352508,0,1,709
710,0,0.05,3334641,136708.0,1.5,3335901,138920.0,0.0,109.09999999999945,0.015961026421277388,0,1,710
711,0,0.07,3338766,136538.0,2.1,3340024,136366.0,0.0,-14.140000000000873,-0.0014794416206478228,0,1,711
712,0,0.06,3341518,132274.0,1.7999999999999998,3342774,132354.0,0.0,3.000000000000182,0.0003780032357077206,0,1,712
713,0,0.07,3352503,132344.0,2.1,3353762,133350.0,0.0,68.31999999999826,0.007374720425557448,0,1,713
714,0,0.07,3355259,132174.0,2.1,3356518,133588.0,0.0,96.88000000000139,0.010471045742733213,0,1,714
715,0,0.04,3359386,128944.0,1.2,3360646,131600.0,0.0,105.03999999999978,0.020365429954088552,0,1,715
716,0,0.06,3362135,131584.0,1.7999999999999998,3363392,131054.0,0.0,-33.60000000000018,-0.004255836575875509,0,1,716
717,0,0.08,3366266,131925.0,2.4,3367526,130604.0,0.0,-108.0800000000003,-0.010240667045669916,0,1,717
718,0,0.06,3369023,128754.0,1.7999999999999998,3370282,127005.0,0.0,-106.7400000000005,-0.01381704646069255,0,1,718
719,0,0.04,3372857,127933.99999999999,1.2,3374117,127971.0,0.0,0.280000000000473,5.471571278949947e-05,0,1,719
720,0,0.07,3379741,134114.0,2.1,3380999,133332.0,0.0,-56.83999999999978,-0.006054550606200671,0,1,720
721,0,0.08,3382467,134624.0,2.4,3383726,135152.0,0.0,39.83999999999978,0.0036991918231518697,0,1,721
722,0,0.11,3393487,131264.0,3.3,3394744,131765.0,0.0,51.809999999998766,0.0035881886884445756,0,1,722
723,0,0.08,3400362,126743.0,2.4,3401621,127336.99999999999,0.0,45.11999999999862,0.004449949898613594,0,1,723
724,0,0.09,3420561,122458.99999999999,2.6999999999999997,3421821,124319.0,0.0,164.70000000000147,0.014943777100907378,0,1,724
725,0,0.06,3423321,122614.00000000003,1.7999999999999998,3424581,122866.00000000001,0.0,13.31999999999989,0.0018105599686821907,0,1,725
726,0,0.07,3427459,126107.00000000001,2.1,3428718,125283.0,0.0,-59.78000000000029,-0.006772026929512271,0,1,726
727,0,0.07,3430217,122784.99999999997,2.1,3431475,123752.0,0.0,65.59000000000233,0.007631225312538449,0,1,727
728,0,0.12,3442206,120908.0,3.5999999999999996,3443461,121414.00000000001,0.0,57.12000000000298,0.003936877625963748,0,1,728
729,0,0.1,3458745,124339.00000000001,3.0,3460004,124067.0,0.0,-30.200000000000728,-0.0024288437256211426,0,1,729
730,0,0.11,3465335,124290.00000000001,3.3,3466593,123622.0,0.0,-76.78000000000138,-0.00561589830235749,0,1,730
731,0,0.09,3468093,126257.0,2.6999999999999997,3469353,126851.0,0.0,50.76000000000094,0.004467079053042687,0,1,731
732,0,0.08,3472233,125246.0,2.4,3473492,126983.99999999999,0.0,136.63999999999905,0.013637162065055875,0,1,732
733,0,0.07,3486023,128679.0,2.1,3487282,129065.00000000001,0.0,24.920000000000435,0.0027665741884845716,0,1,733
734,0,0.11,3488784,130040.00000000001,3.3,3490044,131869.0,0.0,197.88999999999868,0.01383420486004297,0,1,734
735,0,0.12,3492680,132064.0,3.5999999999999996,3493938,131008.99999999999,0.0,-130.20000000000218,-0.008215713593409394,0,1,735
736,0,0.09,3495438,132066.0,2.6999999999999997,3496698,132349.0,0.0,22.770000000001165,0.0019157088122606345,0,1,736
737,0,0.1,3509213,134978.0,3.0,3510473,133915.0,0.0,-109.30000000000109,-0.008097615907777644,0,1,737
738,0,0.06,3554668,129319.0,1.7999999999999998,3555926,130231.0,0.0,52.92000000000026,0.006820343491675657,0,1,738
739,0,0.14,3565693,130789.00000000001,4.2,3566948,128920.0,0.0,-265.85999999999984,-0.014519569688582363,0,1,739
740,0,0.11,3568448,129022.0,3.3,3569707,128874.0,0.0,-19.580000000000656,-0.0013796096789695242,0,1,740
741,0,0.09,3575342,129633.99999999999,2.6999999999999997,3576601,129308.99999999999,0.0,-31.95,-0.002738479102704538,0,1,741
742,0,0.13,3579479,129454.0,3.9000000000000004,3580739,129151.0,0.0,-43.28999999999942,-0.002572342299195046,0,1,742
743,0,0.11,3586120,126391.00000000001,3.3,3587378,125867.0,0.0,-60.940000000001234,-0.004383223489014337,0,1,743
744,0,0.11,3595770,125329.0,3.3,3597026,125280.0,0.0,-8.690000000001238,-0.000630340942639064,0,1,744
745,0,0.16,3599894,125939.00000000001,4.8,3601150,126091.00000000001,0.0,19.51999999999971,0.0009687229531757293,0,1,745
746,0,0.12,3602646,127274.0,3.5999999999999996,3603904,127678.0,0.0,44.87999999999956,0.0029385420431509686,0,1,746
747,0,0.05,3609546,131887.0,1.5,3610806,131406.0,0.0,-25.550000000000182,-0.003874528952815695,0,1,747
748,0,0.13,3613684,131747.0,3.9000000000000004,3614944,131916.0,0.0,18.070000000001166,0.001055052486963718,0,1,748
749,0,0.1,3623339,131967.0,3.0,3628497,132791.0,0.0,79.39999999999964,0.006016655679071255,0,1,749
750,0,0.14,3629994,133635.0,4.2,3631250,133767.0,0.0,14.279999999999564,0.0007632730946233911,0,1,750
751,0,0.08,3634122,129425.0,2.4,3635380,129841.00000000001,0.0,30.880000000000656,0.0029824222522697175,0,1,751
752,0,0.06,3636879,132187.0,1.7999999999999998,3638139,131061.99999999999,0.0,-69.3000000000009,-0.008737621702588115,0,1,752
753,0,0.1,3643765,129307.0,3.0,3645025,130717.0,0.0,138.0,0.01067227605620732,0,1,753
754,0,0.1,3647897,129900.0,3.0,3649150,129707.0,0.0,-22.299999999999272,-0.001716705157813647,0,1,754
755,0,0.09,3650644,128286.99999999999,2.6999999999999997,3651904,129293.0,0.0,87.84000000000087,0.007607941568514423,0,1,755
756,0,0.12,3654777,128818.0,3.5999999999999996,3656030,130678.0,0.0,219.59999999999891,0.014206089211135019,0,1,756
757,0,0.1,3657530,131136.0,3.0,3658790,131140.0,0.0,-2.600000000000364,-0.00019826744753541085,0,1,757
758,0,0.13,3661669,130870.99999999999,3.9000000000000004,3662929,131147.0,0.0,31.98000000000102,0.0018797136111132937,0,1,758
759,0,0.11,3664429,131246.0,3.3,3665689,130420.0,0.0,-94.15999999999876,-0.0065221035307741855,0,1,759
760,0,0.15,3668571,129545.99999999999,4.5,3669829,129121.0,0.0,-68.25,-0.0035122659132663307,0,1,760
761,0,0.14,3677993,128963.00000000001,4.2,3679251,128728.0,0.0,-37.10000000000146,-0.002054852942316869,0,1,761
762,0,0.11,3681888,126657.99999999999,3.3,3683148,126985.99999999999,0.0,32.77999999999993,0.002352792559490908,0,1,762
763,0,0.08,3684650,125823.0,2.4,3685910,126860.99999999999,0.0,80.63999999999905,0.008011253904294033,0,1,763
764,0,0.11,3688792,125503.0,3.3,3690051,125031.0,0.0,-55.22000000000007,-0.003999904384755748,0,1,764
765,0,0.09,3691552,124068.0,2.6999999999999997,3692812,123055.0,0.0,-93.87000000000008,-0.008406680207628083,0,1,765
766,0,0.11,3695693,123458.99999999999,3.3,3696953,122229.0,0.0,-138.59999999999746,-0.01020581731586986,0,1,766
767,0,0.09,3702595,122193.0,2.6999999999999997,3703855,121709.99999999999,0.0,-46.17000000000117,-0.004198276497017121,0,1,767
768,0,0.09,3705357,122203.99999999999,2.6999999999999997,3706617,121735.99999999999,0.0,-44.8200000000008,-0.004075153022814384,0,1,768
769,0,0.1,3716401,121003.0,3.0,3717661,122163.00000000001,0.0,113.00000000000182,0.00933861143938595,0,1,769
770,0,0.14,3729967,124843.99999999999,4.2,3731227,124152.0,0.0,-101.07999999999738,-0.00578321745538417,0,1,770
771,0,0.11,3732727,123218.0,3.3,3733987,123108.99999999999,0.0,-15.290000000001601,-0.0011280819360808855,0,1,771
772,0,0.1,3739629,119994.00000000001,3.0,3740889,117175.0,0.0,-284.90000000000146,-0.023742853809357253,0,1,772
773,0,0.06,3750621,116173.0,1.7999999999999998,3751881,116018.0,0.0,-11.100000000000183,-0.0015924526352939412,0,1,773
774,0,0.11,3766950,118933.99999999999,3.3,3779042,122766.00000000001,0.0,418.22000000000406,0.03196730960028282,0,1,774
775,0,0.07,3780544,122653.0,2.1,3781804,122158.0,0.0,-36.74999999999964,-0.004280368193195395,0,1,775
776,0,0.04,3784685,119750.0,1.2,3785944,118913.00000000001,0.0,-34.679999999999566,-0.007240083507306799,0,1,776
777,0,0.06,3796903,119943.0,1.7999999999999998,3798163,118263.00000000001,0.0,-102.59999999999927,-0.014256771966684074,0,1,777
778,0,0.07,3798283,118667.99999999999,2.1,3799541,118744.0,0.0,3.219999999999709,0.0003876360939764371,0,1,778
779,0,0.07,3802423,121636.99999999999,2.1,3803683,121220.0,0.0,-31.28999999999869,-0.003674868666606224,0,1,779
780,0,0.06,3812088,126198.0,1.7999999999999998,3813347,127550.0,0.0,79.3199999999999,0.010475601832041699,0,1,780
781,0,0.07,3815989,129208.0,2.1,3817249,129343.0,0.0,7.349999999998909,0.0008126431799887345,0,1,781
782,0,0.06,3818750,130083.99999999999,1.7999999999999998,3820010,129352.0,0.0,-45.71999999999916,-0.005857753451615772,0,1,782
783,0,0.08,3822891,129334.99999999999,2.4,3824151,128490.00000000001,0.0,-69.99999999999855,-0.006765376734835751,0,1,783
784,0,0.05,3825653,126068.0,1.5,3826913,128439.00000000001,0.0,117.05000000000018,0.0185693435288892,0,1,784
785,0,0.05,3829795,126141.00000000001,1.5,3831055,126558.0,0.0,19.349999999999454,0.003067995338549631,0,1,785
786,0,0.09,3836695,123344.0,2.6999999999999997,3837955,121935.99999999999,0.0,-129.42000000000115,-0.011658451160980778,0,1,786
787,0,0.08,3843325,120934.99999999999,2.4,3844585,121123.0,0.0,12.640000000000873,0.0013064869558027943,0,1,787
788,0,0.08,3846087,120879.0,2.4,3847347,120079.0,0.0,-66.4,-0.00686637050273414,0,1,788
789,0,0.09,3857130,120458.99999999999,2.6999999999999997,3858390,119924.0,0.0,-50.84999999999782,-0.004690392581708099,0,1,789
790,0,0.09,3863923,116238.0,2.6999999999999997,3865183,115373.0,0.0,-80.55000000000037,-0.007699719540941895,0,1,790
791,0,0.1,3866684,115379.00000000001,3.0,3867944,115519.0,0.0,11.0,0.0009533797311469157,0,1,791
792,0,0.09,3870824,114936.99999999999,2.6999999999999997,3872083,117077.0,0.0,189.9000000000022,0.018357883014173196,0,1,792
793,0,0.11,3877723,119232.99999999999,3.3,3878983,119555.0,0.0,32.120000000000076,0.002448986438318257,0,1,793
794,0,0.1,3880484,120446.0,3.0,3881744,119852.0,0.0,-62.399999999999636,-0.005180744898128592,0,1,794
795,0,0.1,3897051,119248.0,3.0,3898311,120272.0,0.0,99.39999999999964,0.008335569569300922,0,1,795
796,0,0.13,3903954,120298.0,3.9000000000000004,3905214,118654.0,0.0,-217.61999999999935,-0.013915443315765807,0,1,796
797,0,0.07,3913619,118388.00000000001,2.1,3914879,117851.0,0.0,-39.69000000000015,-0.004789336757103777,0,1,797
798,0,0.11,3917761,119405.0,3.3,3918958,119183.0,0.0,-27.720000000000073,-0.0021104643859134933,0,1,798
799,0,0.11,3920460,118420.0,3.3,3921720,118835.99999999999,0.0,42.4599999999984,0.0032595845296401406,0,1,799
800,0,0.11,3924602,119273.0,3.3,3925862,121492.0,0.0,240.79000000000013,0.018352854376095185,0,1,800
801,0,0.1,3927364,122130.0,3.0,3928624,122497.0,0.0,33.70000000000073,0.0027593547858839537,0,1,801
802,0,0.11,3931497,120864.00000000001,3.3,3932757,121013.00000000001,0.0,13.090000000001236,0.0009845777071750994,0,1,802
803,0,0.13,3938157,118748.0,3.9000000000000004,3939415,118767.0,0.0,-1.4299999999988362,-9.263313908437235e-05,0,1,803
804,0,0.11,3940915,118843.0,3.3,3942175,118986.99999999999,0.0,12.539999999998326,0.0009592487567629965,0,1,804
805,0,0.13,3954723,118163.00000000001,3.9000000000000004,3955983,118097.0,0.0,-12.480000000001747,-0.000812437057285389,0,1,805
806,0,0.11,3961625,120148.0,3.3,3962885,120070.0,0.0,-11.879999999999928,-0.000898891367313641,0,1,806
807,0,0.07,3979163,115452.0,2.1,3980423,115879.0,0.0,27.790000000000326,0.0034386584901084836,0,1,807
808,0,0.1,3995708,109085.0,3.0,3996968,109878.0,0.0,76.30000000000109,0.006994545537883402,0,1,808
809,0,0.1,4002607,108823.0,3.0,4003867,109489.00000000001,0.0,63.600000000000364,0.0058443527563107394,0,1,809
810,0,0.12,4006747,108715.00000000001,3.5999999999999996,4008007,108467.0,0.0,-33.36000000000204,-0.002557144828220733,0,1,810
811,0,0.16,4009508,108968.0,4.8,4010768,109209.99999999999,0.0,33.91999999999753,0.001945525291828652,0,1,811
812,0,0.12,4020548,111753.0,3.5999999999999996,4021808,113276.0,0.0,179.16000000000022,0.0133598203180228,0,1,812
813,0,0.1,4023310,115478.0,3.0,4024570,115949.0,0.0,44.100000000000364,0.0038189092294636517,0,1,813
814,0,0.1,4034349,113972.0,3.0,4035609,113367.0,0.0,-63.5,-0.005571543887972484,0,1,814
815,0,0.1,4037108,112488.00000000003,3.0,4038368,112194.0,0.0,-32.400000000001455,-0.0028803072327716244,0,1,815
816,0,0.13,4043768,111186.99999999999,3.9000000000000004,4045027,110799.0,0.0,-54.33999999999869,-0.0037594323077337274,0,1,816
817,0,0.16,4047906,110548.0,4.8,4049166,111988.00000000001,0.0,225.60000000000144,0.012754640518146045,0,1,817
818,0,0.1,4050667,113208.99999999999,3.0,4051927,113959.99999999999,0.0,72.10000000000036,0.006368751601021153,0,1,818
819,0,0.11,4054805,112498.0,3.3,4056065,112973.0,0.0,48.95,0.003955625877793383,0,1,819
820,0,0.09,4057565,114993.0,2.6999999999999997,4058825,114650.0,0.0,-33.569999999998984,-0.0032436757019991542,0,1,820
821,0,0.13,4068605,114616.00000000001,3.9000000000000004,4069865,114573.0,0.0,-9.490000000001965,-0.0006369093320305638,0,1,821
822,0,0.1,4071365,113976.0,3.0,4072625,115765.00000000001,0.0,175.90000000000146,0.01543307362953617,0,1,822
823,0,0.1,4075505,116864.00000000001,3.0,4076765,118813.00000000001,0.0,191.90000000000146,0.016420796823658393,0,1,823
824,0,0.08,4078264,118204.0,2.4,4079524,117469.0,0.0,-61.19999999999927,-0.00647186220432465,0,1,824
825,0,0.11,4082404,117623.0,3.3,4083664,116701.0,0.0,-104.72000000000007,-0.008093655152478688,0,1,825
826,0,0.1,4096201,111993.0,3.0,4097461,110719.0,0.0,-130.39999999999964,-0.011643584866911291,0,1,826
827,0,0.11,4098962,110539.00000000001,3.3,4100222,108760.99999999999,0.0,-198.88000000000176,-0.016356218167343797,0,1,827
828,0,0.13,4103093,109008.99999999999,3.9000000000000004,4104353,108458.0,0.0,-75.52999999999739,-0.0053298351512258615,0,1,828
829,0,0.08,4105853,108393.0,2.4,4107113,108191.00000000001,0.0,-18.559999999999853,-0.0021403596173184443,0,1,829
830,0,0.08,4109993,106921.0,2.4,4111252,106997.0,0.0,3.6799999999999273,0.00043022418421076393,0,1,830
831,0,0.09,4112752,108199.0,2.6999999999999997,4114012,107708.99999999999,0.0,-46.800000000002186,-0.004805959389643382,0,1,831
832,0,0.12,4123359,106990.00000000001,3.5999999999999996,4124619,105251.0,0.0,-212.2800000000021,-0.016534255537900902,0,1,832
833,0,0.08,4126119,106333.99999999999,2.4,4127379,108682.0,0.0,185.44000000000014,0.02179923636842404,0,1,833
834,0,0.09,4130258,107598.0,2.6999999999999997,4131518,107246.0,0.0,-34.380000000000294,-0.003550251863417566,0,1,834
835,0,0.08,4139917,105280.0,2.4,4141177,106614.00000000001,0.0,104.32000000000116,0.012386018237082205,0,1,835
836,0,0.08,4161787,108645.0,2.4,4163047,109451.0,0.0,62.079999999999565,0.0071425284182428505,0,1,836
837,0,0.08,4164547,107684.99999999999,2.4,4165807,108793.0,0.0,86.24000000000123,0.010010679296095237,0,1,837
838,0,0.09,4171208,110065.00000000001,2.6999999999999997,4172468,109761.99999999999,0.0,-29.970000000002255,-0.0030254849407170764,0,1,838
839,0,0.11,4175348,111950.0,3.3,4176608,112560.99999999999,0.0,63.90999999999913,0.005189816882536776,0,1,839
840,0,0.1,4178108,111417.0,3.0,4179368,111769.0,0.0,32.20000000000073,0.002890043709667351,0,1,840
841,0,0.13,4182248,112734.99999999999,3.9000000000000004,4183508,114223.0,0.0,189.5400000000005,0.012932984432518774,0,1,841
842,0,0.02,4191908,124020.0,0.6,4193168,123790.00000000001,0.0,-5.199999999999909,-0.002096436058700173,0,1,842
843,0,0.06,4195809,120252.0,1.7999999999999998,4197069,120767.0,0.0,29.099999999999635,0.004033196953065179,0,1,843
844,0,0.06,4198569,123108.0,1.7999999999999998,4199829,122919.0,0.0,-13.140000000000146,-0.0017789258212301594,0,1,844
845,0,0.07,4202709,123030.0,2.1,4203969,122943.0,0.0,-8.190000000000145,-0.0009509875640087952,0,1,845
846,0,0.05,4205469,123358.99999999999,1.5,4206729,122428.0,0.0,-48.04999999999927,-0.007790270673400283,0,1,846
847,0,0.06,4209609,123215.00000000001,1.7999999999999998,4210869,124089.00000000001,0.0,50.6399999999996,0.006849815363389144,0,1,847
848,0,0.06,4212369,125989.0,1.7999999999999998,4213629,126092.0,0.0,4.379999999999382,0.0005794156632721086,0,1,848
849,0,0.05,4219269,127100.0,1.5,4220529,124925.0,0.0,-110.25,-0.017348544453186468,0,1,849
850,0,0.07,4226169,125889.00000000001,2.1,4227429,125333.0,0.0,-41.020000000000074,-0.004654894391090572,0,1,850
851,0,0.09,4230309,124754.99999999999,2.6999999999999997,4231569,121980.0,0.0,-252.45,-0.022484068774798607,0,1,851
852,0,0.07,4235829,123946.0,2.1,4237089,122540.00000000001,0.0,-100.52000000000007,-0.011585690542655678,0,1,852
853,0,0.09,4242728,122951.0,2.6999999999999997,4243988,122333.0,0.0,-58.3200000000008,-0.00527039227009141,0,1,853
854,0,0.09,4245488,124025.0,2.6999999999999997,4246748,123939.00000000001,0.0,-10.439999999999781,-0.0009352953033662372,0,1,854
855,0,0.08,4249628,125600.0,2.4,4250888,124306.0,0.0,-105.92000000000044,-0.010541401273885394,0,1,855
856,0,0.06,4259288,124959.99999999999,1.7999999999999998,4260548,123348.0,0.0,-98.51999999999843,-0.013140204865556771,0,1,856
857,0,0.1,4263428,124271.0,3.0,4264688,124520.0,0.0,21.899999999999636,0.0017622776029805535,0,1,857
858,0,0.08,4270327,128498.0,2.4,4271587,127907.0,0.0,-49.68000000000065,-0.004832760042957931,0,1,858
859,0,0.09,4277225,126628.99999999999,2.6999999999999997,4278485,127773.0,0.0,100.26000000000094,0.008797352897045784,0,1,859
860,0,0.06,4279985,126508.99999999999,1.7999999999999998,4281245,127368.0,0.0,49.740000000000876,0.006552893470029917,0,1,860
861,0,0.11,4291024,122750.0,3.3,4292284,122423.0,0.0,-39.26999999999934,-0.002908350305498933,0,1,861
862,0,0.12,4304584,124424.0,3.5999999999999996,4305844,126208.0,0.0,210.47999999999993,0.014096958786086283,0,1,862
863,0,0.1,4307344,126881.0,3.0,4308604,127443.0,0.0,53.20000000000073,0.004192905163105645,0,1,863
864,0,0.1,4311484,128561.99999999999,3.0,4312744,129451.0,0.0,85.90000000000146,0.006681601095191539,0,1,864
865,0,0.05,4314243,128178.0,1.5,4315503,129800.0,0.0,79.59999999999945,0.012420228120270164,0,1,865
866,0,0.08,4318382,126851.0,2.4,4319642,126580.0,0.0,-24.08000000000029,-0.002372862649880597,0,1,866
867,0,0.05,4321141,125845.0,1.5,4322401,131853.0,0.0,298.90000000000055,0.04750288052763329,0,1,867
868,0,0.07,4331940,135945.0,2.1,4333200,136383.0,0.0,28.559999999999853,0.0030012137261392316,0,1,868
869,0,0.07,4334700,136105.0,2.1,4335960,136651.0,0.0,36.12000000000116,0.003791190624885321,0,1,869
870,0,0.07,4338840,133373.0,2.1,4340100,134373.0,0.0,67.9,0.0072728363311914705,0,1,870
871,0,0.08,4341600,133405.0,2.4,4342860,132863.0,0.0,-45.75999999999876,-0.004287695363741873,0,1,871
872,0,0.08,4348500,133237.0,2.4,4349760,132354.0,0.0,-73.04000000000124,-0.006852450895772312,0,1,872
873,0,0.1,4355398,133583.0,3.0,4356658,135117.0,0.0,150.39999999999964,0.011258917676650444,0,1,873
874,0,0.12,4359538,136211.0,3.5999999999999996,4360798,135799.0,0.0,-53.04000000000051,-0.0032449655314181988,0,1,874
875,0,0.11,4362298,136093.0,3.3,4363558,133646.0,0.0,-272.4700000000001,-0.018200789166231923,0,1,875
876,0,0.13,4366438,134100.0,3.9000000000000004,4367698,134662.0,0.0,69.1600000000013,0.003967188665175318,0,1,876
877,0,0.09,4369198,133866.0,2.6999999999999997,4370458,133480.0,0.0,-37.439999999999785,-0.0031075851971374183,0,1,877
878,0,0.13,4380238,133809.0,3.9000000000000004,4381498,132403.0,0.0,-186.68000000000248,-0.010731714608135618,0,1,878
879,0,0.11,4387138,131211.0,3.3,4388398,130827.0,0.0,-45.5400000000016,-0.0031552232663421094,0,1,879
880,0,0.13,4389898,131412.0,3.9000000000000004,4391158,132595.0,0.0,149.89000000000087,0.008773932365385251,0,1,880
881,0,0.1,4393799,134799.0,3.0,4395059,134469.0,0.0,-36.0,-0.002670642957291968,0,1,881
882,0,0.11,4396559,133807.0,3.3,4397819,132849.0,0.0,-108.68000000000102,-0.007383769160058959,0,1,882
883,0,0.1,4400700,131984.0,3.0,4401960,132258.0,0.0,24.399999999999636,0.0018487089344162652,0,1,883
884,0,0.07,4403460,131599.0,2.1,4404720,131094.0,0.0,-37.449999999998546,-0.004065380436021392,0,1,884
885,0,0.13,4414498,132722.0,3.9000000000000004,4415758,132290.0,0.0,-60.05999999999985,-0.003480960202528585,0,1,885
886,0,0.1,4417258,132193.0,3.0,4418518,131746.0,0.0,-47.70000000000073,-0.003608360503203704,0,1,886
887,0,0.05,4421398,126794.00000000001,1.5,4422658,126636.99999999999,0.0,-9.350000000001273,-0.0014748331939999167,0,1,887
888,0,0.07,4424158,125557.00000000001,2.1,4425418,125504.0,0.0,-5.8100000000009455,-0.0006610543418528118,0,1,888
889,0,0.11,4428297,125418.0,3.3,4429557,125514.00000000001,0.0,7.26000000000131,0.0005262402525954162,0,1,889
890,0,0.14,4435197,126229.0,4.2,4436457,126931.0,0.0,94.07999999999883,0.0053236577965443095,0,1,890
891,0,0.13,4437957,126608.99999999999,3.9000000000000004,4439217,126691.00000000001,0.0,6.760000000003492,0.0004107132984229152,0,1,891
892,0,0.14,4442097,127411.99999999999,4.2,4443357,126656.0,0.0,-110.04000000000015,-0.006168963676890725,0,1,892
893,0,0.1,4448993,128860.99999999999,3.0,4450253,129632.0,0.0,74.10000000000218,0.005750382194768176,0,1,893
894,0,0.09,4451753,130318.0,2.6999999999999997,4453013,130416.00000000001,0.0,6.120000000001529,0.0005218005187312343,0,1,894
895,0,0.06,4455894,127336.99999999999,1.7999999999999998,4457154,127455.0,0.0,5.280000000000837,0.0006910795762426786,0,1,895
896,0,0.07,4465555,121468.99999999999,2.1,4466815,120811.99999999999,0.0,-48.08999999999978,-0.005655764022096148,0,1,896
897,0,0.11,4469690,121284.99999999999,3.3,4470934,118783.0,0.0,-278.51999999999936,-0.020876448035618538,0,1,897
898,0,0.12,4485807,117053.0,3.5999999999999996,4487067,115842.0,0.0,-148.9199999999997,-0.010602034975609319,0,1,898
899,0,0.07,4492708,112800.0,2.1,4493968,113353.0,0.0,36.610000000000035,0.004636524822695039,0,1,899
900,0,0.12,4496849,113198.0,3.5999999999999996,4498109,113154.0,0.0,-8.880000000000654,-0.0006537217972049457,0,1,900
901,0,0.15,4499608,112873.00000000001,4.5,4500867,113213.00000000001,0.0,46.5,0.0027464495494936786,0,1,901
902,0,0.1,4505127,116018.0,3.0,4506386,115000.0,0.0,-104.80000000000109,-0.0090330810736266,0,1,902
903,0,0.08,4507886,115710.99999999999,2.4,4509146,116355.0,0.0,49.12000000000044,0.00530632351288992,0,1,903
904,0,0.1,4514778,118610.0,3.0,4516038,119092.0,0.0,45.20000000000073,0.003810808532164297,0,1,904
905,0,0.11,4521410,121505.0,3.3,4522670,120545.0,0.0,-108.89999999999854,-0.008147812847207826,0,1,905
906,0,0.1,4524172,120367.0,3.0,4525432,120743.0,0.0,34.600000000000364,0.0028745420256382865,0,1,906
907,0,0.08,4535214,121154.0,2.4,4536474,120883.0,0.0,-24.08000000000029,-0.0024844412895983926,0,1,907
908,0,0.1,4537975,121470.0,3.0,4539235,121882.0,0.0,38.20000000000073,0.003144809417963343,0,1,908
909,0,0.13,4542115,123197.0,3.9000000000000004,4543375,124038.00000000001,0.0,105.43000000000174,0.006582952506960505,0,1,909
910,0,0.08,4544876,122647.0,2.4,4546136,123401.0,0.0,57.91999999999971,0.00590312033722795,0,1,910
911,0,0.12,4558412,124926.0,3.5999999999999996,4559672,125661.99999999999,0.0,84.7199999999979,0.0056513455965930435,0,1,911
912,0,0.09,4562552,124591.99999999999,2.6999999999999997,4563812,124968.0,0.0,31.140000000000146,0.002777064337999243,0,1,912
913,0,0.09,4565313,123528.00000000001,2.6999999999999997,4566573,123415.00000000001,0.0,-12.870000000000072,-0.0011576322777022278,0,1,913
914,0,0.14,4569455,121615.0,4.2,4570715,120849.0,0.0,-111.4400000000016,-0.0065452452411298885,0,1,914
915,0,0.13,4572217,119975.0,3.9000000000000004,4573477,120423.0,0.0,54.33999999999978,0.0034840591789956103,0,1,915
916,0,0.11,4583135,124561.99999999999,3.3,4584395,124788.00000000001,0.0,21.56000000000422,0.0015735135916253623,0,1,916
917,0,0.1,4585895,124464.00000000001,3.0,4587155,124790.00000000001,0.0,29.600000000000364,0.0023781977117881764,0,1,917
918,0,0.13,4590035,125088.00000000001,3.9000000000000004,4591295,125289.00000000001,0.0,22.23000000000102,0.0013670376055257725,0,1,918
919,0,0.12,4592795,124353.0,3.5999999999999996,4594055,124724.0,0.0,40.920000000000435,0.0027421935940427945,0,1,919
920,0,0.16,4596935,125551.0,4.8,4598195,125624.0,0.0,6.880000000000291,0.00034249030274551234,0,1,920
921,0,0.1,4603834,127455.0,3.0,4605094,128147.0,0.0,66.20000000000073,0.0051939900356989315,0,1,921
922,0,0.11,4612114,128123.0,3.3,4613374,128482.0,0.0,36.189999999999785,0.00256784496148231,0,1,922
923,0,0.1,4625913,122807.0,3.0,4627173,122929.0,0.0,9.200000000000728,0.0007491429641633398,0,1,923
924,0,0.1,4630052,122369.00000000001,3.0,4631312,121958.99999999999,0.0,-44.00000000000182,-0.003595681912902926,0,1,924
925,0,0.14,4632812,122508.0,4.2,4634072,122772.0,0.0,32.759999999999124,0.0019100793417572216,0,1,925
926,0,0.13,4636951,123799.0,3.9000000000000004,4638211,125889.00000000001,0.0,267.80000000000257,0.01663987592791557,0,1,926
927,0,0.07,4639711,124693.99999999999,2.1,4640971,125492.0,0.0,53.76000000000058,0.006159077421527967,0,1,927
928,0,0.11,4643851,125226.0,3.3,4645111,125714.00000000001,0.0,50.380000000000294,0.0036573874435021692,0,1,928
929,0,0.15,4650512,126170.0,4.5,4651772,126803.0,0.0,90.45000000000073,0.004779266069588689,0,1,929
930,0,0.13,4653271,126576.0,3.9000000000000004,4654531,127804.0,0.0,155.7399999999994,0.009464669447604565,0,1,930
931,0,0.12,4657411,129415.00000000001,3.5999999999999996,4658671,128703.0,0.0,-89.04000000000232,-0.005733493026310855,0,1,931
932,0,0.09,4660171,127778.00000000001,2.6999999999999997,4661431,126734.99999999999,0.0,-96.57000000000262,-0.008397376700214662,0,1,932
933,0,0.15,4664311,126667.0,4.5,4665571,125991.00000000001,0.0,-105.89999999999782,-0.005573669542974773,0,1,933
934,0,0.16,4671211,124474.0,4.8,4672471,124625.0,0.0,19.359999999999854,0.0009720905570641185,0,1,934
935,0,0.17,4673970,125222.0,5.1000000000000005,4675230,125583.0,0.0,56.26999999999898,0.0026433054894506873,0,1,935
936,0,0.12,4680869,124654.99999999999,3.5999999999999996,4682129,124135.99999999999,0.0,-65.88000000000065,-0.0044041554690947456,0,1,936
937,0,0.13,4691666,121698.0,3.9000000000000004,4692923,122008.99999999999,0.0,36.52999999999847,0.002308994395963683,0,1,937
938,0,0.16,4698563,124227.0,4.8,4699823,124156.0,0.0,-16.160000000000583,-0.0008130277636906924,0,1,938
939,0,0.13,4701323,124442.0,3.9000000000000004,4702583,125421.0,0.0,123.37000000000043,0.007626042654409309,0,1,939
940,0,0.14,4705463,124939.00000000001,4.2,4706723,126105.0,0.0,159.03999999999797,0.009092437109309225,0,1,940
941,0,0.11,4708223,125905.0,3.3,4709483,126919.0,0.0,108.24000000000088,0.007815416385369985,0,1,941
942,0,0.11,4712363,126866.00000000001,3.3,4713623,126660.99999999999,0.0,-25.85000000000291,-0.0018523481468638281,0,1,942
943,0,0.1,4719262,126197.0,3.0,4720522,127594.0,0.0,136.70000000000073,0.010832270180749204,0,1,943
944,0,0.1,4728920,128865.00000000001,3.0,4730180,128627.0,0.0,-26.80000000000109,-0.0020796958056882075,0,1,944
945,0,0.08,4739959,131159.0,2.4,4741219,130817.0,0.0,-29.75999999999876,-0.002836252182465439,0,1,945
946,0,0.1,4742719,132041.0,3.0,4743979,132607.0,0.0,53.600000000000364,0.004059345203383825,0,1,946
947,0,0.09,4746619,134167.0,2.6999999999999997,4747879,133417.0,0.0,-70.2,-0.005813650152421982,0,1,947
948,0,0.09,4749379,134742.0,2.6999999999999997,4750639,134669.0,0.0,-9.269999999999708,-0.0007644238618990127,0,1,948
949,0,0.13,4753518,133200.0,3.9000000000000004,4754778,132160.0,0.0,-139.10000000000073,-0.008033033033033075,0,1,949
950,0,0.08,4756278,133322.0,2.4,4757538,132084.0,0.0,-101.44000000000088,-0.009510808418715672,0,1,950
951,0,0.09,4767317,129447.0,2.6999999999999997,4768577,128380.0,0.0,-98.73000000000066,-0.008474510803649428,0,1,951
952,0,0.15,4776976,126880.0,4.5,4778236,127463.00000000001,0.0,82.95000000000073,0.004358448928121097,0,1,952
953,0,0.14,4781115,128920.00000000001,4.2,4782375,129265.00000000001,0.0,44.09999999999927,0.0024433757368910545,0,1,953
954,0,0.14,4788013,128557.00000000001,4.2,4789273,128075.0,0.0,-71.6800000000032,-0.003982669166206607,0,1,954
955,0,0.11,4790773,129002.0,3.3,4792033,128013.00000000001,0.0,-112.08999999999723,-0.007899102339498417,0,1,955
956,0,0.12,4794911,127658.99999999999,3.5999999999999996,4796171,127749.0,0.0,7.200000000001092,0.0004700021150095889,0,1,956
957,0,0.11,4797671,126673.0,3.3,4798931,127282.0,0.0,63.689999999999785,0.004570824090374413,0,1,957
958,0,0.18,4801810,127039.0,5.3999999999999995,4803070,127523.0,0.0,81.71999999999898,0.003573705712418976,0,1,958
959,0,0.12,4811470,128604.0,3.5999999999999996,4812730,127566.00000000001,0.0,-128.15999999999767,-0.00830456284407935,0,1,959
960,0,0.11,4815609,128086.99999999999,3.3,4816869,127851.0,0.0,-29.25999999999731,-0.002076713483803786,0,1,960
961,0,0.13,4822507,128194.0,3.9000000000000004,4823767,129144.0,0.0,119.6,0.007176622930870399,0,1,961
962,0,0.11,4828971,129394.0,3.3,4830231,128505.0,0.0,-101.09000000000087,-0.007102338593752477,0,1,962
963,0,0.11,4831730,127490.00000000001,3.3,4832990,128064.00000000001,0.0,59.83999999999942,0.004267001333437875,0,1,963
964,0,0.12,4835869,126618.0,3.5999999999999996,4837129,126463.00000000001,0.0,-22.199999999998546,-0.0014610876810563101,0,1,964
965,0,0.13,4838629,124703.0,3.9000000000000004,4839889,124788.00000000001,0.0,7.150000000001091,0.00044104792988146547,0,1,965
966,0,0.14,4842767,124334.99999999997,4.2,4844027,125516.00000000001,0.0,161.14000000000743,0.00925724856235214,0,1,966
967,0,0.12,4845526,125349.0,3.5999999999999996,4846786,125565.00000000001,0.0,22.32000000000189,0.001483857071057733,0,1,967
968,0,0.2,4849665,126168.0,6.0,4850925,126547.0,0.0,69.79999999999927,0.002766153065753569,0,1,968
969,0,0.2,4852425,126696.0,6.0,4853685,127398.0,0.0,134.40000000000146,0.0053040348550862475,0,1,969
970,0,0.21,4857942,129406.0,6.3,4859202,130321.0,0.0,185.85000000000144,0.0068389410073722,0,1,970
971,0,0.14,4860701,132025.0,4.2,4861961,131497.0,0.0,-78.11999999999826,-0.0042264722590417535,0,1,971
972,0,0.1,4863461,132092.0,3.0,4864721,132042.0,0.0,-8.0,-0.0006056384943827029,0,1,972
973,0,0.14,4867600,131033.99999999997,4.2,4868860,131742.0,0.0,94.92000000000262,0.005174229589267051,0,1,973
974,0,0.12,4874260,134071.0,3.5999999999999996,4875520,132897.0,0.0,-144.4799999999992,-0.008980316399519609,0,1,974
975,0,0.14,4881158,134185.0,4.2,4882418,135763.0,0.0,216.7200000000019,0.011536311808324429,0,1,975
976,0,0.06,4883918,134673.0,1.7999999999999998,4885178,134953.0,0.0,14.999999999999272,0.0018563483400532241,0,1,976
977,0,0.1,4888058,133849.0,3.0,4889318,134567.0,0.0,68.79999999999927,0.005140120583642707,0,1,977
978,0,0.1,4890818,134855.0,3.0,4892078,133192.0,0.0,-169.29999999999927,-0.012554224908234718,0,1,978
979,0,0.07,4894958,132527.0,2.1,4896218,131520.0,0.0,-72.58999999999978,-0.007824820602594163,0,1,979
980,0,0.09,4897718,132199.0,2.6999999999999997,4898978,131472.0,0.0,-68.1300000000003,-0.005726215780754796,0,1,980
981,0,0.09,4908528,132989.0,2.6999999999999997,4909788,132462.0,0.0,-50.130000000000294,-0.0041883163269142805,0,1,981
982,0,0.1,4915428,131744.0,3.0,4916688,131749.0,0.0,-2.5,-0.0001897619625941219,0,1,982
983,0,0.07,4918188,131699.0,2.1,4919448,132182.0,0.0,31.71000000000131,0.003439661652708211,0,1,983
984,0,0.1,4922328,133906.0,3.0,4923588,132510.0,0.0,-142.60000000000036,-0.010649261422191714,0,1,984
985,0,0.13,4925088,132096.0,3.9000000000000004,4926348,132355.0,0.0,29.770000000001893,0.0017335876937985598,0,1,985
986,0,0.15,4931988,131616.0,4.5,4933248,131349.0,0.0,-44.54999999999927,-0.002256564551422283,0,1,986
987,0,0.13,4936128,131128.0,3.9000000000000004,4937388,133345.0,0.0,284.3100000000028,0.016678360075651436,0,1,987
988,0,0.12,4943027,134534.0,3.5999999999999996,4944287,132566.0,0.0,-239.75999999999985,-0.014851264364398582,0,1,988
989,0,0.12,4948546,133324.0,3.5999999999999996,4949806,133333.0,0.0,-2.5200000000000724,-0.00015751102577180856,0,1,989
990,0,0.12,4955446,134041.0,3.5999999999999996,4956706,135110.0,0.0,124.67999999999884,0.007751359658611845,0,1,990
991,0,0.09,4958206,133819.0,2.6999999999999997,4959466,134433.0,0.0,52.560000000000215,0.004364103752083056,0,1,991
992,0,0.1,4965105,134552.0,3.0,4966365,133553.0,0.0,-102.89999999999964,-0.0076476009275224174,0,1,992
993,0,0.13,4969242,133082.0,3.9000000000000004,4970502,132270.0,0.0,-109.45999999999768,-0.006326926255992411,0,1,993
994,0,0.13,4972001,131719.0,3.9000000000000004,4973261,132373.0,0.0,81.12000000000043,0.0047373575566167616,0,1,994
995,0,0.13,4976127,130466.00000000001,3.9000000000000004,4977387,130451.0,0.0,-5.850000000000728,-0.0003449174497570677,0,1,995
996,0,0.12,4978887,131266.0,3.5999999999999996,4980147,131392.0,0.0,11.519999999998982,0.000731339417670924,0,1,996
997,0,0.13,4985786,132095.0,3.9000000000000004,4987046,131906.0,0.0,-28.470000000003346,-0.0016578977251222658,0,1,997
998,0,0.1,4989923,129222.0,3.0,4991183,129045.0,0.0,-20.700000000000728,-0.0016018944142638812,0,1,998
999,0,0.12,5006238,129990.00000000001,3.5999999999999996,5007498,129297.0,0.0,-86.76000000000167,-0.0055619663051004985,0,1,999
1000,0,0.15,5010378,129680.0,4.5,5011638,129709.99999999999,0.0,-3.637978807091713e-12,-1.870233809938162e-16,0,1,1000
1001,0,0.17,5017275,129551.0,5.1000000000000005,5018535,130006.0,0.0,72.24999999999855,0.003280561323339777,0,1,1001
1002,0,0.12,5020034,130279.0,3.5999999999999996,5021294,128044.0,0.0,-271.80000000000075,-0.017385764397945994,0,1,1002
1003,0,0.13,5024171,127465.0,3.9000000000000004,5025431,126941.00000000001,0.0,-72.01999999999899,-0.004346291138743907,0,1,1003
1004,0,0.17,5026931,126763.0,5.1000000000000005,5028191,127013.00000000001,0.0,37.4,0.001735522194962252,0,1,1004
1005,0,0.16,5031070,125854.0,4.8,5032330,125182.0,0.0,-112.32000000000043,-0.00557789184292913,0,1,1005
1006,0,0.14,5037966,125353.0,4.2,5045882,124216.00000000001,0.0,-163.37999999999664,-0.009309709380708686,0,1,1006
1007,0,0.11,5051520,122800.0,3.3,5052780,122764.00000000001,0.0,-7.259999999999127,-0.0005374592833875575,0,1,1007
1008,0,0.1,5054280,122304.00000000001,3.0,5055540,123058.99999999999,0.0,72.49999999999818,0.0059278519099946175,0,1,1008
1009,0,0.13,5068073,120931.0,3.9000000000000004,5069333,121356.0,0.0,51.35,0.0032663254252424936,0,1,1009
1010,0,0.14,5086000,119614.00000000001,4.2,5087260,119651.0,0.0,0.9800000000002909,5.852157774175327e-05,0,1,1010
1011,0,0.12,5092898,120216.00000000001,3.5999999999999996,5094158,120629.0,0.0,45.95999999999767,0.0031859319890861493,0,1,1011
1012,0,0.12,5095654,119975.0,3.5999999999999996,5096914,119930.0,0.0,-8.999999999999636,-0.0006251302354656967,0,1,1012
1013,0,0.14,5099553,119183.99999999997,4.2,5100813,119696.0,0.0,67.48000000000393,0.004044167002282421,0,1,1013
1014,0,0.13,5102312,120025.0,3.9000000000000004,5103572,119614.00000000001,0.0,-57.32999999999847,-0.003674234534471887,0,1,1014
1015,0,0.12,5106451,119775.0,3.5999999999999996,5107710,120610.99999999999,0.0,96.7199999999979,0.006729284074305844,0,1,1015
1016,0,0.12,5109208,120221.0,3.5999999999999996,5110468,119398.0,0.0,-102.3599999999984,-0.007095266218048317,0,1,1016
1017,0,0.16,5116106,120676.0,4.8,5117366,119888.00000000001,0.0,-130.87999999999812,-0.006778481222446785,0,1,1017
1018,0,0.13,5122989,118358.0,3.9000000000000004,5124249,119167.0,0.0,101.27000000000007,0.0065817266259990915,0,1,1018
1019,0,0.1,5127128,120453.0,3.0,5128388,119844.0,0.0,-63.899999999999636,-0.005304973724191147,0,1,1019
1020,0,0.12,5129887,119958.0,3.5999999999999996,5131147,120306.0,0.0,38.16000000000022,0.0026509278247386736,0,1,1020
1021,0,0.14,5134025,118896.0,4.2,5135285,119294.0,0.0,51.51999999999752,0.00309514197281643,0,1,1021
1022,0,0.07,5136785,122286.99999999999,2.1,5138045,121781.0,0.0,-37.520000000000074,-0.004383131485767098,0,1,1022
1023,0,0.11,5147819,123164.00000000001,3.3,5149079,123269.0,0.0,8.249999999999272,0.0006089441719982574,0,1,1023
1024,0,0.12,5157453,123401.0,3.5999999999999996,5158713,123298.0,0.0,-15.959999999998763,-0.0010777870519687012,0,1,1024
1025,0,0.13,5161584,122786.99999999999,3.9000000000000004,5162843,122610.99999999999,0.0,-26.780000000001017,-0.0016777020368606435,0,1,1025
1026,0,0.13,5168474,120308.0,3.9000000000000004,5169733,121184.99999999999,0.0,110.1099999999984,0.007040263324134618,0,1,1026
1027,0,0.12,5171223,121390.00000000001,3.5999999999999996,5172483,122190.00000000001,0.0,92.4,0.0063431913666694125,0,1,1027
1028,0,0.15,5175350,122159.0,4.5,5176607,122513.00000000001,0.0,48.60000000000218,0.0026522810435581053,0,1,1028
1029,0,0.14,5181789,121442.0,4.2,5183046,122007.0,0.0,74.90000000000218,0.004405395168063895,0,1,1029
1030,0,0.13,5184539,122420.0,3.9000000000000004,5185797,122172.0,0.0,-36.13999999999978,-0.002270870772749537,0,1,1030
1031,0,0.14,5188664,123867.0,4.2,5189923,123711.99999999999,0.0,-25.900000000000727,-0.0014935374232039622,0,1,1031
1032,0,0.16,5195543,124306.99999999999,4.8,5196803,124579.0,0.0,38.72000000000044,0.0019467930205057057,0,1,1032
1033,0,0.16,5198296,124239.00000000001,4.8,5199556,123828.0,0.0,-70.56000000000203,-0.0035496100258373994,0,1,1033
1034,0,0.09,5205177,126191.99999999999,2.6999999999999997,5206437,125544.0,0.0,-61.01999999999971,-0.0053727653100037786,0,1,1034
1035,0,0.12,5207739,126716.00000000001,3.5999999999999996,5208996,126614.00000000001,0.0,-15.8400000000016,-0.0010416995485969674,0,1,1035
1036,0,0.15,5220121,128513.00000000001,4.5,5221380,129363.00000000001,0.0,123.0,0.00638067744119272,0,1,1036
1037,0,0.15,5227003,128957.0,4.5,5228263,129307.0,0.0,48.0,0.0024814473041401396,0,1,1037
1038,0,0.2,5233646,128450.0,6.0,5234904,128298.0,0.0,-36.39999999999782,-0.0014168937329699424,0,1,1038
1039,0,0.16,5240509,131067.0,4.8,5241768,131880.0,0.0,125.27999999999811,0.005974043809654514,0,1,1039
1040,0,0.18,5247388,131484.0,5.3999999999999995,5248648,130654.0,0.0,-154.80000000000146,-0.00654071978339576,0,1,1040
1041,0,0.17,5250136,131038.0,5.1000000000000005,5251396,131427.0,0.0,61.02999999999738,0.0027396633037743597,0,1,1041
1042,0,0.14,5260910,133950.0,4.2,5262168,133853.0,0.0,-17.779999999998108,-0.0009481149682716422,0,1,1042
1043,0,0.11,5263667,132579.0,3.3,5264927,132830.0,0.0,24.309999999998762,0.001666930660210054,0,1,1043
1044,0,0.12,5270499,131415.0,3.5999999999999996,5271759,129020.0,0.0,-290.99999999999966,-0.018452992428565972,0,1,1044
1045,0,0.14,5277373,128591.00000000003,4.2,5278632,130009.99999999999,0.0,194.45999999999623,0.010801689076218186,0,1,1045
1046,0,0.16,5281488,130085.99999999999,4.8,5282747,131064.00000000001,0.0,151.6800000000032,0.007287486739541688,0,1,1046
1047,0,0.15,5284233,129630.0,4.5,5285485,130177.0,0.0,77.54999999999927,0.003988274319216193,0,1,1047
1048,0,0.12,5291087,130908.99999999999,3.5999999999999996,5292345,131236.0,0.0,35.6400000000016,0.0022687515755220296,0,1,1048
1049,0,0.1,5297961,129093.0,3.0,5299221,129213.00000000001,0.0,9.000000000001819,0.0006971718063722911,0,1,1049
1050,0,0.17,5308948,130443.0,5.1000000000000005,5310207,130800.0,0.0,55.58999999999869,0.002506842068949597,0,1,1050
1051,0,0.12,5311701,129202.0,3.5999999999999996,5312959,129015.00000000001,0.0,-26.03999999999869,-0.0016795405643874638,0,1,1051
1052,0,0.13,5315832,127654.0,3.9000000000000004,5317089,127409.99999999999,0.0,-35.62000000000116,-0.002146427060648385,0,1,1052
1053,0,0.15,5321326,127148.00000000001,4.5,5322585,127577.0,0.0,59.849999999998545,0.003138075313807455,0,1,1053
1054,0,0.16,5324077,127790.0,4.8,5325336,128536.99999999999,0.0,114.7199999999968,0.005610767665701385,0,1,1054
1055,0,0.18,5335056,128445.0,5.3999999999999995,5336309,128079.0,0.0,-71.28000000000102,-0.003083031647787035,0,1,1055
1056,0,0.15,5344679,128615.0,4.5,5345939,127788.00000000001,0.0,-128.54999999999927,-0.006663297438090387,0,1,1056
1057,0,0.19,5348800,127445.0,5.7,5350057,127376.0,0.0,-18.81000000000058,-0.0007768056808819731,0,1,1057
1058,0,0.15,5351554,128394.0,4.5,5352814,128473.0,0.0,7.350000000002183,0.00038163777123552937,0,1,1058
1059,0,0.16,5355435,127925.0,4.8,5356693,128033.0,0.0,12.479999999998835,0.000609732264998966,0,1,1059
1060,0,0.15,5358184,128817.0,4.5,5359444,130627.0,0.0,267.0,0.01381805196519093,0,1,1060
1061,0,0.11,5362319,132537.0,3.3,5363579,132929.0,0.0,39.8200000000008,0.0027313127654919555,0,1,1061
1062,0,0.14,5371951,134367.0,4.2,5373211,134095.0,0.0,-42.27999999999811,-0.0022475756696211605,0,1,1062
1063,0,0.08,5376080,134565.0,2.4,5377340,135510.0,0.0,73.20000000000036,0.006799687883179166,0,1,1063
1064,0,0.05,5382976,141709.0,1.5,5384236,140919.0,0.0,-41.0,-0.005786506149926963,0,1,1064
1065,0,0.05,5389870,142659.0,1.5,5391129,141783.0,0.0,-45.30000000000018,-0.00635080857148868,0,1,1065
1066,0,0.11,5396539,139573.0,3.3,5397799,141805.0,0.0,242.2199999999986,0.015776690334090314,0,1,1066
1067,0,0.07,5399299,140456.0,2.1,5400559,141485.0,0.0,69.93000000000066,0.007112547701771441,0,1,1067
1068,0,0.08,5403434,140501.0,2.4,5404694,142632.0,0.0,168.07999999999956,0.014953630223272393,0,1,1068
1069,0,0.05,5406194,144212.0,1.5,5407454,142542.0,0.0,-85.0,-0.011788200704518347,0,1,1069
1070,0,0.09,5410330,141680.0,2.6999999999999997,5411590,142435.0,0.0,65.25000000000072,0.005117165443252457,0,1,1070
1071,0,0.07,5413084,141583.0,2.1,5414344,141665.0,0.0,3.6399999999997816,0.0003672757322559691,0,1,1071
1072,0,0.04,5419978,143833.0,1.2,5421238,144090.0,0.0,9.080000000000656,0.0015782191847490937,0,1,1072
1073,0,0.03,5431011,150148.0,0.8999999999999999,5432271,151370.0,0.0,35.759999999999856,0.007938833684098324,0,1,1073
1074,0,0.1,5440663,149748.0,3.0,5441922,152845.0,0.0,306.6999999999989,0.020481074872452314,0,1,1074
1075,0,0.06,5447560,152746.0,1.7999999999999998,5448818,152410.0,0.0,-21.959999999999855,-0.0023961347596663583,0,1,1075
1076,0,0.07,5451465,154524.0,2.1,5452725,155491.0,0.0,65.59000000000052,0.006063782972224427,0,1,1076
1077,0,0.05,5454225,151802.0,1.5,5455485,150536.0,0.0,-64.80000000000018,-0.00853743692441472,0,1,1077
1078,0,0.07,5458365,148739.0,2.1,5459625,149571.0,0.0,56.13999999999978,0.005391995374447837,0,1,1078
1079,0,0.05,5461123,149681.0,1.5,5462382,148693.0,0.0,-50.899999999999636,-0.006801130403992442,0,1,1079
1080,0,0.07,5472162,153119.0,2.1,5473422,150437.0,0.0,-189.8400000000016,-0.017711714418197758,0,1,1080
1081,0,0.08,5474921,150547.0,2.4,5476181,149625.0,0.0,-76.16000000000022,-0.006323606581333423,0,1,1081
1082,0,0.06,5479058,147849.0,1.7999999999999998,5480318,149883.0,0.0,120.23999999999906,0.013554369660937742,0,1,1082
1083,0,0.06,5481817,150692.0,1.7999999999999998,5483077,150557.0,0.0,-9.900000000000365,-0.0010949486369548885,0,1,1083
1084,0,0.08,5485956,150719.0,2.4,5487216,150706.0,0.0,-3.440000000000873,-0.0002852991328234059,0,1,1084
1085,0,0.07,5488716,149309.0,2.1,5489973,148575.0,0.0,-53.4799999999992,-0.00511690521000066,0,1,1085
1086,0,0.1,5492847,148100.0,3.0,5494106,148948.0,0.0,81.80000000000109,0.005523295070898116,0,1,1086
1087,0,0.09,5495599,149255.0,2.6999999999999997,5496859,149058.0,0.0,-20.429999999999563,-0.0015208870724598518,0,1,1087
1088,0,0.11,5502483,150292.0,3.3,5503743,150551.0,0.0,25.1900000000016,0.0015237005296357396,0,1,1088
1089,0,0.09,5506617,148717.0,2.6999999999999997,5507877,149630.0,0.0,79.47000000000007,0.005937451669950314,0,1,1089
1090,0,0.1,5509374,151212.0,3.0,5510632,151305.0,0.0,6.299999999999272,0.00041663360050784806,0,1,1090
1091,0,0.07,5513508,148438.0,2.1,5514768,149112.0,0.0,45.07999999999847,0.004338511701855172,0,1,1091
1092,0,0.06,5516268,146861.0,1.7999999999999998,5517527,145842.0,0.0,-62.939999999999415,-0.007142808506002208,0,1,1092
1093,0,0.08,5520397,145829.0,2.4,5521655,146440.0,0.0,46.48000000000102,0.003984118385232106,0,1,1093
1094,0,0.11,5527284,147447.0,3.3,5528544,147280.0,0.0,-21.6700000000008,-0.0013360733009149543,0,1,1094
1095,0,0.11,5534169,146045.0,3.3,5535427,145455.0,0.0,-68.20000000000145,-0.004245266869800494,0,1,1095
1096,0,0.1,5540645,147657.0,3.0,5541904,147491.0,0.0,-19.600000000000364,-0.0013274006650548476,0,1,1096
1097,0,0.14,5547526,146382.0,4.2,5548784,147511.0,0.0,153.85999999999768,0.0075077536855623185,0,1,1097
1098,0,0.06,5550282,146512.0,1.7999999999999998,5551542,147645.0,0.0,66.17999999999957,0.007528393578682926,0,1,1098
1099,0,0.17,5557161,147838.0,5.1000000000000005,5558414,147753.0,0.0,-19.55000000000073,-0.0007778784886159464,0,1,1099
1100,0,0.12,5562461,151116.0,3.5999999999999996,5563721,151074.0,0.0,-8.639999999997235,-0.0004764551735089399,0,1,1100
1101,0,0.12,5567970,152873.0,3.5999999999999996,5569230,154898.0,0.0,239.4,0.013050048079124504,0,1,1101
1102,0,0.05,5572110,159493.0,1.5,5573370,155976.0,0.0,-177.35000000000036,-0.022239220530054653,0,1,1102
1103,0,0.1,5579007,154947.0,3.0,5580266,155606.0,0.0,62.899999999999636,0.004059452587013601,0,1,1103
1104,0,0.08,5585661,155655.0,2.4,5586921,155880.0,0.0,15.6,0.0012527705502553726,0,1,1104
1105,0,0.09,5588420,156087.0,2.6999999999999997,5589680,157150.0,0.0,92.97000000000007,0.006618104006099168,0,1,1105
1106,0,0.09,5592558,156837.0,2.6999999999999997,5593818,157690.0,0.0,74.07000000000043,0.005247486243679774,0,1,1106
1107,0,0.07,5595318,157511.0,2.1,5596578,158673.0,0.0,79.24000000000015,0.0071867996520878046,0,1,1107
1108,0,0.08,5599455,155403.0,2.4,5600715,155690.0,0.0,20.560000000000947,0.0016537647278367332,0,1,1108
1109,0,0.11,5606352,156699.0,3.3,5607612,156705.0,0.0,-2.6400000000001453,-0.00015315987976950282,0,1,1109
1110,0,0.09,5613007,160082.0,2.6999999999999997,5614267,161285.0,0.0,105.57000000000043,0.007327494658987299,0,1,1110
1111,0,0.08,5615767,162209.0,2.4,5617027,164338.0,0.0,167.9199999999997,0.01294009580232907,0,1,1111
1112,0,0.03,5619907,163976.0,0.8999999999999999,5621167,163601.0,0.0,-12.15,-0.0024698736400448847,0,1,1112
1113,0,0.03,5626807,164580.0,0.8999999999999999,5628067,163825.0,0.0,-23.549999999999635,-0.0047697168550248385,0,1,1113
1114,0,0.06,5629567,167452.0,1.7999999999999998,5630827,167384.0,0.0,-5.879999999999927,-0.0005852423381028522,0,1,1114
1115,0,0.01,5636458,157689.0,0.3,5637718,152365.0,0.0,-53.540000000000006,-0.033952907304884934,0,1,1115
1116,0,0.01,5647484,162999.0,0.3,5648732,160898.0,0.0,-21.30999999999999,-0.01307369983864931,0,1,1116
1117,0,0.02,5650232,162838.0,0.6,5651492,161920.0,0.0,-18.96000000000013,-0.005821736941008894,0,1,1117
1118,0,0.03,5654371,157555.99999999997,0.8999999999999999,5655631,158875.0,0.0,38.67000000000062,0.008181218106578111,0,1,1118
1119,0,0.04,5657131,161012.0,1.2,5658391,162180.0,0.0,45.51999999999934,0.007067796189103815,0,1,1119
1120,0,0.03,5661270,164731.0,0.8999999999999999,5662529,164572.0,0.0,-5.669999999999527,-0.0011473250329323823,0,1,1120
1121,0,0.03,5666788,172501.0,0.8999999999999999,5668048,172160.0,0.0,-11.129999999999564,-0.0021507121697844386,0,1,1121
1122,0,0.03,5669548,170864.0,0.8999999999999999,5670808,168370.0,0.0,-75.72000000000062,-0.014771982395355493,0,1,1122
1123,0,0.02,5673688,168551.0,0.6,5674948,171785.0,0.0,64.0800000000003,0.01900908330416322,0,1,1123
1124,0,0.04,5676448,172902.0,1.2,5677707,172845.0,0.0,-3.4799999999997455,-0.000503175209077938,0,1,1124
1125,0,0.04,5680587,170459.0,1.2,5681847,171502.0,0.0,40.51999999999934,0.0059427780287340855,0,1,1125
1126,0,0.03,5683347,168899.00000000003,0.8999999999999999,5684607,169879.0,0.0,28.499999999999638,0.005624663260291582,0,1,1126
1127,0,0.06,5687487,170512.0,1.7999999999999998,5688747,168918.0,0.0,-97.43999999999942,-0.009524256357323768,0,1,1127
1128,0,0.05,5690247,171431.0,1.5,5691507,170672.0,0.0,-39.45000000000073,-0.004602434798840434,0,1,1128
1129,0,0.05,5697146,173000.0,1.5,5698406,174392.0,0.0,68.10000000000036,0.007872832369942238,0,1,1129
1130,0,0.06,5704045,172722.0,1.7999999999999998,5705305,173512.0,0.0,45.59999999999964,0.00440013431988973,0,1,1130
1131,0,0.06,5707945,171095.0,1.7999999999999998,5709205,171341.0,0.0,12.960000000000218,0.0012624565299979758,0,1,1131
1132,0,0.06,5710705,171918.0,1.7999999999999998,5711965,173135.0,0.0,71.22000000000044,0.006904454449214203,0,1,1132
1133,0,0.06,5714845,173060.0,1.7999999999999998,5716105,169745.0,0.0,-200.70000000000147,-0.019328556569975872,0,1,1133
1134,0,0.04,5717605,171395.0,1.2,5718865,168138.0,0.0,-131.47999999999973,-0.01917792234312549,0,1,1134
1135,0,0.06,5721745,171433.0,1.7999999999999998,5723004,173841.0,0.0,142.67999999999955,0.013871308324534906,0,1,1135
1136,0,0.04,5724504,172893.0,1.2,5725764,173115.0,0.0,7.680000000000109,0.0011105134389478041,0,1,1136
1137,0,0.06,5731404,172324.00000000003,1.7999999999999998,5732664,174420.0,0.0,123.9599999999984,0.01198904389405987,0,1,1137
1138,0,0.07,5742442,178127.0,2.1,5743702,177237.0,0.0,-64.39999999999927,-0.005164854289355288,0,1,1138
1139,0,0.07,5745202,177571.0,2.1,5750362,180924.0,0.0,232.61000000000095,0.01871364130404184,0,1,1139
1140,0,0.06,5751862,180316.0,1.7999999999999998,5753121,179917.0,0.0,-25.73999999999869,-0.00237915659176101,0,1,1140
1141,0,0.07,5755997,180816.0,2.1,5757257,181214.0,0.0,25.76000000000058,0.0020352181222901087,0,1,1141
1142,0,0.09,5758755,179730.0,2.6999999999999997,5760014,181006.0,0.0,112.14000000000014,0.006932621153953161,0,1,1142
1143,0,0.07,5762894,184235.0,2.1,5764154,186848.0,0.0,180.80999999999986,0.014020137324612575,0,1,1143
1144,0,0.04,5765654,188812.0,1.2,5766914,190238.0,0.0,55.83999999999996,0.007393597864542502,0,1,1144
1145,0,0.03,5769794,195004.0,0.8999999999999999,5771054,196924.0,0.0,56.699999999999456,0.009692108879817756,0,1,1145
1146,0,0.04,5776694,202093.0,1.2,5777954,203636.0,0.0,60.52000000000025,0.007486652184885208,0,1,1146
1147,0,0.03,5779454,207015.0,0.8999999999999999,5780714,203079.0,0.0,-118.97999999999993,-0.019158032026664724,0,1,1147
1148,0,0.01,5783594,192682.0,0.3,5784854,190790.0,0.0,-19.219999999999846,-0.009974984689799694,0,1,1148
1149,0,0.03,5790494,200596.0,0.8999999999999999,5791754,194011.0,0.0,-198.4500000000002,-0.03297672934654732,0,1,1149
1150,0,0.04,5804294,197127.0,1.2,5805554,194361.0,0.0,-111.83999999999942,-0.014183749562464733,0,1,1150
1151,0,0.04,5807054,193099.0,1.2,5808314,193478.0,0.0,13.959999999999855,0.0018073630624705274,0,1,1151
1152,0,0.03,5810954,193064.0,0.8999999999999999,5812214,194828.0,0.0,52.020000000000074,0.008981477644718863,0,1,1152
1153,0,0.04,5813714,194526.0,1.2,5814974,194224.0,0.0,-13.279999999999927,-0.0017067127273474917,0,1,1153
1154,0,0.06,5817850,195463.0,1.7999999999999998,5819110,195822.0,0.0,19.740000000000872,0.001683183006502584,0,1,1154
1155,0,0.04,5838549,187578.0,1.2,5839809,188703.0,0.0,43.8,0.005837571570226786,0,1,1155
1156,0,0.05,5845449,189199.0,1.5,5846709,189908.0,0.0,33.94999999999891,0.0035888138943650765,0,1,1156
1157,0,0.06,5848209,190733.0,1.7999999999999998,5849469,189938.0,0.0,-49.500000000000725,-0.004325418254837978,0,1,1157
1158,0,0.07,5855109,190650.0,2.1,5856369,190366.0,0.0,-21.98000000000102,-0.0016469971151325178,0,1,1158
1159,0,0.05,5862009,186649.0,1.5,5863269,187759.0,0.0,54.0,0.00578626191407401,0,1,1159
1160,0,0.05,5866149,191429.0,1.5,5867409,190467.0,0.0,-49.600000000000364,-0.00518207795057179,0,1,1160
1161,0,0.06,5882706,186304.0,1.7999999999999998,5883966,187282.0,0.0,56.880000000000294,0.005088457574716618,0,1,1161
1162,0,0.06,5896069,183972.0,1.7999999999999998,5897329,183652.0,0.0,-21.00000000000073,-0.0019024634183463362,0,1,1162
1163,0,0.05,5909866,188355.0,1.5,5911126,188096.0,0.0,-14.449999999998909,-0.0015343367577180227,0,1,1163
1164,0,0.04,5931748,185871.0,1.2,5933008,184865.0,0.0,-41.439999999999785,-0.005573758144089151,0,1,1164
1165,0,0.05,5934507,184681.0,1.5,5935767,182556.0,0.0,-107.75,-0.01166876939154542,0,1,1165
1166,0,0.04,5948067,184380.0,1.2,5949327,184166.0,0.0,-9.75999999999949,-0.001323353942943851,0,1,1166
1167,0,0.05,5954967,179580.0,1.5,5956227,181107.0,0.0,74.85000000000036,0.00833611760775146,0,1,1167
1168,0,0.06,5959107,183604.0,1.7999999999999998,5960367,184242.0,0.0,36.48000000000066,0.003311474695540462,0,1,1168
1169,0,0.03,5965767,178829.0,0.8999999999999999,5967027,177452.0,0.0,-42.2100000000004,-0.007867851411124668,0,1,1169
1170,0,0.06,5972667,180570.0,1.7999999999999998,5973927,180257.0,0.0,-20.579999999998837,-0.0018995403444646434,0,1,1170
1171,0,0.03,5975426,176979.0,0.8999999999999999,5976686,172680.0,0.0,-129.87000000000026,-0.024460529215330682,0,1,1171
1172,0,0.04,5979566,173643.0,1.2,5980826,171418.0,0.0,-90.2,-0.012986414655356104,0,1,1172
1173,0,0.04,5982326,169411.0,1.2,5983586,169793.0,0.0,14.079999999999746,0.0020777871566781,0,1,1173
1174,0,0.06,5989226,172260.0,1.7999999999999998,5990486,172343.0,0.0,3.1799999999995636,0.0003076744456054379,0,1,1174
1175,0,0.07,5993366,173175.0,2.1,5994626,174506.0,0.0,91.07000000000008,0.007512631730908046,0,1,1175
1176,0,0.06,5996126,173485.0,1.7999999999999998,5997386,174250.0,0.0,44.09999999999964,0.004236677522552347,0,1,1176
1177,0,0.08,6000266,172675.0,2.4,6001526,173295.0,0.0,47.200000000000365,0.0034168235123787725,0,1,1177
1178,0,0.07,6007163,168330.0,2.1,6008423,170782.0,0.0,169.54000000000124,0.01438840373076705,0,1,1178
1179,0,0.06,6019581,174502.0,1.7999999999999998,6020841,173687.0,0.0,-50.69999999999963,-0.004842351377061546,0,1,1179
1180,0,0.07,6022341,176358.0,2.1,6023601,177584.0,0.0,83.71999999999971,0.006781660032434003,0,1,1180
1181,0,0.07,6029239,178371.0,2.1,6030499,177629.0,0.0,-54.04000000000051,-0.004328057812088329,0,1,1181
1182,0,0.06,6036138,177185.0,1.7999999999999998,6037398,176836.0,0.0,-22.74000000000051,-0.002139007252306959,0,1,1182
1183,0,0.05,6040278,177862.99999999997,1.5,6041538,178592.0,0.0,34.95000000000073,0.003929991060535438,0,1,1183
1184,0,0.07,6043038,181396.0,2.1,6044298,183205.0,0.0,124.5299999999992,0.009807272486714086,0,1,1184
1185,0,0.06,6047178,183710.0,1.7999999999999998,6048437,181982.0,0.0,-105.48000000000029,-0.009569430080017444,0,1,1185
1186,0,0.07,6063735,189616.0,2.1,6064995,190380.0,0.0,51.37999999999956,0.0038709813517846265,0,1,1186
1187,0,0.06,6067635,189915.0,1.7999999999999998,6068895,190888.0,0.0,56.5799999999992,0.0049653792486111506,0,1,1187
1188,0,0.06,6070395,187159.0,1.7999999999999998,6071655,189185.0,0.0,119.76000000000131,0.01066472892032989,0,1,1188
1189,0,0.06,6074534,189264.0,1.7999999999999998,6075794,188976.0,0.0,-19.080000000000656,-0.0016801927466396722,0,1,1189
1190,0,0.06,6077294,189845.0,1.7999999999999998,6078553,187642.0,0.0,-133.97999999999848,-0.011762227079986172,0,1,1190
1191,0,0.04,6084193,177584.0,1.2,6085453,176177.0,0.0,-57.48000000000066,-0.008091945220290208,0,1,1191
1192,0,0.05,6095233,176147.0,1.5,6096493,176969.0,0.0,39.600000000000364,0.004496244613873681,0,1,1192
1193,0,0.08,6097993,177620.0,2.4,6099253,178774.0,0.0,89.9199999999997,0.006328116203130257,0,1,1193
1194,0,0.07,6101893,179531.0,2.1,6103153,180338.0,0.0,54.38999999999978,0.004327943363541654,0,1,1194
1195,0,0.06,6104653,180296.0,1.7999999999999998,6105913,180801.0,0.0,28.49999999999927,0.0026345565070771833,0,1,1195
1196,0,0.06,6108793,180750.0,1.7999999999999998,6110053,182737.0,0.0,117.41999999999935,0.010827109266943231,0,1,1196
1197,0,0.07,6115693,180939.0,2.1,6116953,180352.0,0.0,-43.19000000000015,-0.0034099890018183037,0,1,1197
1198,0,0.09,6118453,180741.0,2.6999999999999997,6119713,180122.0,0.0,-58.40999999999913,-0.00359077353782479,0,1,1198
1199,0,0.09,6132251,180401.0,2.6999999999999997,6133510,175999.0,0.0,-398.8800000000003,-0.02456749131102379,0,1,1199
1200,0,0.09,6143285,178625.0,2.6999999999999997,6144545,178635.0,0.0,-1.8000000000003635,-0.00011196641007699952,0,1,1200
1201,0,0.07,6146045,178081.0,2.1,6147305,178237.0,0.0,8.820000000000073,0.0007075431966352448,0,1,1201
1202,0,0.08,6152942,179276.0,2.4,6154202,181893.0,0.0,206.96000000000058,0.014430263950556724,0,1,1202
1203,0,0.1,6159841,180897.99999999997,3.0,6161101,182844.0,0.0,191.60000000000218,0.010591604108392695,0,1,1203
1204,0,0.07,6163741,179516.0,2.1,6165001,178863.0,0.0,-47.80999999999913,-0.0038046747922190084,0,1,1204
1205,0,0.06,6170641,180392.0,1.7999999999999998,6171901,179422.0,0.0,-60.000000000000725,-0.0055434830812897025,0,1,1205
1206,0,0.05,6173401,175372.0,1.5,6174661,175145.0,0.0,-12.850000000000364,-0.001465456287206665,0,1,1206
1207,0,0.05,6180301,174461.0,1.5,6181561,174667.0,0.0,8.799999999999272,0.0010088214557980606,0,1,1207
1208,0,0.06,6184441,173443.0,1.7999999999999998,6185701,172574.0,0.0,-53.939999999999415,-0.005183259053406539,0,1,1208
1209,0,0.05,6187201,175529.0,1.5,6188461,175988.0,0.0,21.44999999999891,0.0024440405858859684,0,1,1209
1210,0,0.08,6205136,176894.0,2.4,6206396,178522.0,0.0,127.83999999999978,0.009033658575191906,0,1,1210
1211,0,0.07,6212035,179200.0,2.1,6213295,179810.0,0.0,40.59999999999891,0.0032366071428570555,0,1,1211
1212,0,0.08,6225835,182981.0,2.4,6227095,185250.0,0.0,179.12000000000043,0.012236243107207882,0,1,1212
1213,0,0.06,6232735,185021.0,1.7999999999999998,6233995,186672.0,0.0,97.2599999999995,0.008761167651239543,0,1,1213
1214,0,0.08,6235495,185946.0,2.4,6236755,184694.0,0.0,-102.55999999999986,-0.006894474739978264,0,1,1214
1215,0,0.04,6246080,177313.0,1.2,6247340,177839.0,0.0,19.839999999999964,0.0027973132257646032,0,1,1215
1216,0,0.08,6255740,177622.0,2.4,6257000,178266.0,0.0,49.12000000000044,0.00345677900260106,0,1,1216
1217,0,0.08,6259877,177237.0,2.4,6261137,177786.0,0.0,41.520000000000074,0.0029282824692361126,0,1,1217
1218,0,0.1,6272294,180642.0,3.0,6273554,180428.0,0.0,-24.400000000001455,-0.0013507379236280296,0,1,1218
1219,0,0.1,6275054,181562.0,3.0,6276314,182931.0,0.0,133.90000000000146,0.007374891221731499,0,1,1219
1220,0,0.08,6279194,181382.0,2.4,6280454,180981.0,0.0,-34.479999999999926,-0.0023762005050115176,0,1,1220
1221,0,0.06,6281954,179126.0,1.7999999999999998,6283214,179572.0,0.0,24.960000000000218,0.002322387593090917,0,1,1221
1222,0,0.09,6286094,182058.99999999997,2.6999999999999997,6287354,182739.0,0.0,58.500000000000725,0.003570271175827661,0,1,1222
1223,0,0.09,6288854,182073.0,2.6999999999999997,6290114,181630.0,0.0,-42.5700000000008,-0.0025978591004707395,0,1,1223
1224,0,0.06,6292753,181417.0,1.7999999999999998,6294013,184245.0,0.0,167.87999999999846,0.015423030917719807,0,1,1224
1225,0,0.09,6295513,183884.99999999997,2.6999999999999997,6296773,183186.0,0.0,-65.60999999999986,-0.003964434293172355,0,1,1225
1226,0,0.07,6299653,184936.0,2.1,6300913,181761.0,0.0,-224.35,-0.01733031967815893,0,1,1226
1227,0,0.05,6302413,179716.0,1.5,6303673,178871.0,0.0,-43.75,-0.004868792984486634,0,1,1227
1228,0,0.09,6306553,180058.0,2.6999999999999997,6307813,180762.0,0.0,60.66000000000058,0.0037432382898844063,0,1,1228
1229,0,0.07,6309313,180561.0,2.1,6310573,180799.0,0.0,14.560000000001674,0.0011519652638167927,0,1,1229
1230,0,0.06,6316213,182671.0,1.7999999999999998,6317473,186113.0,0.0,204.7199999999986,0.01867838901631883,0,1,1230
1231,0,0.06,6320353,185285.0,1.7999999999999998,6321613,187225.0,0.0,114.59999999999964,0.010308443748819354,0,1,1231
1232,0,0.06,6323112,189990.0,1.7999999999999998,6324372,189682.0,0.0,-20.279999999999564,-0.00177904100215797,0,1,1232
1233,0,0.01,6329861,190640.0,0.3,6331121,189070.0,0.0,-16.000000000000046,-0.008392782207301745,0,1,1233
1234,0,0.03,6334001,194219.0,0.8999999999999999,6335261,192505.0,0.0,-52.32000000000007,-0.00897955400861915,0,1,1234
1235,0,0.01,6340901,204373.0,0.3,6342161,199098.0,0.0,-53.05,-0.025957440562109475,0,1,1235
1236,0,0.03,6347801,191598.0,0.8999999999999999,6349061,192774.0,0.0,34.37999999999975,0.005981273290952889,0,1,1236
1237,0,0.06,6354701,192041.0,1.7999999999999998,6355961,194665.0,0.0,155.6400000000005,0.013507532245718407,0,1,1237
1238,0,0.04,6357461,195818.0,1.2,6358721,195435.0,0.0,-16.51999999999971,-0.0021091013083577234,0,1,1238
1239,0,0.04,6361600,191958.0,1.2,6362860,193420.0,0.0,57.28000000000047,0.0074599652007210525,0,1,1239
1240,0,0.06,6364360,193529.0,1.7999999999999998,6365620,192252.0,0.0,-78.4200000000008,-0.006753509809899361,0,1,1240
1241,0,0.04,6375399,196674.0,1.2,6376659,197805.0,0.0,44.03999999999978,0.005598096342170264,0,1,1241
1242,0,0.05,6380917,194972.99999999997,1.5,6382177,195766.0,0.0,38.150000000001455,0.0039133623629939995,0,1,1242
1243,0,0.05,6383677,195117.99999999997,1.5,6384937,193268.0,0.0,-94.0,-0.009635195112701032,0,1,1243
1244,0,0.06,6390577,189281.0,1.7999999999999998,6391837,189645.0,0.0,20.040000000000145,0.0017645722497239683,0,1,1244
1245,0,0.05,6394717,186870.0,1.5,6395977,188378.0,0.0,73.89999999999964,0.007909241718841937,0,1,1245
1246,0,0.04,6397477,187784.0,1.2,6398737,188091.0,0.0,11.079999999999746,0.0014750990499722747,0,1,1246
1247,0,0.04,6401617,183840.0,1.2,6402877,185296.0,0.0,57.03999999999978,0.007756744995648359,0,1,1247
1248,0,0.04,6404377,181907.0,1.2,6405637,180959.0,0.0,-39.119999999999166,-0.0053763736414760245,0,1,1248
1249,0,0.06,6411277,184178.0,1.7999999999999998,6412537,184453.0,0.0,14.7,0.0013302348814733572,0,1,1249
1250,0,0.06,6422164,183769.0,1.7999999999999998,6423424,184714.0,0.0,54.90000000000073,0.004979076993399389,0,1,1250
1251,0,0.08,6429064,185253.0,2.4,6430324,185233.0,0.0,-4.000000000000364,-0.00026990116219442897,0,1,1251
1252,0,0.08,6431824,184647.0,2.4,6433084,187192.0,0.0,201.20000000000036,0.013620584141632436,0,1,1252
1253,0,0.04,6438724,185060.0,1.2,6439984,183685.0,0.0,-56.2,-0.007592132281422241,0,1,1253
1254,0,0.06,6445473,182414.0,1.7999999999999998,6446733,182409.0,0.0,-2.100000000001091,-0.00019187123795332697,0,1,1254
1255,0,0.09,6449613,181956.0,2.6999999999999997,6450873,181829.0,0.0,-14.13000000000029,-0.0008628459627602455,0,1,1255
1256,0,0.04,6452373,180614.0,1.2,6453633,180529.0,0.0,-4.600000000000546,-0.0006367169765356707,0,1,1256
1257,0,0.05,6456362,176796.0,1.5,6457622,173955.0,0.0,-143.5500000000011,-0.016239055182244062,0,1,1257
1258,0,0.04,6472920,171719.0,1.2,6474180,172396.0,0.0,25.879999999999928,0.0037677834136001153,0,1,1258
1259,0,0.06,6479820,175520.0,1.7999999999999998,6481080,176129.0,0.0,34.740000000000876,0.003298769371011934,0,1,1259
1260,0,0.05,6483959,175949.0,1.5,6485219,176509.0,0.0,26.5,0.003012236500349533,0,1,1260
1261,0,0.07,6486719,179085.0,2.1,6487979,177346.0,0.0,-123.82999999999956,-0.009877990898176807,0,1,1261
1262,0,0.08,6490857,179357.0,2.4,6492117,179013.0,0.0,-29.919999999998616,-0.0020852266708295897,0,1,1262
1263,0,0.07,6504656,174684.0,2.1,6505916,175195.0,0.0,33.670000000000435,0.0027535435414806518,0,1,1263
1264,0,0.06,6514314,169545.0,1.7999999999999998,6515574,170955.0,0.0,82.80000000000037,0.008139432009201133,0,1,1264
1265,0,0.08,6518303,170029.0,2.4,6519563,171716.0,0.0,132.56000000000094,0.009745396373559874,0,1,1265
1266,0,0.07,6521063,170913.0,2.1,6522323,171554.0,0.0,42.76999999999898,0.00357491823325309,0,1,1266
1267,0,0.05,6525203,170185.0,1.5,6526463,169547.0,0.0,-33.399999999999636,-0.003925140288509521,0,1,1267
1268,0,0.05,6527963,166251.0,1.5,6529223,167310.0,0.0,51.44999999999891,0.0061894364545174345,0,1,1268
1269,0,0.06,6534863,167114.0,1.7999999999999998,6536123,164293.0,0.0,-171.06000000000023,-0.01706021039529904,0,1,1269
1270,0,0.05,6545903,172504.0,1.5,6547163,171622.0,0.0,-45.600000000000364,-0.005286833928488656,0,1,1270
1271,0,0.06,6552799,166604.0,1.7999999999999998,6554059,167503.0,0.0,52.14000000000051,0.005215961201411782,0,1,1271
1272,0,0.06,6562449,162655.0,1.7999999999999998,6563709,165494.0,0.0,168.54000000000013,0.017269681227137207,0,1,1272
1273,0,0.06,6566589,165223.0,1.7999999999999998,6567849,166450.0,0.0,71.8200000000008,0.007244754059664898,0,1,1273
1274,0,0.07,6569347,166213.0,2.1,6570607,164494.0,0.0,-122.42999999999992,-0.010522642633247693,0,1,1274
1275,0,0.07,6573483,164662.0,2.1,6574743,163669.0,0.0,-71.61000000000021,-0.006212726676464533,0,1,1275
1276,0,0.05,6580378,171135.0,1.5,6581638,170447.0,0.0,-35.899999999999636,-0.0041955181581791725,0,1,1276
1277,0,0.04,6583138,175195.0,1.2,6584398,176766.0,0.0,61.64000000000014,0.008795913125374602,0,1,1277
1278,0,0.05,6587276,178059.0,1.5,6588536,177401.0,0.0,-34.399999999999636,-0.003863887812466613,0,1,1278
1279,0,0.04,6614514,180960.0,1.2,6615774,180649.0,0.0,-13.640000000000509,-0.0018843943412909631,0,1,1279
1280,0,0.06,6621414,181713.0,1.7999999999999998,6622674,181421.0,0.0,-19.31999999999862,-0.001772025116529786,0,1,1280
1281,0,0.06,6624174,179343.0,1.7999999999999998,6625434,179770.0,0.0,23.81999999999898,0.0022136353244898493,0,1,1281
1282,0,0.05,6626929,181232.0,1.5,6628189,180425.0,0.0,-41.850000000000364,-0.004618389688355297,0,1,1282
1283,0,0.08,6629688,181490.0,2.4,6630948,182347.0,0.0,66.15999999999948,0.004556724888423569,0,1,1283
1284,0,0.05,6632445,183635.0,1.5,6633705,185520.0,0.0,92.75,0.0101015601601002,0,1,1284
1285,0,0.06,6635205,183271.0,1.7999999999999998,6636465,186680.0,0.0,202.73999999999904,0.01843717773133766,0,1,1285
1286,0,0.05,6655661,193064.0,1.5,6656921,192655.0,0.0,-21.950000000000728,-0.0022738573737207065,0,1,1286
1287,0,0.06,6659801,192720.0,1.7999999999999998,6661061,195340.0,0.0,155.40000000000072,0.013439186384391927,0,1,1287
1288,0,0.04,6662561,191504.0,1.2,6663821,186461.0,0.0,-202.91999999999933,-0.026490308296432365,0,1,1288
1289,0,0.04,6666700,187286.0,1.2,6667960,187527.0,0.0,8.439999999999419,0.0011266191813589133,0,1,1289
1290,0,0.05,6669460,186231.0,1.5,6670720,186412.0,0.0,7.549999999999272,0.0008108209696558867,0,1,1290
1291,0,0.08,6687244,182537.0,2.4,6688504,183721.0,0.0,92.31999999999934,0.0063220059494786904,0,1,1291
1292,0,0.07,6694141,181386.0,2.1,6695401,181329.0,0.0,-6.089999999999781,-0.0004796401045284469,0,1,1292
1293,0,0.07,6696899,183143.0,2.1,6698159,186980.0,0.0,266.4899999999983,0.020787035267523058,0,1,1293
1294,0,0.04,6710697,199173.0,1.2,6711957,197590.0,0.0,-64.51999999999971,-0.008098487244757034,0,1,1294
1295,0,0.05,6721737,202041.0,1.5,6722997,202097.0,0.0,1.2999999999992724,0.00012868675169884055,0,1,1295
1296,0,0.05,6730008,203988.00000000003,1.5,6731268,200512.0,0.0,-175.3000000000011,-0.01718728552659971,0,1,1296
1297,0,0.04,6741045,199741.0,1.2,6742305,198794.0,0.0,-39.08000000000011,-0.004891334277889881,0,1,1297
1298,0,0.05,6743805,198660.0,1.5,6745065,198908.0,0.0,10.900000000001455,0.0010973522601431043,0,1,1298
1299,0,0.05,6747945,201547.0,1.5,6749205,203505.0,0.0,96.39999999999964,0.009566006936347318,0,1,1299
1300,0,0.06,6761745,198983.0,1.7999999999999998,6763005,198289.0,0.0,-43.439999999999415,-0.00363850178155918,0,1,1300
1301,0,0.07,6764505,195837.0,2.1,6765765,197606.0,0.0,121.72999999999993,0.008879833739283173,0,1,1301
1302,0,0.06,6768641,197673.0,1.7999999999999998,6769901,195888.0,0.0,-108.90000000000036,-0.009181830599019624,0,1,1302
1303,0,0.06,6771401,194204.0,1.7999999999999998,6772661,194730.0,0.0,29.75999999999949,0.002554015365285944,0,1,1303
1304,0,0.07,6775389,195839.0,2.1,6776648,196299.0,0.0,30.100000000000726,0.002195681146247736,0,1,1304
1305,0,0.07,6785046,196589.0,2.1,6786306,196007.0,0.0,-42.83999999999978,-0.0031130938150150662,0,1,1305
1306,0,0.05,6789186,194390.0,1.5,6790446,194480.0,0.0,3.0,0.0003086578527702042,0,1,1306
1307,0,0.06,6791946,195831.0,1.7999999999999998,6793206,195527.0,0.0,-20.039999999999782,-0.0017055522363670533,0,1,1307
1308,0,0.07,6795930,193638.0,2.1,6797190,193347.0,0.0,-22.470000000000802,-0.0016577324698665108,0,1,1308
1309,0,0.07,6798689,191351.0,2.1,6799948,191901.0,0.0,36.4,0.0027175191140887682,0,1,1309
1310,0,0.07,6802824,191474.0,2.1,6804083,190921.0,0.0,-40.81000000000095,-0.0030447998161631,0,1,1310
1311,0,0.07,6805583,190801.0,2.1,6806843,191990.0,0.0,81.12999999999957,0.006074391643649634,0,1,1311
1312,0,0.06,6812315,191076.0,1.7999999999999998,6813573,192463.0,0.0,81.41999999999935,0.00710188616048059,0,1,1312
1313,0,0.06,6823344,197861.0,1.7999999999999998,6824604,197829.0,0.0,-3.7200000000000726,-0.0003133512920686806,0,1,1313
1314,0,0.08,6826104,197045.0,2.4,6827362,196235.0,0.0,-67.19999999999928,-0.0042629856124235125,0,1,1314
1315,0,0.05,6833002,194676.0,1.5,6834262,195899.0,0.0,59.649999999999636,0.0061281308430417335,0,1,1315
1316,0,0.07,6837142,195107.0,2.1,6838402,193516.0,0.0,-113.4700000000008,-0.008308261620546731,0,1,1316
1317,0,0.08,6839902,193532.0,2.4,6841162,194122.0,0.0,44.80000000000073,0.002893578322964725,0,1,1317
1318,0,0.09,6844040,192485.99999999997,2.6999999999999997,6845297,191541.0,0.0,-87.74999999999928,-0.005065303450640525,0,1,1318
1319,0,0.07,6846794,191244.0,2.1,6848051,191345.0,0.0,4.969999999999709,0.0003712534772332509,0,1,1319
1320,0,0.08,6850929,190127.0,2.4,6852188,189216.0,0.0,-75.2799999999992,-0.004949323347025883,0,1,1320
1321,0,0.09,6853688,188971.0,2.6999999999999997,6854947,188916.0,0.0,-7.650000000000727,-0.00044980446735217616,0,1,1321
1322,0,0.09,6864684,193703.0,2.6999999999999997,6865943,194334.0,0.0,54.08999999999723,0.0031026881359605646,0,1,1322
1323,0,0.12,6867437,193990.0,3.5999999999999996,6868696,194049.0,0.0,3.4799999999981086,0.00014949224186805627,0,1,1323
1324,0,0.12,6871416,192622.0,3.5999999999999996,6872674,191663.0,0.0,-118.68000000000174,-0.005134408323036904,0,1,1324
1325,0,0.11,6874172,191955.0,3.3,6875431,191912.0,0.0,-8.029999999999564,-0.0003802974655518014,0,1,1325
1326,0,0.11,6878293,191333.0,3.3,6879551,190872.0,0.0,-54.009999999999124,-0.002566206561335431,0,1,1326
1327,0,0.09,6881048,191021.0,2.6999999999999997,6882308,192237.0,0.0,106.73999999999869,0.006208741447275354,0,1,1327
1328,0,0.14,6885185,193167.0,4.2,6886443,193296.0,0.0,13.86000000000131,0.000512509900759495,0,1,1328
1329,0,0.09,6887941,191995.0,2.6999999999999997,6889200,192534.0,0.0,45.809999999998396,0.0026511107060078762,0,1,1329
1330,0,0.11,6892075,190072.00000000003,3.3,6893335,187661.0,0.0,-268.5100000000028,-0.012842501788795957,0,1,1330
1331,0,0.07,6894835,186413.0,2.1,6896094,184804.0,0.0,-114.73000000000101,-0.008792305257680603,0,1,1331
1332,0,0.07,6898972,182243.0,2.1,6900232,182320.0,0.0,3.289999999999418,0.00025789742267188137,0,1,1332
1333,0,0.09,6908624,186955.00000000003,2.6999999999999997,6909884,192838.0,0.0,526.7699999999975,0.03130699901045691,0,1,1333
1334,0,0.07,6912762,192473.0,2.1,6914022,195035.0,0.0,177.24000000000015,0.013155091883017368,0,1,1334
1335,0,0.05,6915522,197238.00000000003,1.5,6916782,197957.0,0.0,34.44999999999891,0.003493241667427058,0,1,1335
1336,0,0.06,6919659,197035.0,1.7999999999999998,6920919,198072.0,0.0,60.41999999999935,0.005110767122592378,0,1,1336
1337,0,0.08,6933457,196880.0,2.4,6934717,194962.0,0.0,-155.8399999999987,-0.00989435188947574,0,1,1337
1338,0,0.06,6936216,195906.0,1.7999999999999998,6937476,193604.0,0.0,-139.919999999999,-0.011903668085714494,0,1,1338
1339,0,0.06,6940351,196241.0,1.7999999999999998,6941611,195932.0,0.0,-20.339999999999055,-0.0017274677564830198,0,1,1339
1340,0,0.07,6943111,198251.0,2.1,6944371,198073.0,0.0,-14.560000000000946,-0.0010491750356871516,0,1,1340
1341,0,0.07,6947251,199921.0,2.1,6948511,198966.0,0.0,-68.95000000000036,-0.004926946143726798,0,1,1341
1342,0,0.06,6953684,204437.0,1.7999999999999998,6954942,204452.0,0.0,-0.9000000000003636,-7.337223692387416e-05,0,1,1342
1343,0,0.07,6956442,204007.0,2.1,6957702,207075.0,0.0,212.66000000000022,0.014891645874896463,0,1,1343
1344,0,0.08,6974380,204082.0,2.4,6975640,202961.0,0.0,-92.07999999999848,-0.0056398898481981805,0,1,1344
1345,0,0.06,6977140,205269.99999999997,1.7999999999999998,6978400,205314.0,0.0,0.8400000000030561,6.82028547768838e-05,0,1,1345
1346,0,0.07,6982657,206664.0,2.1,6983917,206311.0,0.0,-26.80999999999913,-0.001853249719351157,0,1,1346
1347,0,0.06,6985416,205946.99999999997,1.7999999999999998,6986676,204095.0,0.0,-112.91999999999898,-0.009138273439282842,0,1,1347
1348,0,0.04,6995076,203506.0,1.2,6996336,204736.0,0.0,48.000000000000725,0.005896632040333053,0,1,1348
1349,0,0.06,6999064,202806.0,1.7999999999999998,7000324,200605.0,0.0,-133.8599999999995,-0.01100066072995864,0,1,1349
1350,0,0.07,7012864,203637.0,2.1,7014124,203476.0,0.0,-13.370000000000436,-0.0009379434974980293,0,1,1350
1351,0,0.04,7015624,205471.99999999997,1.2,7016884,203601.0,0.0,-76.03999999999924,-0.009251868867777513,0,1,1351
1352,0,0.05,7026660,199142.0,1.5,7027919,199094.0,0.0,-3.899999999999636,-0.0003916803085235295,0,1,1352
1353,0,0.09,7029419,200344.0,2.6999999999999997,7030679,201186.0,0.0,73.07999999999883,0.004053028790480309,0,1,1353
1354,0,0.12,7033396,202415.0,3.5999999999999996,7034656,202427.0,0.0,-2.1600000000013093,-8.892621594254829e-05,0,1,1354
1355,0,0.1,7036156,202466.0,3.0,7037415,203646.0,0.0,115.0,0.005679966018985903,0,1,1355
1356,0,0.08,7043052,204416.0,2.4,7044312,208338.0,0.0,311.36000000000024,0.019039605510331886,0,1,1356
1357,0,0.05,7047192,212795.0,1.5,7048451,214655.00000000003,0.0,91.50000000000182,0.008599826123734281,0,1,1357
1358,0,0.04,7054088,215865.99999999997,1.2,7055348,217253.00000000003,0.0,54.28000000000138,0.006286307246162131,0,1,1358
1359,0,0.07,7056847,216131.0,2.1,7058107,215705.00000000003,0.0,-31.91999999999789,-0.00210983153735452,0,1,1359
1360,0,0.08,7060985,215854.0,2.4,7062245,218278.00000000003,0.0,191.5200000000019,0.011090829912811547,0,1,1360
1361,0,0.03,7073401,228167.99999999997,0.8999999999999999,7074661,229748.99999999997,0.0,46.52999999999938,0.0067976228042494116,0,1,1361
1362,0,0.04,7076161,228957.0,1.2,7077421,232316.0,0.0,133.15999999999877,0.014539848093746727,0,1,1362
1363,0,0.03,7080301,235217.99999999997,0.8999999999999999,7081561,232951.00000000003,0.0,-68.9099999999984,-0.009765409109846811,0,1,1363
1364,0,0.03,7083060,237373.0,0.8999999999999999,7084320,234330.00000000003,0.0,-92.18999999999906,-0.01294587000206413,0,1,1364
1365,0,0.04,7101000,229121.99999999997,1.2,7102260,230980.00000000003,0.0,73.12000000000153,0.00797828231247998,0,1,1365
1366,0,0.04,7103760,230380.0,1.2,7105020,230126.00000000003,0.0,-11.359999999999854,-0.0012327458980814147,0,1,1366
1367,0,0.04,7110659,234632.0,1.2,7111919,236332.00000000003,0.0,66.8,0.007117528725834497,0,1,1367
1368,0,0.04,7124454,233082.0,1.2,7125714,233382.00000000003,0.0,10.8,0.0011583906093134604,0,1,1368
1369,0,0.05,7128443,235905.00000000003,1.5,7129703,233667.99999999997,0.0,-113.35000000000218,-0.009609800555308464,0,1,1369
1370,0,0.05,7131203,234398.99999999997,1.5,7132463,232753.00000000003,0.0,-83.79999999999745,-0.0071502011527350764,0,1,1370
1371,0,0.04,7135343,232761.0,1.2,7136603,235396.0,0.0,104.19999999999963,0.011191737447424572,0,1,1371
1372,0,0.05,7138103,237678.00000000003,1.5,7139363,228811.0,0.0,-444.85000000000036,-0.037432997584967924,0,1,1372
1373,0,0.06,7142243,231683.0,1.7999999999999998,7143503,232123.99999999997,0.0,24.659999999997307,0.0017739756477598923,0,1,1373
1374,0,0.05,7151751,235921.99999999997,1.5,7153011,232204.0,0.0,-187.39999999999782,-0.015886606590313563,0,1,1374
1375,0,0.06,7155891,232051.00000000003,1.7999999999999998,7157151,229866.0,0.0,-132.9000000000022,-0.009545315469444374,0,1,1375
1376,0,0.05,7169537,236423.99999999997,1.5,7170797,237167.99999999997,0.0,35.70000000000073,0.003019997969749326,0,1,1376
1377,0,0.03,7172297,241382.00000000003,0.8999999999999999,7173557,241269.99999999997,0.0,-4.260000000002401,-0.0005882791591754151,0,1,1377
1378,0,0.04,7176437,246886.0,1.2,7177697,245792.99999999997,0.0,-44.92000000000117,-0.004548658085108225,0,1,1378
1379,0,0.03,7186097,236311.0,0.8999999999999999,7187357,238634.0,0.0,68.7899999999996,0.00970331469969653,0,1,1379
1380,0,0.05,7190237,240914.0,1.5,7191497,244971.0,0.0,201.35000000000036,0.016715508438695997,0,1,1380
1381,0,0.04,7192997,244505.0,1.2,7194257,243744.99999999997,0.0,-31.600000000001454,-0.003231017770597887,0,1,1381
1382,0,0.04,7199897,242559.0,1.2,7201157,242903.00000000003,0.0,12.560000000000219,0.0012945304029123037,0,1,1382
1383,0,0.05,7204037,246545.0,1.5,7205297,244707.00000000003,0.0,-93.39999999999782,-0.00757671013405243,0,1,1383
1384,0,0.04,7210937,251459.0,1.2,7212197,251132.00000000003,0.0,-14.279999999999927,-0.0014197145459100614,0,1,1384
1385,0,0.04,7213697,248498.0,1.2,7214957,251071.0,0.0,101.72000000000007,0.010233482764448815,0,1,1385
1386,0,0.03,7224584,249296.0,0.8999999999999999,7225844,249328.00000000003,0.0,0.06000000000003647,8.022591618001154e-06,0,1,1386
1387,0,0.06,7231483,251636.0,1.7999999999999998,7232743,251280.00000000003,0.0,-23.159999999998764,-0.00153396175427991,0,1,1387
1388,0,0.04,7234243,255731.0,1.2,7235503,258251.00000000003,0.0,99.60000000000109,0.009736793740297529,0,1,1388
1389,0,0.04,7238383,257056.0,1.2,7239643,254875.0,0.0,-88.43999999999978,-0.008601238640607474,0,1,1389
1390,0,0.04,7245282,265899.0,1.2,7246542,265964.0,0.0,1.3999999999985449,0.0001316289267728108,0,1,1390
1391,0,0.03,7248042,267219.0,0.8999999999999999,7249302,265189.0,0.0,-61.799999999999635,-0.007709032666090315,0,1,1391
1392,0,0.04,7252182,266193.0,1.2,7253442,265850.0,0.0,-14.919999999999344,-0.0014012389506860947,0,1,1392
1393,0,0.03,7259081,262186.0,0.8999999999999999,7260341,260905.00000000003,0.0,-39.32999999999938,-0.005000266986032738,0,1,1393
1394,0,0.04,7261776,262811.0,1.2,7263036,265601.0,0.0,110.40000000000036,0.010501843530141466,0,1,1394
1395,0,0.05,7265914,266199.0,1.5,7267174,267461.0,0.0,61.600000000000364,0.004628116559416103,0,1,1395
1396,0,0.05,7268674,269250.0,1.5,7269934,271956.0,0.0,133.8000000000011,0.009938718662952727,0,1,1396
1397,0,0.05,7272814,274726.0,1.5,7274073,271609.0,0.0,-157.35000000000036,-0.011455049758668663,0,1,1397
1398,0,0.05,7279713,277448.0,1.5,7280973,278726.0,0.0,62.399999999999636,0.004498140192035959,0,1,1398
1399,0,0.04,7282473,274599.0,1.2,7283733,273403.0,0.0,-49.04000000000015,-0.004464692151100345,0,1,1399
1400,0,0.04,7296273,256673.99999999997,1.2,7297533,256209.0,0.0,-19.799999999998544,-0.0019285163281047696,0,1,1400
1401,0,0.05,7300413,263501.0,1.5,7301673,264886.0,0.0,67.75,0.005142295475159486,0,1,1401
1402,0,0.05,7303173,266901.0,1.5,7304433,270570.0,0.0,181.9499999999989,0.013634268886216154,0,1,1402
1403,0,0.05,7316685,263363.0,1.5,7317945,263172.0,0.0,-11.050000000001091,-0.0008391459696313522,0,1,1403
1404,0,0.05,7327711,264716.0,1.5,7328971,259253.00000000003,0.0,-274.64999999999964,-0.020750540201574488,0,1,1404
1405,0,0.07,7335789,263235.0,2.1,7337049,261526.00000000003,0.0,-121.72999999999737,-0.006606264364541046,0,1,1405
1406,0,0.04,7341308,265828.0,1.2,7342568,263811.0,0.0,-81.8800000000003,-0.007700467971771248,0,1,1406
1407,0,0.05,7355104,271436.0,1.5,7356364,270070.0,0.0,-69.80000000000109,-0.005143017138478395,0,1,1407
1408,0,0.05,7361848,275438.0,1.5,7363108,277088.0,0.0,81.0,0.005881541399516406,0,1,1408
1409,0,0.05,7368745,279595.0,1.5,7370005,280074.0,0.0,22.450000000000728,0.0016058942398827396,0,1,1409
1410,0,0.04,7389287,294126.0,1.2,7390547,293455.0,0.0,-28.040000000000145,-0.002383332313362313,0,1,1410
1411,0,0.03,7393427,291849.0,0.8999999999999999,7394687,291607.0,0.0,-8.160000000000219,-0.0009319888024286782,0,1,1411
1412,0,0.03,7396187,287582.0,0.8999999999999999,7397447,285449.0,0.0,-64.88999999999979,-0.007521333045879064,0,1,1412
1413,0,0.03,7409979,298694.0,0.8999999999999999,7411239,298384.0,0.0,-10.199999999999273,-0.001138288683401661,0,1,1413
1414,0,0.05,7414118,303424.0,1.5,7415378,304772.0,0.0,65.89999999999964,0.0043437565914363815,0,1,1414
1415,0,0.04,7423778,305485.0,1.2,7425038,308059.0,0.0,101.76000000000094,0.008327741132952595,0,1,1415
1416,0,0.01,7430676,311501.0,0.3,7431936,303632.0,0.0,-78.99000000000005,-0.025357864019698185,0,1,1416
1417,0,0.01,7447227,332714.0,0.3,7448487,329370.0,0.0,-33.7399999999996,-0.01014084168384847,0,1,1417
1418,0,0.01,7461008,338099.0,0.3,7462268,337157.0,0.0,-9.720000000000073,-0.002874897589167691,0,1,1418
1419,0,0.02,7474806,329645.0,0.6,7476066,331809.0,0.0,42.679999999999744,0.006473630723960585,0,1,1419
1420,0,0.02,7477566,329726.0,0.6,7478826,336055.0,0.0,125.97999999999993,0.019103740681656878,0,1,1420
1421,0,0.03,7481555,330320.0,0.8999999999999999,7482815,329676.0,0.0,-20.220000000001527,-0.0020404456284816267,0,1,1421
1422,0,0.02,7491215,335861.0,0.6,7492475,331214.0,0.0,-93.5400000000005,-0.013925403664015843,0,1,1422
1423,0,0.03,7502255,338876.0,0.8999999999999999,7503515,336660.0,0.0,-67.37999999999957,-0.006627793057047374,0,1,1423
1424,0,0.03,7511764,332103.0,0.8999999999999999,7513024,327049.0,0.0,-152.5200000000008,-0.0153085036871092,0,1,1424
1425,0,0.03,7518664,332861.0,0.8999999999999999,7523823,331555.0,0.0,-40.08000000000029,-0.004013687395038799,0,1,1425
1426,0,0.03,7529463,332645.0,0.8999999999999999,7530723,334685.0,0.0,60.29999999999891,0.006042477716484431,0,1,1426
1427,0,0.04,7536363,342741.0,1.2,7537623,339003.0,0.0,-150.7199999999986,-0.01099372412404692,0,1,1427
1428,0,0.04,7543263,332728.0,1.2,7544523,326922.0,0.0,-233.43999999999977,-0.017539852371907364,0,1,1428
1429,0,0.04,7550163,337930.0,1.2,7551423,337149.0,0.0,-32.439999999999785,-0.0023999053058325528,0,1,1429
1430,0,0.03,7552923,339995.0,0.8999999999999999,7554176,339815.0,0.0,-6.3000000000014555,-0.0006176561420022309,0,1,1430
1431,0,0.04,7559816,333286.0,1.2,7561076,333895.0,0.0,23.160000000000583,0.001737246689029886,0,1,1431
1432,0,0.05,7563956,331655.0,1.5,7565216,334855.0,0.0,158.5,0.009558125160181515,0,1,1432
1433,0,0.04,7566716,333872.0,1.2,7567976,337300.0,0.0,135.919999999999,0.010177553074231965,0,1,1433
1434,0,0.04,7573614,341645.0,1.2,7574874,345250.0,0.0,142.99999999999892,0.010464078209837618,0,1,1434
1435,0,0.02,7577603,352875.0,0.6,7578863,356341.0,0.0,68.71999999999971,0.009737159050655291,0,1,1435
1436,0,0.02,7584503,363520.0,0.6,7585763,364178.0,0.0,12.559999999999855,0.0017275528169013884,0,1,1436
1437,0,0.02,7598303,376504.0,0.6,7599563,372986.0,0.0,-70.95999999999967,-0.009423538660943797,0,1,1437
1438,0,0.02,7601063,374838.0,0.6,7602323,376647.0,0.0,35.58000000000029,0.004746050293726928,0,1,1438
1439,0,0.02,7605203,385978.0,0.6,7606463,386750.0,0.0,14.8399999999996,0.0019223893589789573,0,1,1439
1440,0,0.02,7607963,385672.0,0.6,7609223,388555.0,0.0,57.05999999999985,0.007397477649401544,0,1,1440
1441,0,0.01,7614863,397485.0,0.3,7616123,401105.0,0.0,35.900000000000276,0.009031787363045217,0,1,1441
1442,0,0.01,7619003,415821.0,0.3,7620263,421010.00000000006,0.0,51.59000000000033,0.01240678080231646,0,1,1442
1443,0,0.01,7621763,434631.00000000006,0.3,7623023,422572.99999999994,0.0,-120.88000000000083,-0.027812098078600196,0,1,1443
1444,0,0.01,7639703,393432.0,0.3,7640963,398426.0,0.0,49.64000000000006,0.012617173997031267,0,1,1444
1445,0,0.02,7646603,414238.0,0.6,7647863,419574.0,0.0,106.11999999999935,0.012809061457422949,0,1,1445
1446,0,0.01,7649363,418580.0,0.3,7650623,408693.0,0.0,-99.16999999999989,-0.023692006307038053,0,1,1446
1447,0,0.01,7656263,407866.0,0.3,7657523,406710.0,0.0,-11.860000000000401,-0.0029078177636773844,0,1,1447
1448,0,0.02,7660403,413352.00000000006,0.6,7661663,416380.0,0.0,59.95999999999949,0.0072528982562077215,0,1,1448
1449,0,0.02,7666997,421239.99999999994,0.6,7668257,420602.00000000006,0.0,-13.359999999998399,-0.0015857943215267305,0,1,1449
1450,0,0.01,7676625,427589.99999999994,0.3,7677885,429914.00000000006,0.0,22.94000000000069,0.005364952407680416,0,1,1450
1451,0,0.02,7680765,430777.00000000006,0.6,7682025,434127.00000000006,0.0,66.4,0.007707003855823315,0,1,1451
1452,0,0.01,7683524,433485.0,0.3,7684784,433943.99999999994,0.0,4.289999999999236,0.0009896536212323924,0,1,1452
1453,0,0.01,7687664,450310.0,0.3,7706663,463239.00000000006,0.0,128.98999999999995,0.02864471142102106,0,1,1453
1454,0,0.01,7712151,477560.0,0.3,7713411,482631.00000000006,0.0,50.41000000000004,0.01055574168690846,0,1,1454
1455,0,0.01,7739582,485885.0,0.3,7740842,498451.0,0.0,125.35999999999986,0.02580034370272798,0,1,1455
1456,0,0.01,7746481,514639.99999999994,0.3,7747741,515189.99999999994,0.0,5.2,0.001010415047411783,0,1,1456
1457,0,0.01,7749241,518438.0,0.3,7750501,526301.0,0.0,78.33000000000011,0.015108846187972353,0,1,1457
1458,0,0.01,7756138,508584.0,0.3,7757398,515299.0,0.0,66.84999999999964,0.013144338005127891,0,1,1458
1459,0,0.01,7763037,509459.0,0.3,7764297,501643.0,0.0,-78.45999999999985,-0.015400650493955323,0,1,1459
1460,0,0.01,7793394,483445.0,0.3,7794654,479564.00000000006,0.0,-39.10999999999949,-0.008089855102441744,0,1,1460
1461,0,0.01,7800294,471897.0,0.3,7801554,474002.00000000006,0.0,20.75000000000018,0.004397145987365925,0,1,1461
1462,0,0.01,7803054,469277.00000000006,0.3,7804314,471610.99999999994,0.0,23.039999999999235,0.00490968021019552,0,1,1462
1463,0,0.01,7807194,459359.0,0.3,7808454,454668.0,0.0,-47.20999999999985,-0.010277364762636599,0,1,1463
1464,0,0.01,7816854,468518.0,0.3,7818114,472377.00000000006,0.0,38.29000000000015,0.0081725782147111,0,1,1464
1465,0,0.01,7830654,454284.0,0.3,7831914,450803.0,0.0,-35.1100000000004,-0.007728645516901409,0,1,1465
1466,0,0.01,7834641,451052.99999999994,0.3,7835901,445064.99999999994,0.0,-60.180000000000106,-0.013342112789406148,0,1,1466
1467,0,0.01,7848441,423647.0,0.3,7849701,408241.0,0.0,-154.35999999999996,-0.036435995061926546,0,1,1467
1468,0,0.01,7851201,424252.00000000006,0.3,7852461,421043.99999999994,0.0,-32.380000000000834,-0.007632256300500842,0,1,1468
1469,0,0.01,7871420,412376.0,0.3,7876579,407966.0,0.0,-44.399999999999906,-0.010766872950899157,0,1,1469
1470,0,0.01,7882219,404407.0,0.3,7883479,405680.0,0.0,12.430000000000017,0.003073636213023023,0,1,1470
1471,0,0.01,7884859,397776.0,0.3,7886119,401516.0,0.0,37.100000000000094,0.009326857326736679,0,1,1471
1472,0,0.02,7895899,401782.0,0.6,7897159,404436.0,0.0,52.479999999999926,0.006530904819031206,0,1,1472
