fitness,param_sl_atr,param_adx_period,param_adx_threshold,param_volume_lookback,param_volume_mult,param_regime_lookback,param_use_volume_filter,param_use_trend_filter,param_use_regime_filter,htf_train_n_trades,htf_train_profit_factor,htf_train_win_rate,htf_train_trades_per_month,htf_train_avg_trade_pct,htf_train_total_return_pct,pass,fail_reason
3.6674230285987437,3.0,16,35,40,1.5,45,True,True,True,22,3.6674230285987437,77.27272727272727,0.15779453345900094,0.4639721089859781,8.249368506956554,False,htf_train n_trades=22.0000 <= 100.0
3.6674230285987437,3.0,16,35,40,1.5,50,True,True,True,22,3.6674230285987437,77.27272727272727,0.15779453345900094,0.4639721089859781,8.249368506956554,False,htf_train n_trades=22.0000 <= 100.0
3.6437087929913936,3.0,16,35,40,1.5,50,True,True,False,26,3.6437087929913936,73.07692307692307,0.18648444863336475,0.4104784817699791,8.762599067605908,False,htf_train n_trades=26.0000 <= 100.0
3.6437087929913936,3.0,16,35,40,1.5,45,True,True,False,26,3.6437087929913936,73.07692307692307,0.18648444863336475,0.4104784817699791,8.762599067605908,False,htf_train n_trades=26.0000 <= 100.0
3.6437087929913936,3.0,16,35,40,1.5,25,True,True,False,26,3.6437087929913936,73.07692307692307,0.18648444863336475,0.4104784817699791,8.762599067605908,False,htf_train n_trades=26.0000 <= 100.0
3.5840596304173395,1.0,16,35,40,1.5,50,True,True,False,26,3.5840596304173395,73.07692307692307,0.18648444863336475,0.410478481769982,10.91489817760738,False,htf_train n_trades=26.0000 <= 100.0
3.5840596304173395,1.0,16,35,40,1.5,20,True,True,False,26,3.5840596304173395,73.07692307692307,0.18648444863336475,0.410478481769982,10.91489817760738,False,htf_train n_trades=26.0000 <= 100.0
3.560522733456675,4.0,16,35,40,1.5,50,True,True,False,26,3.560522733456675,73.07692307692307,0.18648444863336475,0.41047848176998264,6.956718174247838,False,htf_train n_trades=26.0000 <= 100.0
3.560522733456675,4.0,16,35,40,1.5,45,True,True,False,26,3.560522733456675,73.07692307692307,0.18648444863336475,0.41047848176998264,6.956718174247838,False,htf_train n_trades=26.0000 <= 100.0
3.560522733456675,4.0,16,35,40,1.5,30,True,True,False,26,3.560522733456675,73.07692307692307,0.18648444863336475,0.41047848176998264,6.956718174247838,False,htf_train n_trades=26.0000 <= 100.0
3.560522733456675,4.0,16,35,40,1.5,20,True,True,False,26,3.560522733456675,73.07692307692307,0.18648444863336475,0.41047848176998264,6.956718174247838,False,htf_train n_trades=26.0000 <= 100.0
3.560522733456675,4.0,16,35,40,1.5,25,True,True,False,26,3.560522733456675,73.07692307692307,0.18648444863336475,0.41047848176998264,6.956718174247838,False,htf_train n_trades=26.0000 <= 100.0
3.560522733456675,4.0,16,35,40,1.5,40,True,True,False,26,3.560522733456675,73.07692307692307,0.18648444863336475,0.41047848176998264,6.956718174247838,False,htf_train n_trades=26.0000 <= 100.0
3.5532190528987537,4.0,16,35,40,1.5,45,True,True,True,22,3.5532190528987537,77.27272727272727,0.15779453345900094,0.46397210898598146,6.474486737192758,False,htf_train n_trades=22.0000 <= 100.0
3.5532190528987537,4.0,16,35,40,1.5,50,True,True,True,22,3.5532190528987537,77.27272727272727,0.15779453345900094,0.46397210898598146,6.474486737192758,False,htf_train n_trades=22.0000 <= 100.0
3.512640130110077,2.0,16,35,40,1.5,50,True,True,True,22,3.512640130110077,77.27272727272727,0.15779453345900094,0.46397210898598146,9.59545858666803,False,htf_train n_trades=22.0000 <= 100.0
3.512640130110077,2.0,16,35,40,1.5,45,True,True,True,22,3.512640130110077,77.27272727272727,0.15779453345900094,0.46397210898598146,9.59545858666803,False,htf_train n_trades=22.0000 <= 100.0
3.4947029885457175,4.0,16,35,45,1.6,45,True,True,False,24,3.4947029885457175,75.0,0.17213949104618284,0.40784794191281004,6.715530144750454,False,htf_train n_trades=24.0000 <= 100.0
3.4529481063405694,4.0,16,35,45,1.6,50,True,True,True,21,3.4529481063405694,76.19047619047619,0.15062205466540998,0.44243048320355566,6.211884298778466,False,htf_train n_trades=21.0000 <= 100.0
3.4529481063405694,4.0,16,35,45,1.6,45,True,True,True,21,3.4529481063405694,76.19047619047619,0.15062205466540998,0.44243048320355566,6.211884298778466,False,htf_train n_trades=21.0000 <= 100.0
3.4139244809558567,3.5,16,35,40,1.5,45,True,True,True,22,3.4139244809558567,77.27272727272727,0.15779453345900094,0.46397210898597985,7.281702978790297,False,htf_train n_trades=22.0000 <= 100.0
3.4139244809558567,3.5,16,35,40,1.5,50,True,True,True,22,3.4139244809558567,77.27272727272727,0.15779453345900094,0.46397210898597985,7.281702978790297,False,htf_train n_trades=22.0000 <= 100.0
3.4082497853717912,3.5,16,35,40,1.5,50,True,True,False,26,3.4082497853717912,73.07692307692307,0.18648444863336475,0.4104784817699817,7.790546778116939,False,htf_train n_trades=26.0000 <= 100.0
3.385963337509346,3.0,16,35,40,1.6,45,True,True,True,20,3.385963337509346,75.0,0.14344957587181903,0.4393290386612816,7.3375699310576445,False,htf_train n_trades=20.0000 <= 100.0
3.3734292935698313,3.0,16,35,40,1.5,40,True,True,True,21,3.3734292935698313,76.19047619047619,0.15062205466540998,0.4347403977357292,7.297203045811705,False,htf_train n_trades=21.0000 <= 100.0
3.3280297118723317,5.0,16,35,40,1.5,35,True,True,False,26,3.3280297118723317,73.07692307692307,0.18648444863336475,0.4104784817699826,5.227357915038153,False,htf_train n_trades=26.0000 <= 100.0
3.3206128663874908,5.0,16,35,40,1.5,50,True,True,True,22,3.3206128663874908,77.27272727272727,0.15779453345900094,0.463972108985981,4.876999999999969,False,htf_train n_trades=22.0000 <= 100.0
3.3179720331666576,4.0,16,35,35,1.6,50,True,True,True,20,3.3179720331666576,75.0,0.14344957587181903,0.43932903866128253,5.867983785867362,False,htf_train n_trades=20.0000 <= 100.0
3.3179720331666576,4.0,16,35,40,1.7,50,True,True,True,20,3.3179720331666576,75.0,0.14344957587181903,0.43932903866128253,5.867983785867362,False,htf_train n_trades=20.0000 <= 100.0
3.3179720331666576,4.0,16,35,35,1.6,45,True,True,True,20,3.3179720331666576,75.0,0.14344957587181903,0.43932903866128253,5.867983785867362,False,htf_train n_trades=20.0000 <= 100.0
3.3179720331666576,4.0,16,35,40,1.6,45,True,True,True,20,3.3179720331666576,75.0,0.14344957587181903,0.43932903866128253,5.867983785867362,False,htf_train n_trades=20.0000 <= 100.0
3.3179720331666576,4.0,16,35,40,1.6,50,True,True,True,20,3.3179720331666576,75.0,0.14344957587181903,0.43932903866128253,5.867983785867362,False,htf_train n_trades=20.0000 <= 100.0
3.3179720331666576,4.0,16,35,40,1.7,45,True,True,True,20,3.3179720331666576,75.0,0.14344957587181903,0.43932903866128253,5.867983785867362,False,htf_train n_trades=20.0000 <= 100.0
3.3110840774943058,3.0,16,35,45,1.7,45,True,True,True,19,3.3110840774943058,73.68421052631578,0.13627709707822808,0.4508562922586532,7.101223047471597,False,htf_train n_trades=19.0000 <= 100.0
3.2944904331702056,3.5,16,35,45,1.6,50,True,True,False,24,3.2944904331702056,75.0,0.17213949104618284,0.4078479419128094,7.347506723634385,False,htf_train n_trades=24.0000 <= 100.0
3.28815764067355,2.0,16,35,45,1.6,45,True,True,True,21,3.28815764067355,76.19047619047619,0.15062205466540998,0.44243048320355305,8.692709815986875,False,htf_train n_trades=21.0000 <= 100.0
3.2747844773490598,2.5,16,35,40,1.6,45,True,True,True,20,3.2747844773490598,75.0,0.14344957587181903,0.43932903866128453,7.812657035277783,False,htf_train n_trades=20.0000 <= 100.0
3.2634283030834124,3.5,16,35,45,1.6,45,True,True,True,21,3.2634283030834124,76.19047619047619,0.15062205466540998,0.4424304832035546,6.8148181823972,False,htf_train n_trades=21.0000 <= 100.0
3.258847371907413,1.5,16,35,40,1.7,50,True,True,True,20,3.258847371907413,75.0,0.14344957587181903,0.43932903866127854,8.8547733408841,False,htf_train n_trades=20.0000 <= 100.0
3.258847371907413,1.5,16,35,40,1.7,45,True,True,True,20,3.258847371907413,75.0,0.14344957587181903,0.43932903866127854,8.8547733408841,False,htf_train n_trades=20.0000 <= 100.0
3.258847371907413,1.5,16,35,40,1.6,50,True,True,True,20,3.258847371907413,75.0,0.14344957587181903,0.43932903866127854,8.8547733408841,False,htf_train n_trades=20.0000 <= 100.0
3.2580143846190817,1.0,16,35,35,1.6,45,True,True,True,20,3.2580143846190817,75.0,0.14344957587181903,0.4393290386612828,8.853727879902767,False,htf_train n_trades=20.0000 <= 100.0
3.2580143846190817,1.0,16,35,40,1.6,50,True,True,True,20,3.2580143846190817,75.0,0.14344957587181903,0.4393290386612828,8.853727879902767,False,htf_train n_trades=20.0000 <= 100.0
3.2580143846190817,1.0,16,35,40,1.6,45,True,True,True,20,3.2580143846190817,75.0,0.14344957587181903,0.4393290386612828,8.853727879902767,False,htf_train n_trades=20.0000 <= 100.0
3.252602319176796,5.0,16,35,45,1.6,30,True,True,False,24,3.252602319176796,75.0,0.17213949104618284,0.4078479419128092,5.021501089908936,False,htf_train n_trades=24.0000 <= 100.0
3.243589732571946,4.0,16,35,45,1.7,45,True,True,True,19,3.243589732571946,73.68421052631578,0.13627709707822808,0.45085629225865437,5.679683785867362,False,htf_train n_trades=19.0000 <= 100.0
3.242734733321539,4.5,16,35,40,1.5,50,True,True,False,26,3.242734733321539,73.07692307692307,0.18648444863336475,0.4104784817699829,5.623981048963094,False,htf_train n_trades=26.0000 <= 100.0
3.215026646364651,5.0,16,35,45,1.6,45,True,True,True,21,3.215026646364651,76.19047619047619,0.15062205466540998,0.44243048320355427,4.655099999999968,False,htf_train n_trades=21.0000 <= 100.0
3.1499091948612588,2.0,16,35,40,1.6,45,True,True,True,20,3.1499091948612588,75.0,0.14344957587181903,0.43932903866128103,8.151681861370074,False,htf_train n_trades=20.0000 <= 100.0
3.1499091948612588,2.0,16,35,40,1.6,50,True,True,True,20,3.1499091948612588,75.0,0.14344957587181903,0.43932903866128103,8.151681861370074,False,htf_train n_trades=20.0000 <= 100.0
3.1499091948612588,2.0,16,35,40,1.7,45,True,True,True,20,3.1499091948612588,75.0,0.14344957587181903,0.43932903866128103,8.151681861370074,False,htf_train n_trades=20.0000 <= 100.0
3.1499091948612588,2.0,16,35,35,1.6,45,True,True,True,20,3.1499091948612588,75.0,0.14344957587181903,0.43932903866128103,8.151681861370074,False,htf_train n_trades=20.0000 <= 100.0
3.149849745034112,3.5,16,35,40,1.7,50,True,True,True,20,3.149849745034112,75.0,0.14344957587181903,0.4393290386612816,6.470917669486095,False,htf_train n_trades=20.0000 <= 100.0
3.149849745034112,3.5,16,35,35,1.6,45,True,True,True,20,3.149849745034112,75.0,0.14344957587181903,0.4393290386612816,6.470917669486095,False,htf_train n_trades=20.0000 <= 100.0
3.149849745034112,3.5,16,35,40,1.7,45,True,True,True,20,3.149849745034112,75.0,0.14344957587181903,0.4393290386612816,6.470917669486095,False,htf_train n_trades=20.0000 <= 100.0
3.149849745034112,3.5,16,35,40,1.6,45,True,True,True,20,3.149849745034112,75.0,0.14344957587181903,0.4393290386612816,6.470917669486095,False,htf_train n_trades=20.0000 <= 100.0
3.1488858201449794,4.0,16,35,35,1.6,50,True,True,False,22,3.1488858201449794,72.72727272727273,0.15779453345900094,0.39450825194735145,5.782686584329801,False,htf_train n_trades=22.0000 <= 100.0
3.1488858201449794,4.0,16,35,40,1.6,45,True,True,False,22,3.1488858201449794,72.72727272727273,0.15779453345900094,0.39450825194735145,5.782686584329801,False,htf_train n_trades=22.0000 <= 100.0
3.1488858201449794,4.0,16,35,35,1.6,45,True,True,False,22,3.1488858201449794,72.72727272727273,0.15779453345900094,0.39450825194735145,5.782686584329801,False,htf_train n_trades=22.0000 <= 100.0
3.1483633166287297,4.0,16,35,15,1.5,50,True,True,True,21,3.1483633166287297,71.42857142857143,0.15062205466540998,0.4466082184139037,6.093127963298231,False,htf_train n_trades=21.0000 <= 100.0
3.1219868011608782,1.0,16,35,40,1.6,45,True,True,False,22,3.1219868011608782,72.72727272727273,0.15779453345900094,0.39450825194734956,8.736595905420403,False,htf_train n_trades=22.0000 <= 100.0
3.1219868011608782,1.0,16,35,40,1.6,50,True,True,False,22,3.1219868011608782,72.72727272727273,0.15779453345900094,0.39450825194734956,8.736595905420403,False,htf_train n_trades=22.0000 <= 100.0
3.121867465475663,2.5,16,35,40,1.6,50,True,True,False,22,3.121867465475663,72.72727272727273,0.15779453345900094,0.39450825194735234,7.696926862688991,False,htf_train n_trades=22.0000 <= 100.0
3.0919775409211816,5.0,16,35,40,1.6,45,True,True,True,20,3.0919775409211816,75.0,0.14344957587181903,0.4393290386612813,4.396499999999971,False,htf_train n_trades=20.0000 <= 100.0
3.0919775409211816,5.0,16,35,35,1.6,45,True,True,True,20,3.0919775409211816,75.0,0.14344957587181903,0.4393290386612813,4.396499999999971,False,htf_train n_trades=20.0000 <= 100.0
3.0919775409211816,5.0,16,35,40,1.7,45,True,True,True,20,3.0919775409211816,75.0,0.14344957587181903,0.4393290386612813,4.396499999999971,False,htf_train n_trades=20.0000 <= 100.0
3.0919775409211816,5.0,16,35,40,1.7,50,True,True,True,20,3.0919775409211816,75.0,0.14344957587181903,0.4393290386612813,4.396499999999971,False,htf_train n_trades=20.0000 <= 100.0
3.0882284437968948,2.0,16,35,45,1.7,50,True,True,True,19,3.0882284437968948,73.68421052631578,0.13627709707822808,0.4508562922586532,7.912254337073012,False,htf_train n_trades=19.0000 <= 100.0
3.0505880282604707,4.5,16,35,45,1.6,45,True,True,True,21,3.0505880282604707,76.19047619047619,0.15062205466540998,0.44243048320355505,4.8404042748180585,False,htf_train n_trades=21.0000 <= 100.0
3.0164327306499943,2.0,16,35,40,1.6,45,True,True,False,22,3.0164327306499943,72.72727272727273,0.15779453345900094,0.3945082519473496,8.035931157547822,False,htf_train n_trades=22.0000 <= 100.0
3.0162186062027345,4.0,16,35,30,1.5,50,True,True,True,24,3.0162186062027345,75.0,0.17213949104618284,0.42819653856594797,6.923029781700213,False,htf_train n_trades=24.0000 <= 100.0
3.0018257971347957,2.0,16,35,20,1.7,45,True,True,True,15,3.0018257971347957,66.66666666666666,0.10758718190386428,0.4531759248951185,6.055255716582598,False,htf_train n_trades=15.0000 <= 100.0
2.9864387944165767,3.5,16,35,40,1.7,45,True,True,False,22,2.9864387944165767,72.72727272727273,0.15779453345900094,0.3945082519473498,6.355945831491279,False,htf_train n_trades=22.0000 <= 100.0
2.9864387944165767,3.5,16,35,40,1.6,10,True,True,False,22,2.9864387944165767,72.72727272727273,0.15779453345900094,0.3945082519473498,6.355945831491279,False,htf_train n_trades=22.0000 <= 100.0
2.9864387944165767,3.5,16,35,40,1.6,50,True,True,False,22,2.9864387944165767,72.72727272727273,0.15779453345900094,0.3945082519473498,6.355945831491279,False,htf_train n_trades=22.0000 <= 100.0
2.984378995499272,4.0,16,35,40,1.5,15,True,True,True,21,2.984378995499272,71.42857142857143,0.15062205466540998,0.39923726857490793,5.053539535138846,False,htf_train n_trades=21.0000 <= 100.0
2.9478818982148534,5.0,16,35,40,1.6,45,True,True,False,22,2.9478818982148534,72.72727272727273,0.15779453345900094,0.3945082519473492,4.342218327500571,False,htf_train n_trades=22.0000 <= 100.0
2.9410347690695153,4.5,16,35,35,1.6,45,True,True,True,20,2.9410347690695153,75.0,0.14344957587181903,0.43932903866128226,4.581804274818062,False,htf_train n_trades=20.0000 <= 100.0
2.9410347690695153,4.5,16,35,40,1.7,45,True,True,True,20,2.9410347690695153,75.0,0.14344957587181903,0.43932903866128226,4.581804274818062,False,htf_train n_trades=20.0000 <= 100.0
2.9410347690695153,4.5,16,35,40,1.6,45,True,True,True,20,2.9410347690695153,75.0,0.14344957587181903,0.43932903866128226,4.581804274818062,False,htf_train n_trades=20.0000 <= 100.0
2.9410347690695153,4.5,16,35,40,1.6,50,True,True,True,20,2.9410347690695153,75.0,0.14344957587181903,0.43932903866128226,4.581804274818062,False,htf_train n_trades=20.0000 <= 100.0
2.936886121102209,3.0,16,35,40,1.5,20,True,True,True,22,2.936886121102209,68.18181818181817,0.15779453345900094,0.37299589202520256,6.347814714997796,False,htf_train n_trades=22.0000 <= 100.0
2.928985765602049,3.5,16,35,10,1.6,45,True,True,True,19,2.928985765602049,68.42105263157895,0.13627709707822808,0.4357101486519817,5.925173884703379,False,htf_train n_trades=19.0000 <= 100.0
2.916122237103612,4.0,16,35,35,1.5,45,True,True,True,23,2.916122237103612,73.91304347826086,0.1649670122525919,0.42488076311016226,6.578607707717982,False,htf_train n_trades=23.0000 <= 100.0
2.916122237103612,4.0,16,35,35,1.5,50,True,True,True,23,2.916122237103612,73.91304347826086,0.1649670122525919,0.42488076311016226,6.578607707717982,False,htf_train n_trades=23.0000 <= 100.0
2.866128447987046,4.5,16,35,30,1.5,50,True,True,False,27,2.866128447987046,74.07407407407408,0.1936569274269557,0.39903805126724096,6.114932106623466,False,htf_train n_trades=27.0000 <= 100.0
2.8630422691879605,5.0,16,35,10,1.6,45,True,True,False,19,2.8630422691879605,68.42105263157895,0.13627709707822808,0.43571014865198376,4.019699999999974,False,htf_train n_trades=19.0000 <= 100.0
2.8630422691879605,5.0,16,35,10,1.6,45,True,True,True,19,2.8630422691879605,68.42105263157895,0.13627709707822808,0.43571014865198376,4.019699999999974,False,htf_train n_trades=19.0000 <= 100.0
2.8471964331844966,3.5,16,35,35,1.6,40,True,True,True,19,2.8471964331844966,73.68421052631578,0.13627709707822808,0.4057233014728613,5.5460685447934495,False,htf_train n_trades=19.0000 <= 100.0
2.8273220403501895,5.0,16,35,35,1.6,40,True,True,True,19,2.8273220403501895,73.68421052631578,0.13627709707822808,0.40572330147285973,3.840299999999972,False,htf_train n_trades=19.0000 <= 100.0
2.8201354705847184,3.0,16,35,40,1.5,35,True,True,True,21,2.8201354705847184,71.42857142857143,0.15062205466540998,0.3602707824865597,5.645222772312019,False,htf_train n_trades=21.0000 <= 100.0
2.81974523893304,4.5,16,35,35,1.6,45,True,True,False,22,2.81974523893304,72.72727272727273,0.15779453345900094,0.39450825194734995,4.527700349909448,False,htf_train n_trades=22.0000 <= 100.0
2.81974523893304,4.5,16,35,40,1.6,45,True,True,False,22,2.81974523893304,72.72727272727273,0.15779453345900094,0.39450825194734995,4.527700349909448,False,htf_train n_trades=22.0000 <= 100.0
2.807358771215771,4.0,16,35,35,1.5,50,True,True,False,25,2.807358771215771,72.0,0.1793119698397738,0.38659433284599237,6.493464662612275,False,htf_train n_trades=25.0000 <= 100.0
2.8072896195201524,1.0,16,35,35,1.7,45,True,True,True,18,2.8072896195201524,72.22222222222221,0.12910461828463712,0.39351226584075916,7.02990947820505,False,htf_train n_trades=18.0000 <= 100.0
2.799271029922293,4.0,16,35,35,1.7,50,True,True,True,18,2.799271029922293,72.22222222222221,0.12910461828463712,0.39351226584076127,4.554883785867394,False,htf_train n_trades=18.0000 <= 100.0
2.799271029922293,4.0,16,35,35,1.7,45,True,True,True,18,2.799271029922293,72.22222222222221,0.12910461828463712,0.39351226584076127,4.554883785867394,False,htf_train n_trades=18.0000 <= 100.0
2.773431454287926,4.0,16,35,40,1.6,15,True,True,True,18,2.773431454287926,72.22222222222221,0.12910461828463712,0.38863518588399765,4.4692728163287,False,htf_train n_trades=18.0000 <= 100.0
2.654789960827383,3.5,16,35,35,1.7,45,True,True,True,18,2.654789960827383,72.22222222222221,0.12910461828463712,0.3935122658407588,4.980817669486112,False,htf_train n_trades=18.0000 <= 100.0
2.654789960827383,3.5,16,35,35,1.7,50,True,True,True,18,2.654789960827383,72.22222222222221,0.12910461828463712,0.3935122658407588,4.980817669486112,False,htf_train n_trades=18.0000 <= 100.0
2.608644470108098,3.0,16,35,15,1.7,50,True,True,True,13,2.608644470108098,61.53846153846154,0.09324222431668237,0.4848614663161516,4.837240424385709,False,htf_train n_trades=13.0000 <= 100.0
2.6083479233943385,4.0,16,35,40,1.6,20,True,True,True,19,2.6083479233943385,68.42105263157895,0.13627709707822808,0.3588084384417569,4.309772816328712,False,htf_train n_trades=19.0000 <= 100.0
2.5950688967088795,4.0,16,35,15,1.5,20,True,True,False,23,2.5950688967088795,65.21739130434783,0.1649670122525919,0.37656694168438587,5.488427963298256,False,htf_train n_trades=23.0000 <= 100.0
2.5950688967088795,4.0,16,35,15,1.5,45,True,True,False,23,2.5950688967088795,65.21739130434783,0.1649670122525919,0.37656694168438587,5.488427963298256,False,htf_train n_trades=23.0000 <= 100.0
2.5631423677198244,5.0,16,35,35,1.7,50,True,True,True,18,2.5631423677198244,72.22222222222221,0.12910461828463712,0.39351226584075977,3.2850999999999955,False,htf_train n_trades=18.0000 <= 100.0
2.546102445716697,1.0,16,35,20,1.6,45,True,True,True,19,2.546102445716697,68.42105263157895,0.13627709707822808,0.40266525963096905,7.613940478959234,False,htf_train n_trades=19.0000 <= 100.0
2.5416086571996717,4.0,16,35,40,1.6,25,True,True,True,18,2.5416086571996717,72.22222222222221,0.12910461828463712,0.3431742854475913,3.8933735064475763,False,htf_train n_trades=18.0000 <= 100.0
2.5416086571996717,4.0,16,35,40,1.7,25,True,True,True,18,2.5416086571996717,72.22222222222221,0.12910461828463712,0.3431742854475913,3.8933735064475763,False,htf_train n_trades=18.0000 <= 100.0
2.5321036941541437,3.0,16,35,15,1.6,45,True,True,True,15,2.5321036941541437,60.0,0.10758718190386428,0.417890002422333,4.805841798450702,False,htf_train n_trades=15.0000 <= 100.0
2.5311370326167286,1.5,16,35,35,1.7,30,True,True,True,17,2.5311370326167286,70.58823529411765,0.12193213949104617,0.35325780822896297,5.890856778654511,False,htf_train n_trades=17.0000 <= 100.0
2.5311370326167286,1.5,16,35,35,1.7,40,True,True,True,17,2.5311370326167286,70.58823529411765,0.12193213949104617,0.35325780822896297,5.890856778654511,False,htf_train n_trades=17.0000 <= 100.0
2.5228264794323434,3.5,16,35,35,1.7,40,True,True,False,20,2.5228264794323434,70.0,0.14344957587181903,0.3487910777374865,4.868499297495543,False,htf_train n_trades=20.0000 <= 100.0
2.5228264794323434,3.5,16,35,35,1.7,25,True,True,False,20,2.5228264794323434,70.0,0.14344957587181903,0.3487910777374865,4.868499297495543,False,htf_train n_trades=20.0000 <= 100.0
2.5228264794323434,3.5,16,35,35,1.7,45,True,True,False,20,2.5228264794323434,70.0,0.14344957587181903,0.3487910777374865,4.868499297495543,False,htf_train n_trades=20.0000 <= 100.0
2.5122682403839414,4.0,16,35,35,1.7,30,True,True,True,17,2.5122682403839414,70.58823529411765,0.12193213949104617,0.35325780822896496,3.8192735064475776,False,htf_train n_trades=17.0000 <= 100.0
2.5070175432108353,3.0,16,35,25,1.6,45,True,True,True,20,2.5070175432108353,70.0,0.14344957587181903,0.38128848364922163,6.173488750014151,False,htf_train n_trades=20.0000 <= 100.0
2.5034536282414637,3.5,16,35,20,1.7,45,True,True,True,15,2.5034536282414637,66.66666666666666,0.10758718190386428,0.4531759248951171,4.442442786789496,False,htf_train n_trades=15.0000 <= 100.0
2.5034536282414637,3.5,16,35,20,1.7,50,True,True,False,15,2.5034536282414637,66.66666666666666,0.10758718190386428,0.4531759248951171,4.442442786789496,False,htf_train n_trades=15.0000 <= 100.0
2.5034536282414637,3.5,16,35,20,1.7,50,True,True,True,15,2.5034536282414637,66.66666666666666,0.10758718190386428,0.4531759248951171,4.442442786789496,False,htf_train n_trades=15.0000 <= 100.0
2.4708902627590255,4.0,16,35,25,1.6,50,True,True,True,20,2.4708902627590255,70.0,0.14344957587181903,0.3812884836492223,5.047383785867394,False,htf_train n_trades=20.0000 <= 100.0
2.4597375619278155,4.5,16,35,35,1.7,45,True,True,True,18,2.4597375619278155,72.22222222222221,0.12910461828463712,0.39351226584076027,3.4457042748180835,False,htf_train n_trades=18.0000 <= 100.0
2.4462971446186135,4.0,16,35,20,1.6,45,True,True,True,19,2.4462971446186135,68.42105263157895,0.13627709707822808,0.40266525963097044,4.955183095748486,False,htf_train n_trades=19.0000 <= 100.0
2.435970385759213,2.0,16,35,25,1.6,45,True,True,True,20,2.435970385759213,70.0,0.14344957587181903,0.3812884836492209,6.926787739613522,False,htf_train n_trades=20.0000 <= 100.0
2.4276363033388697,2.0,16,35,40,1.6,30,True,True,True,18,2.4276363033388697,72.22222222222221,0.12910461828463712,0.34317428544759154,5.382284144964398,False,htf_train n_trades=18.0000 <= 100.0
2.4261578499066996,4.0,16,35,30,1.6,50,True,True,True,20,2.4261578499066996,70.0,0.14344957587181903,0.38231506440546903,4.893883785867363,False,htf_train n_trades=20.0000 <= 100.0
2.3978536534269606,3.5,16,35,15,1.6,45,True,True,True,15,2.3978536534269606,60.0,0.10758718190386428,0.4178900024223311,4.275489533171799,False,htf_train n_trades=15.0000 <= 100.0
2.3978536534269606,3.5,16,35,15,1.6,50,True,True,True,15,2.3978536534269606,60.0,0.10758718190386428,0.4178900024223311,4.275489533171799,False,htf_train n_trades=15.0000 <= 100.0
2.3790786128588044,3.5,16,35,25,1.6,45,True,True,True,20,2.3790786128588044,70.0,0.14344957587181903,0.38128848364921986,5.5472602877921755,False,htf_train n_trades=20.0000 <= 100.0
2.375577640833882,3.5,16,35,35,1.6,35,True,True,True,18,2.375577640833882,72.22222222222221,0.12910461828463712,0.34317428544759065,4.130068544793464,False,htf_train n_trades=18.0000 <= 100.0
2.3508975896240085,3.5,16,35,35,1.7,25,True,True,True,17,2.3508975896240085,70.58823529411765,0.12193213949104617,0.35325780822896413,4.055968544793466,False,htf_train n_trades=17.0000 <= 100.0
2.3508975896240085,3.5,16,35,35,1.7,40,True,True,True,17,2.3508975896240085,70.58823529411765,0.12193213949104617,0.35325780822896413,4.055968544793466,False,htf_train n_trades=17.0000 <= 100.0
2.3508975896240085,3.5,16,35,35,1.7,30,True,True,True,17,2.3508975896240085,70.58823529411765,0.12193213949104617,0.35325780822896413,4.055968544793466,False,htf_train n_trades=17.0000 <= 100.0
2.3412446877476016,5.0,16,35,25,1.6,45,True,True,True,20,2.3412446877476016,70.0,0.14344957587181903,0.38128848364922135,3.724100000000001,False,htf_train n_trades=20.0000 <= 100.0
2.339060114907135,4.0,16,35,30,1.6,50,True,True,False,22,2.339060114907135,68.18181818181817,0.15779453345900094,0.34267736626024825,4.808586584329802,False,htf_train n_trades=22.0000 <= 100.0
2.339060114907135,4.0,16,35,30,1.6,45,True,True,False,22,2.339060114907135,68.18181818181817,0.15779453345900094,0.34267736626024825,4.808586584329802,False,htf_train n_trades=22.0000 <= 100.0
2.339060114907135,4.0,16,35,30,1.6,20,True,True,False,22,2.339060114907135,68.18181818181817,0.15779453345900094,0.34267736626024825,4.808586584329802,False,htf_train n_trades=22.0000 <= 100.0
2.324854988289512,4.0,16,35,10,1.5,45,True,True,True,20,2.324854988289512,65.0,0.14344957587181903,0.38366166640374455,4.577844702373297,False,htf_train n_trades=20.0000 <= 100.0
2.323535173870164,4.0,16,35,15,1.6,50,True,True,False,15,2.323535173870164,60.0,0.10758718190386428,0.4178900024223349,3.746627273179411,False,htf_train n_trades=15.0000 <= 100.0
2.323535173870164,4.0,16,35,15,1.6,45,True,True,True,15,2.323535173870164,60.0,0.10758718190386428,0.4178900024223349,3.746627273179411,False,htf_train n_trades=15.0000 <= 100.0
2.3219927674152943,5.0,16,35,40,1.6,25,True,True,True,18,2.3219927674152943,72.22222222222221,0.12910461828463712,0.3431742854475898,2.7782999999999927,False,htf_train n_trades=18.0000 <= 100.0
2.3219927674152943,5.0,16,35,40,1.6,30,True,True,True,18,2.3219927674152943,72.22222222222221,0.12910461828463712,0.3431742854475898,2.7782999999999927,False,htf_train n_trades=18.0000 <= 100.0
2.2797526254107052,1.0,22,35,10,1.7,45,True,True,True,9,2.2797526254107052,55.55555555555556,0.06455230914231856,0.2770685431036664,2.4928766192595866,False,htf_train n_trades=9.0000 <= 100.0
2.2191229721908172,3.5,18,35,20,1.7,45,True,True,True,11,2.2191229721908172,63.63636363636363,0.07889726672950047,0.306332688338326,2.382595987635352,False,htf_train n_trades=11.0000 <= 100.0
2.214430061566278,4.0,16,35,20,1.5,50,True,True,True,24,2.214430061566278,66.66666666666666,0.17213949104618284,0.31910925413528646,5.370094711614381,False,htf_train n_trades=24.0000 <= 100.0
2.204983317456684,3.0,16,35,25,1.5,45,True,True,True,23,2.204983317456684,69.56521739130434,0.1649670122525919,0.3419663270950457,6.521220898311987,False,htf_train n_trades=23.0000 <= 100.0
2.193581630642852,3.5,16,35,20,1.7,25,True,True,True,14,2.193581630642852,64.28571428571429,0.10041470311027333,0.40855720201324885,3.5070999612865377,False,htf_train n_trades=14.0000 <= 100.0
2.1842725399301335,3.5,16,35,10,1.5,40,True,True,True,19,2.1842725399301335,63.1578947368421,0.13627709707822808,0.34712606751755776,4.355864356315886,False,htf_train n_trades=19.0000 <= 100.0
2.172898183325101,2.0,16,35,40,1.4,50,True,True,True,28,2.172898183325101,75.0,0.20082940622054665,0.33783290130066396,8.616071143397477,False,htf_train n_trades=28.0000 <= 100.0
2.161273931194081,4.0,18,35,45,1.6,50,True,True,True,16,2.161273931194081,68.75,0.11475966069745523,0.25548631366307073,2.9397837858673506,False,htf_train n_trades=16.0000 <= 100.0
2.161273931194081,4.0,18,35,40,1.6,50,True,True,True,16,2.161273931194081,68.75,0.11475966069745523,0.25548631366307073,2.9397837858673506,False,htf_train n_trades=16.0000 <= 100.0
2.158217657748947,3.0,16,35,25,1.7,45,True,True,True,14,2.158217657748947,64.28571428571429,0.10041470311027333,0.32985392079417025,3.5330646427102166,False,htf_train n_trades=14.0000 <= 100.0
2.155787197107722,3.5,16,35,25,1.5,50,True,True,True,23,2.155787197107722,69.56521739130434,0.1649670122525919,0.34196632709504565,5.928486507385494,False,htf_train n_trades=23.0000 <= 100.0
2.151014369800649,3.5,16,35,25,1.6,40,True,True,True,19,2.151014369800649,68.42105263157895,0.13627709707822808,0.3446279804075333,4.614434578412036,False,htf_train n_trades=19.0000 <= 100.0
2.150019104904648,1.0,16,35,20,1.5,50,True,True,True,24,2.150019104904648,66.66666666666666,0.17213949104618284,0.3191092541352877,7.605096723679622,False,htf_train n_trades=24.0000 <= 100.0
2.124073649116675,4.0,16,35,25,1.5,20,True,True,False,27,2.124073649116675,66.66666666666666,0.1936569274269557,0.2897361507180126,5.532471630757325,False,htf_train n_trades=27.0000 <= 100.0
2.095439017398491,4.0,16,35,45,1.5,20,True,True,False,30,2.095439017398491,73.33333333333333,0.21517436380772856,0.3302100411950723,6.065965180958394,False,htf_train n_trades=30.0000 <= 100.0
2.0778791459958934,2.0,16,35,20,1.4,45,True,True,True,25,2.0778791459958934,68.0,0.1793119698397738,0.3083581023378393,6.9927728390350445,False,htf_train n_trades=25.0000 <= 100.0
2.065164581483286,4.5,16,35,25,1.5,50,True,True,True,23,2.065164581483286,69.56521739130434,0.1649670122525919,0.3419663270950463,4.2988989029486335,False,htf_train n_trades=23.0000 <= 100.0
2.058994468013452,3.5,16,35,10,1.7,50,True,True,True,14,2.058994468013452,64.28571428571429,0.10041470311027333,0.36365395319041866,3.114808962564589,False,htf_train n_trades=14.0000 <= 100.0
2.0512930235244773,3.5,16,35,45,1.5,45,True,True,False,30,2.0512930235244773,73.33333333333333,0.21517436380772856,0.33021004119507136,6.7712756265445915,False,htf_train n_trades=30.0000 <= 100.0
2.0441930524701135,4.0,16,35,40,1.4,45,True,True,True,28,2.0441930524701135,75.0,0.20082940622054665,0.3378329013006646,5.615643185850424,False,htf_train n_trades=28.0000 <= 100.0
2.0344277989682533,4.0,16,35,45,1.5,50,True,True,True,27,2.0344277989682533,74.07407407407408,0.1936569274269557,0.3484811398970145,5.563125905491108,False,htf_train n_trades=27.0000 <= 100.0
2.031707190038735,1.0,18,35,35,1.6,45,True,True,True,16,2.031707190038735,68.75,0.11475966069745523,0.2554863136630693,3.900357857856366,False,htf_train n_trades=16.0000 <= 100.0
2.022704796801931,4.5,18,35,20,1.7,50,True,True,False,11,2.022704796801931,63.63636363636363,0.07889726672950047,0.30633268833833016,1.6956725877436587,False,htf_train n_trades=11.0000 <= 100.0
2.0207599411705957,3.5,16,35,20,1.3,45,True,True,True,30,2.0207599411705957,70.0,0.21517436380772856,0.27284949589854596,5.971110944881245,False,htf_train n_trades=30.0000 <= 100.0
2.019314117255213,5.0,18,35,40,1.7,45,True,True,False,18,2.019314117255213,66.66666666666666,0.12910461828463712,0.22113232156806525,2.272255030185331,False,htf_train n_trades=18.0000 <= 100.0
2.0135522255841396,4.5,16,35,20,1.6,25,True,True,False,20,2.0135522255841396,65.0,0.14344957587181903,0.35554900102779585,3.574245652415305,False,htf_train n_trades=20.0000 <= 100.0
2.0022607022606946,5.0,16,35,10,1.7,45,True,True,True,14,2.0022607022606946,64.28571428571429,0.10041470311027333,0.36365395319042165,2.083699999999994,False,htf_train n_trades=14.0000 <= 100.0
1.9984629844033985,3.5,16,35,45,1.5,45,True,True,True,27,1.9984629844033985,74.07407407407408,0.1936569274269557,0.3484811398970128,6.240825256870427,False,htf_train n_trades=27.0000 <= 100.0
1.9966485463832955,3.5,16,35,25,1.7,45,True,True,True,14,1.9966485463832955,64.28571428571429,0.10041470311027333,0.3298539207941687,2.9906955837666716,False,htf_train n_trades=14.0000 <= 100.0
1.983682012978303,2.5,22,35,15,1.6,45,True,True,True,10,1.983682012978303,50.0,0.07172478793590951,0.22870134639938028,2.0939776647696546,False,htf_train n_trades=10.0000 <= 100.0
1.9785467514850401,5.0,16,35,45,1.5,35,True,True,False,30,1.9785467514850401,73.33333333333333,0.21517436380772856,0.3302100411950709,4.470001560783674,False,htf_train n_trades=30.0000 <= 100.0
1.9685037664207243,1.5,16,35,40,1.8,45,True,True,True,15,1.9685037664207243,66.66666666666666,0.10758718190386428,0.2587667965231265,3.6810713896118292,False,htf_train n_trades=15.0000 <= 100.0
1.962671893482109,4.0,16,35,20,1.5,45,True,True,False,27,1.962671893482109,62.96296296296296,0.1936569274269557,0.25968751690483105,4.838971630757331,False,htf_train n_trades=27.0000 <= 100.0
1.9581839548228213,1.5,16,35,35,1.8,25,True,True,False,13,1.9581839548228213,61.53846153846154,0.09324222431668237,0.2963836545539206,3.6447052835222213,False,htf_train n_trades=13.0000 <= 100.0
1.9243086208449611,5.0,16,35,45,1.5,45,True,True,True,27,1.9243086208449611,74.07407407407408,0.1936569274269557,0.34848113989701274,4.104299999999974,False,htf_train n_trades=27.0000 <= 100.0
1.9240587392792408,4.0,16,35,20,1.3,40,True,True,True,29,1.9240587392792408,68.96551724137932,0.2080018850141376,0.24509127005914333,4.644660021011602,False,htf_train n_trades=29.0000 <= 100.0
1.9103073661896879,5.0,28,35,45,1.6,10,True,True,True,5,1.9103073661896879,80.0,0.03586239396795476,0.27497798700482773,0.687099999999989,False,htf_train n_trades=5.0000 <= 100.0
1.892605633802811,5.0,16,35,25,1.7,45,True,True,True,14,1.892605633802811,64.28571428571429,0.10041470311027333,0.3298539207941712,1.8758999999999946,False,htf_train n_trades=14.0000 <= 100.0
1.8727580217727637,4.0,20,35,35,1.6,50,True,True,True,15,1.8727580217727637,66.66666666666666,0.10758718190386428,0.20066286489118884,2.204173506447535,False,htf_train n_trades=15.0000 <= 100.0
1.8727580217727637,4.0,20,35,40,1.6,45,True,True,True,15,1.8727580217727637,66.66666666666666,0.10758718190386428,0.20066286489118884,2.204173506447535,False,htf_train n_trades=15.0000 <= 100.0
1.8690446801341662,4.5,16,35,10,1.7,25,True,True,False,14,1.8690446801341662,64.28571428571429,0.10041470311027333,0.3636539531904229,2.1252725877436522,False,htf_train n_trades=14.0000 <= 100.0
1.8436800126048691,3.5,18,35,20,1.5,50,True,True,True,19,1.8436800126048691,63.1578947368421,0.13627709707822808,0.20675512797801998,3.5617578202711977,False,htf_train n_trades=19.0000 <= 100.0
1.8434176049570334,4.0,20,35,30,1.6,45,True,True,True,14,1.8434176049570334,64.28571428571429,0.10041470311027333,0.20272775537168516,2.1300735064475362,False,htf_train n_trades=14.0000 <= 100.0
1.822903202493732,3.5,16,35,40,1.5,10,True,True,True,13,1.822903202493732,69.23076923076923,0.09324222431668237,0.20836073455001328,1.8182869162301656,False,htf_train n_trades=13.0000 <= 100.0
1.8108005655098312,2.5,16,35,40,1.5,10,True,True,True,13,1.8108005655098312,69.23076923076923,0.09324222431668237,0.20836073455001758,2.1020057870095776,False,htf_train n_trades=13.0000 <= 100.0
1.8072043048277817,4.5,16,35,25,1.7,45,True,True,True,14,1.8072043048277817,64.28571428571429,0.10041470311027333,0.3298539207941714,1.9014725877436491,False,htf_train n_trades=14.0000 <= 100.0
1.7986454025379828,4.0,16,35,40,1.8,45,True,True,True,15,1.7986454025379828,66.66666666666666,0.10758718190386428,0.25876679652312906,2.0217837858673806,False,htf_train n_trades=15.0000 <= 100.0
1.76789126128084,4.0,16,35,35,1.8,45,True,True,False,13,1.76789126128084,61.53846153846154,0.09324222431668237,0.29638365455392235,1.9397830957485236,False,htf_train n_trades=13.0000 <= 100.0
1.738687527021483,4.5,16,35,25,1.8,45,True,True,True,13,1.738687527021483,61.53846153846154,0.09324222431668237,0.3382802823697837,1.740072587743655,False,htf_train n_trades=13.0000 <= 100.0
1.738687527021483,4.5,16,35,25,1.8,50,True,True,True,13,1.738687527021483,61.53846153846154,0.09324222431668237,0.3382802823697837,1.740072587743655,False,htf_train n_trades=13.0000 <= 100.0
1.732925923553914,2.0,16,35,25,1.7,40,True,True,True,13,1.732925923553914,61.53846153846154,0.09324222431668237,0.2723166804520787,2.7396281589667364,False,htf_train n_trades=13.0000 <= 100.0
1.7298520013364451,3.5,16,35,40,1.3,45,True,True,True,33,1.7298520013364451,72.72727272727273,0.2366918001885014,0.2273176635598823,5.4998564582127045,False,htf_train n_trades=33.0000 <= 100.0
1.722744638661939,4.0,16,35,40,1.3,50,True,True,True,33,1.722744638661939,72.72727272727273,0.2366918001885014,0.22731766355988545,4.817580214874072,False,htf_train n_trades=33.0000 <= 100.0
1.7113822947422563,3.5,16,35,40,1.8,45,True,True,True,15,1.7113822947422563,66.66666666666666,0.10758718190386428,0.2587667965231266,2.1412176694861023,False,htf_train n_trades=15.0000 <= 100.0
1.7105950254225464,5.0,16,35,45,1.6,10,True,True,True,11,1.7105950254225464,72.72727272727273,0.07889726672950047,0.16587269354891487,1.0341999999999802,False,htf_train n_trades=11.0000 <= 100.0
1.7015401993630481,5.0,16,35,40,1.3,25,True,True,False,40,1.7015401993630481,70.0,0.28689915174363806,0.19936911214400568,4.047466026205178,False,htf_train n_trades=40.0000 <= 100.0
1.7010448985912288,5.0,16,35,40,1.3,45,True,True,True,33,1.7010448985912288,72.72727272727273,0.2366918001885014,0.22731766355988353,3.720865903762817,False,htf_train n_trades=33.0000 <= 100.0
1.7009534416426009,3.5,16,35,35,1.8,50,True,True,False,13,1.7009534416426009,61.53846153846154,0.09324222431668237,0.2963836545539201,2.1057742903441774,False,htf_train n_trades=13.0000 <= 100.0
1.6947589591830376,3.0,16,35,40,1.3,50,True,True,False,40,1.6947589591830376,70.0,0.28689915174363806,0.19936911214400405,6.272928093719103,False,htf_train n_trades=40.0000 <= 100.0
1.6935587371086134,4.0,22,35,20,1.6,45,True,True,True,13,1.6935587371086134,61.53846153846154,0.09324222431668237,0.16443829005534522,1.7478562268601423,False,htf_train n_trades=13.0000 <= 100.0
1.6883063532043248,3.5,16,35,25,1.7,40,True,True,True,13,1.6883063532043248,61.53846153846154,0.09324222431668237,0.2723166804520847,2.0602646312643698,False,htf_train n_trades=13.0000 <= 100.0
1.6436585194945075,4.5,16,35,10,1.7,40,True,True,True,13,1.6436585194945075,61.53846153846154,0.09324222431668237,0.3087167153403553,1.572121862123372,False,htf_train n_trades=13.0000 <= 100.0
1.6425729279497165,4.0,18,35,35,1.7,50,True,True,True,14,1.6425729279497165,64.28571428571429,0.10041470311027333,0.17031578789408444,1.6266837858673828,False,htf_train n_trades=14.0000 <= 100.0
1.6016467728051003,3.5,22,35,15,1.4,50,True,True,False,20,1.6016467728051003,60.0,0.14344957587181903,0.16033626969582643,2.313972552076759,False,htf_train n_trades=20.0000 <= 100.0
1.58165929307594,4.5,16,35,40,1.8,45,True,True,True,15,1.58165929307594,66.66666666666666,0.10758718190386428,0.25876679652312984,1.3730042748180926,False,htf_train n_trades=15.0000 <= 100.0
1.5720665792438442,4.0,18,35,35,1.7,50,True,True,False,16,1.5720665792438442,62.5,0.11475966069745523,0.14231386250832861,1.539440440308565,False,htf_train n_trades=16.0000 <= 100.0
1.5270998366739552,4.0,16,35,35,1.3,25,True,True,False,41,1.5270998366739552,68.29268292682927,0.294071630537229,0.1582862721652577,4.310324506989175,False,htf_train n_trades=41.0000 <= 100.0
1.5257172828788814,3.5,16,35,50,1.5,30,True,True,False,32,1.5257172828788814,68.75,0.22951932139491046,0.19340344923478506,4.019578357657272,False,htf_train n_trades=32.0000 <= 100.0
1.522371603679835,4.0,16,35,50,1.5,50,True,True,False,32,1.522371603679835,68.75,0.22951932139491046,0.19340344923478633,3.5218158197165055,False,htf_train n_trades=32.0000 <= 100.0
1.50317937077531,3.5,16,35,35,1.3,50,True,True,True,34,1.50317937077531,70.58823529411765,0.24386427898209234,0.17695457560268887,4.350028707502294,False,htf_train n_trades=34.0000 <= 100.0
1.49896935550363,5.0,16,35,35,1.7,10,True,True,True,9,1.49896935550363,66.66666666666666,0.06455230914231856,0.12759842853609132,0.7261999999999875,False,htf_train n_trades=9.0000 <= 100.0
1.4845033247007158,3.0,18,35,40,1.5,45,True,True,False,20,1.4845033247007158,65.0,0.14344957587181903,0.14763150270375114,2.3637014922187816,False,htf_train n_trades=20.0000 <= 100.0
1.474573148250648,4.0,14,35,35,1.6,45,True,True,True,26,1.474573148250648,61.53846153846154,0.18648444863336475,0.057510277827169845,2.75528425585979,False,htf_train n_trades=26.0000 <= 100.0
1.4695235366620618,4.0,20,35,35,1.5,45,True,True,True,17,1.4695235366620618,64.70588235294117,0.12193213949104617,0.16991503088257282,1.9560877552745863,False,htf_train n_trades=17.0000 <= 100.0
1.4692698925803154,3.5,16,35,40,1.7,10,True,True,True,10,1.4692698925803154,70.0,0.07172478793590951,0.13201402549890473,1.0242284675458018,False,htf_train n_trades=10.0000 <= 100.0
1.4679048560956607,4.0,26,35,20,1.3,25,True,True,False,20,1.4679048560956607,65.0,0.14344957587181903,0.14743767390093956,2.070666256930865,False,htf_train n_trades=20.0000 <= 100.0
1.4633899602485825,4.0,16,35,50,1.5,45,True,True,True,28,1.4633899602485825,71.42857142857143,0.20082940622054665,0.20442343739947214,3.0402431858504246,False,htf_train n_trades=28.0000 <= 100.0
1.4431385610963054,5.0,16,35,45,1.9,45,True,True,True,13,1.4431385610963054,61.53846153846154,0.09324222431668237,0.23437404381741928,0.9312999999999988,False,htf_train n_trades=13.0000 <= 100.0
1.4389520133727256,2.5,16,35,35,1.3,45,True,True,True,34,1.4389520133727256,70.58823529411765,0.24386427898209234,0.1769545756026908,4.607614013133464,False,htf_train n_trades=34.0000 <= 100.0
1.415361891199346,4.5,16,35,40,1.3,25,True,True,True,32,1.415361891199346,68.75,0.22951932139491046,0.15230677844215001,2.366132228765339,False,htf_train n_trades=32.0000 <= 100.0
1.4000586644909745,5.0,14,25,20,1.3,50,True,True,True,85,1.4000586644909745,62.35294117647059,0.6096606974552309,0.11683116958457913,5.319057112966402,False,htf_train n_trades=85.0000 <= 100.0
1.3964658132670256,5.0,14,35,40,1.6,45,True,True,False,28,1.3964658132670256,60.71428571428571,0.20082940622054665,0.04956671404008745,1.8999434703382463,False,htf_train n_trades=28.0000 <= 100.0
1.3953306130544871,4.0,16,35,40,1.3,25,True,True,True,32,1.3953306130544871,68.75,0.22951932139491046,0.15230677844215032,2.6420768720990533,False,htf_train n_trades=32.0000 <= 100.0
1.3924174386049037,5.0,16,35,20,1.1,50,True,True,True,52,1.3924174386049037,65.38461538461539,0.3729688972667295,0.06724449122984433,3.5635135749251665,False,htf_train n_trades=52.0000 <= 100.0
1.389310794367539,4.0,24,35,40,1.7,45,True,True,True,10,1.389310794367539,70.0,0.07172478793590951,0.07712116122104402,0.8775871481814261,False,htf_train n_trades=10.0000 <= 100.0
1.389310794367539,4.0,24,35,45,1.6,50,True,True,True,10,1.389310794367539,70.0,0.07172478793590951,0.07712116122104402,0.8775871481814261,False,htf_train n_trades=10.0000 <= 100.0
1.3829712858083616,4.5,16,35,35,1.7,40,False,True,True,183,1.3829712858083616,57.377049180327866,1.3125636192271442,0.09211909280933644,10.700059814116726,True,
1.3730855278077672,4.0,16,35,50,1.7,40,False,True,True,183,1.3730855278077672,57.377049180327866,1.3125636192271442,0.09211909280933642,11.716116387481582,True,
1.3689588509731192,3.0,16,35,40,1.9,50,True,True,False,12,1.3689588509731192,58.333333333333336,0.08606974552309142,0.19446276562950354,1.1185566371612936,False,htf_train n_trades=12.0000 <= 100.0
1.3528268298600068,4.0,20,35,30,1.6,25,True,True,True,13,1.3528268298600068,61.53846153846154,0.09324222431668237,0.10050638348276036,0.8910735064475671,False,htf_train n_trades=13.0000 <= 100.0
1.351841918929263,3.5,16,35,35,1.2,45,True,True,True,41,1.351841918929263,63.41463414634146,0.294071630537229,0.1248664128066707,3.5247734023451835,False,htf_train n_trades=41.0000 <= 100.0
1.3510119652057646,4.0,16,35,40,1.6,15,False,True,True,172,1.3510119652057646,56.395348837209305,1.2336663524976437,0.06657734129263718,10.768154445912039,True,
1.347771865154712,4.5,16,35,45,1.8,25,True,True,True,14,1.347771865154712,64.28571428571429,0.10041470311027333,0.2002617073289759,0.8198535491978305,False,htf_train n_trades=14.0000 <= 100.0
1.3348599979181806,5.0,24,35,40,1.7,25,True,True,True,10,1.3348599979181806,70.0,0.07172478793590951,0.07712116122104354,0.6433999999999946,False,htf_train n_trades=10.0000 <= 100.0
1.3274481082670169,1.5,16,35,35,1.6,45,False,True,True,184,1.3274481082670169,57.608695652173914,1.319736098020735,0.0742922411908761,16.932992998369002,True,
1.324081833417767,5.0,16,35,35,1.2,45,True,True,True,41,1.324081833417767,63.41463414634146,0.294071630537229,0.12486641280666985,2.312127437208242,False,htf_train n_trades=41.0000 <= 100.0
1.3199476332706475,4.0,16,35,15,1.1,45,True,True,True,55,1.3199476332706475,61.81818181818181,0.39448633364750235,0.06409147741611504,3.990755581414091,False,htf_train n_trades=55.0000 <= 100.0
1.317870018738758,2.5,16,35,25,1.6,50,False,True,True,183,1.317870018738758,57.377049180327866,1.3125636192271442,0.06959024711510939,14.331118704937548,True,
1.3158715718630787,4.5,16,35,15,1.8,50,True,True,True,10,1.3158715718630787,50.0,0.07172478793590951,0.1906694673452783,0.7724725877436595,False,htf_train n_trades=10.0000 <= 100.0
1.3108750381535597,4.0,16,20,40,1.6,45,True,True,True,65,1.3108750381535597,61.53846153846154,0.4662111215834118,0.06101277638774612,4.052350326567921,False,htf_train n_trades=65.0000 <= 100.0
1.3102832649208296,5.0,24,35,40,1.6,25,True,True,False,13,1.3102832649208296,69.23076923076923,0.09324222431668237,0.07844124454807534,0.6357704098227828,False,htf_train n_trades=13.0000 <= 100.0
1.3094881277645989,2.0,16,35,40,1.6,45,False,True,True,185,1.3094881277645989,57.2972972972973,1.326908576814326,0.06956824521200625,15.165216295811144,True,
1.3088107019399415,3.0,16,35,45,1.7,45,False,True,True,185,1.3088107019399415,57.2972972972973,1.326908576814326,0.06956824521200584,12.704918195061099,True,
1.3076375432024816,4.0,18,35,40,1.5,50,True,True,True,17,1.3076375432024816,64.70588235294117,0.12193213949104617,0.1444305644377798,1.287189480658019,False,htf_train n_trades=17.0000 <= 100.0
1.298491174620355,2.0,16,35,40,1.1,25,False,True,True,171,1.298491174620355,56.72514619883041,1.2264938737040527,0.07031811671221885,13.272843844576265,True,
1.2900083557326756,5.0,28,35,45,1.6,15,True,True,False,12,1.2900083557326756,66.66666666666666,0.08606974552309142,0.097657575668981,0.48179088137869935,False,htf_train n_trades=12.0000 <= 100.0
1.2900083557326756,5.0,28,35,45,1.6,10,True,True,False,12,1.2900083557326756,66.66666666666666,0.08606974552309142,0.097657575668981,0.48179088137869935,False,htf_train n_trades=12.0000 <= 100.0
1.288522107108866,4.0,14,35,15,1.7,40,False,True,True,231,1.288522107108866,56.709956709956714,1.6568426013195099,0.08218835306372188,13.195622677281872,True,
1.288522107108866,4.0,14,35,15,1.8,40,False,True,True,231,1.288522107108866,56.709956709956714,1.6568426013195099,0.08218835306372188,13.195622677281872,True,
1.2793430212987638,3.5,16,35,35,1.6,45,False,True,True,185,1.2793430212987638,57.2972972972973,1.326908576814326,0.06956824521200683,10.630622496393876,True,
1.2793430212987638,3.5,16,35,40,1.9,45,False,True,True,185,1.2793430212987638,57.2972972972973,1.326908576814326,0.06956824521200683,10.630622496393876,True,
1.2793430212987638,3.5,16,35,30,1.6,45,False,True,True,185,1.2793430212987638,57.2972972972973,1.326908576814326,0.06956824521200683,10.630622496393876,True,
1.278256903726099,4.5,16,35,35,1.6,45,False,True,True,185,1.278256903726099,57.2972972972973,1.326908576814326,0.06956824521200654,8.513581020322576,True,
1.2754785492686977,4.0,16,35,15,1.6,45,False,True,True,185,1.2754785492686977,57.2972972972973,1.326908576814326,0.06956824521200668,9.431136792183517,True,
1.2754785492686977,4.0,16,35,35,1.6,45,False,True,True,185,1.2754785492686977,57.2972972972973,1.326908576814326,0.06956824521200668,9.431136792183517,True,
1.2754785492686977,4.0,16,35,25,1.6,45,False,True,True,185,1.2754785492686977,57.2972972972973,1.326908576814326,0.06956824521200668,9.431136792183517,True,
1.2754785492686977,4.0,16,35,40,1.5,45,False,True,True,185,1.2754785492686977,57.2972972972973,1.326908576814326,0.06956824521200668,9.431136792183517,True,
1.2712115674136546,2.0,20,25,20,1.1,50,False,True,True,351,1.2712115674136546,56.41025641025641,2.517540056550424,0.07985569266975062,32.94706952037053,True,
1.2706988205068568,4.0,16,35,40,1.2,50,False,True,True,183,1.2706988205068568,57.377049180327866,1.3125636192271442,0.06959024711510883,9.267782966001162,True,
1.2706988205068568,4.0,16,35,40,1.5,50,False,True,True,183,1.2706988205068568,57.377049180327866,1.3125636192271442,0.06959024711510883,9.267782966001162,True,
1.270283797706735,4.5,16,35,40,1.1,50,False,True,True,183,1.270283797706735,57.377049180327866,1.3125636192271442,0.06959024711510912,8.26624737728876,True,
1.270283797706735,4.5,16,35,15,1.3,50,False,True,True,183,1.270283797706735,57.377049180327866,1.3125636192271442,0.06959024711510912,8.26624737728876,True,
1.2678666449676097,4.0,20,35,40,1.5,50,True,True,False,20,1.2678666449676097,65.0,0.14344957587181903,0.1115357903066112,1.1594280202100369,False,htf_train n_trades=20.0000 <= 100.0
1.2677041001845992,4.0,16,20,40,1.5,45,True,True,True,74,1.2677041001845992,63.51351351351351,0.5307634307257304,0.07634889591905894,4.211589037558761,False,htf_train n_trades=74.0000 <= 100.0
1.261373519222247,4.5,16,35,35,1.2,40,True,True,True,40,1.261373519222247,62.5,0.28689915174363806,0.10104212199580545,2.0378867319668688,False,htf_train n_trades=40.0000 <= 100.0
1.2575927884178761,4.0,16,20,40,1.7,45,True,True,False,69,1.2575927884178761,59.42028985507246,0.49490103675777564,0.05589288035028426,3.5490984048224434,False,htf_train n_trades=69.0000 <= 100.0
1.2549427213463784,4.5,16,35,40,1.3,25,False,True,True,171,1.2549427213463784,56.72514619883041,1.2264938737040527,0.0703181167122192,7.0256536688277125,True,
1.2549427213463784,4.5,16,35,40,1.8,25,False,True,True,171,1.2549427213463784,56.72514619883041,1.2264938737040527,0.0703181167122192,7.0256536688277125,True,
1.2524600672347295,5.0,16,35,35,1.3,25,True,True,True,34,1.2524600672347295,67.64705882352942,0.24386427898209234,0.11155419109019876,1.5130941669646312,False,htf_train n_trades=34.0000 <= 100.0
1.2502268641959318,4.5,26,35,10,1.1,25,True,True,True,22,1.2502268641959318,59.09090909090909,0.15779453345900094,0.10570786826853797,1.1792137502763944,False,htf_train n_trades=22.0000 <= 100.0
1.2482494070043864,5.0,24,25,40,1.7,15,True,True,False,41,1.2482494070043864,63.41463414634146,0.294071630537229,0.04747446814340551,1.9499742670787554,False,htf_train n_trades=41.0000 <= 100.0
1.247208454395254,5.0,16,30,40,1.7,45,True,True,True,38,1.247208454395254,60.526315789473685,0.27255419415645615,0.037310546263123946,1.735699999999963,False,htf_train n_trades=38.0000 <= 100.0
1.245599651852281,5.0,16,35,15,1.0,50,False,True,True,183,1.245599651852281,57.377049180327866,1.3125636192271442,0.06959024711510871,6.815121366812152,True,
1.2435287400076127,5.0,22,35,45,1.7,45,True,True,True,12,1.2435287400076127,58.333333333333336,0.08606974552309142,0.0890997963051434,0.5118000000000006,False,htf_train n_trades=12.0000 <= 100.0
1.2420430252703325,4.0,14,35,20,1.6,50,True,True,False,27,1.2420430252703325,55.55555555555556,0.1936569274269557,0.007100092819483914,1.8124463553245576,False,htf_train n_trades=27.0000 <= 100.0
1.2385203476784026,3.5,24,35,40,1.7,25,True,True,True,10,1.2385203476784026,70.0,0.07172478793590951,0.0771211612210457,0.6508848929086184,False,htf_train n_trades=10.0000 <= 100.0
1.2385203476784026,3.5,24,35,35,1.7,50,True,True,True,10,1.2385203476784026,70.0,0.07172478793590951,0.0771211612210457,0.6508848929086184,False,htf_train n_trades=10.0000 <= 100.0
1.2358024743507698,4.5,14,35,20,1.3,25,True,True,True,39,1.2358024743507698,64.1025641025641,0.2797266729500471,0.04195961621598532,1.7780009333701239,False,htf_train n_trades=39.0000 <= 100.0
1.2290569308432147,3.5,22,30,50,1.2,50,False,True,True,177,1.2290569308432147,56.49717514124294,1.2695287464655984,0.04930651220213803,9.118409319153306,True,
1.2273086322445916,4.5,24,35,40,1.7,25,True,True,False,13,1.2273086322445916,69.23076923076923,0.09324222431668237,0.0784412445480743,0.5127351123047652,False,htf_train n_trades=13.0000 <= 100.0
1.226539860267053,1.5,16,35,35,1.2,25,True,True,True,41,1.226539860267053,63.41463414634146,0.294071630537229,0.07838459454518963,2.899999158340065,False,htf_train n_trades=41.0000 <= 100.0
1.2263086120844382,4.0,14,35,15,1.7,45,False,True,True,233,1.2263086120844382,56.65236051502146,1.6711875589066918,0.06436841604219905,10.974362931361709,True,
1.2253325382416718,3.5,16,35,35,1.3,30,True,True,True,33,1.2253325382416718,66.66666666666666,0.2366918001885014,0.10083886702661568,1.9464831798121918,False,htf_train n_trades=33.0000 <= 100.0
1.2167887066805159,4.0,22,20,15,1.9,50,False,True,True,481,1.2167887066805159,56.34095634095634,3.4499622997172477,0.060578099357925304,23.388095864068482,True,
1.211970690763001,3.5,16,20,40,1.5,45,True,True,True,74,1.211970690763001,63.51351351351351,0.5307634307257304,0.076348895919059,3.955453266309798,False,htf_train n_trades=74.0000 <= 100.0
1.2052959895530733,3.0,16,30,30,1.5,20,True,True,True,45,1.2052959895530733,57.77777777777777,0.3227615457115928,0.04889453275325812,2.7419592294832387,False,htf_train n_trades=45.0000 <= 100.0
1.2036756271246465,3.5,14,25,10,1.2,45,True,True,True,102,1.2036756271246465,61.76470588235294,0.7315928369462771,0.07930540790078908,5.370357725011597,True,
1.2030961510520217,4.0,16,15,35,1.6,50,True,True,True,76,1.2030961510520217,60.526315789473685,0.5451083883129123,0.06199498495665936,3.533614727417271,False,htf_train n_trades=76.0000 <= 100.0
1.19960633618663,4.5,14,35,20,1.6,45,True,True,False,27,1.19960633618663,55.55555555555556,0.1936569274269557,0.007100092819486118,1.32679744219761,False,htf_train n_trades=27.0000 <= 100.0
1.19960633618663,4.5,14,35,20,1.6,50,True,True,False,27,1.19960633618663,55.55555555555556,0.1936569274269557,0.007100092819486118,1.32679744219761,False,htf_train n_trades=27.0000 <= 100.0
1.197870803954932,4.0,16,20,40,1.5,50,True,True,True,73,1.197870803954932,63.013698630136986,0.5235909519321394,0.0627779469113811,3.1129538479794703,False,htf_train n_trades=73.0000 <= 100.0
1.1950121696621068,5.0,22,15,15,1.4,50,False,True,True,695,1.1950121696621068,55.539568345323744,4.984872761545711,0.04828299776568774,25.288375173353877,True,
1.1907260808868545,4.0,18,20,10,1.6,45,True,True,True,51,1.1907260808868545,60.78431372549019,0.36579641847313854,-0.038451267650813366,2.408199694137427,False,htf_train n_trades=51.0000 <= 100.0
1.1904811411672769,5.0,16,35,35,1.7,45,False,True,False,227,1.1904811411672769,54.18502202643172,1.628152686145146,0.04348676401800819,7.063597736650397,True,
1.1904811411672769,5.0,16,35,45,1.9,45,False,True,False,227,1.1904811411672769,54.18502202643172,1.628152686145146,0.04348676401800819,7.063597736650397,True,
1.1884536484636512,4.0,16,35,40,1.6,45,False,True,False,227,1.1884536484636512,54.18502202643172,1.628152686145146,0.04348676401800792,8.586840738484272,True,
1.1884536484636512,4.0,16,35,40,1.5,50,False,True,False,227,1.1884536484636512,54.18502202643172,1.628152686145146,0.04348676401800792,8.586840738484272,True,
1.1869272329006466,3.5,16,35,20,1.8,50,True,True,False,10,1.1869272329006466,50.0,0.07172478793590951,0.24551012906633543,0.5482943225113786,False,htf_train n_trades=10.0000 <= 100.0
1.1865497692210651,4.5,16,15,40,1.7,45,True,True,True,68,1.1865497692210651,61.76470588235294,0.4877285579641847,0.07069344184882548,2.6285041324029224,False,htf_train n_trades=68.0000 <= 100.0
1.1789938155292001,4.0,16,15,40,1.6,45,True,True,True,78,1.1789938155292001,60.256410256410255,0.5594533459000942,0.048160242565244336,3.180091098049497,False,htf_train n_trades=78.0000 <= 100.0
1.1789208132114875,3.5,16,35,35,1.7,25,False,True,False,227,1.1789208132114875,54.18502202643172,1.628152686145146,0.04348676401800776,9.051090826201131,True,
1.1789208132114875,3.5,16,35,20,1.7,45,False,True,False,227,1.1789208132114875,54.18502202643172,1.628152686145146,0.04348676401800776,9.051090826201131,True,
1.1772293336068,3.5,16,30,35,1.7,45,False,True,True,304,1.1772293336068,55.92105263157895,2.1804335532516492,0.04493136204602974,12.939528191434016,True,
1.1747719285306508,2.0,14,35,15,1.0,30,False,True,False,279,1.1747719285306508,54.48028673835126,2.0011215834118756,0.044667081367236995,15.877294730951974,True,
1.1735592106527886,5.0,14,35,35,1.7,50,True,True,False,25,1.1735592106527886,60.0,0.1793119698397738,-0.009626008809729403,0.8253434703382732,False,htf_train n_trades=25.0000 <= 100.0
1.1726942841248986,3.5,26,35,35,1.7,25,True,True,True,9,1.1726942841248986,66.66666666666666,0.06455230914231856,0.07616082403389907,0.36038787614693546,False,htf_train n_trades=9.0000 <= 100.0
1.1726942841248986,3.5,26,35,40,1.6,45,True,True,True,9,1.1726942841248986,66.66666666666666,0.06455230914231856,0.07616082403389907,0.36038787614693546,False,htf_train n_trades=9.0000 <= 100.0
1.1723395762151005,4.0,16,30,35,1.8,40,False,True,True,302,1.1723395762151005,55.29801324503312,2.1660885956644673,0.0484074532527959,11.182059249743409,True,
1.1721461577363539,3.0,14,20,20,1.6,50,False,True,True,633,1.1721461577363539,54.66034755134282,4.5401790763430725,0.042171889100128056,31.671412405955518,True,
1.172006178695491,1.5,14,35,20,1.3,45,False,True,False,278,1.172006178695491,54.67625899280576,1.9939491046182845,0.04770418243294721,16.465796757042657,True,
1.1679604303108968,4.0,14,20,15,1.6,50,False,True,True,633,1.1679604303108968,54.66034755134282,4.5401790763430725,0.04217188910012802,24.557355906902913,True,
1.1678762298062915,3.5,24,25,20,1.1,50,False,True,True,281,1.1678762298062915,54.804270462633454,2.0154665409990575,0.04654948049165969,12.088404788090752,True,
1.163967805032902,4.5,16,35,15,1.1,45,True,True,False,67,1.163967805032902,61.19402985074627,0.48055607917059373,0.029306655775151225,2.3373271034538194,False,htf_train n_trades=67.0000 <= 100.0
1.160877426722493,5.0,16,35,40,1.8,20,True,True,True,13,1.160877426722493,61.53846153846154,0.09324222431668237,0.16079650157947806,0.33809999999999263,False,htf_train n_trades=13.0000 <= 100.0
1.1603778473032968,1.0,16,35,40,1.5,50,False,True,False,225,1.1603778473032968,54.666666666666664,1.6138077285579642,0.04777513341294843,11.30889309776588,True,
1.1581627252133002,5.0,16,25,35,1.6,45,True,True,True,51,1.1581627252133002,56.86274509803921,0.36579641847313854,0.032940228094565024,1.4940999999999667,False,htf_train n_trades=51.0000 <= 100.0
1.1553699443877434,5.0,16,30,40,1.6,40,False,True,True,302,1.1553699443877434,55.29801324503312,2.1660885956644673,0.048407453252796294,8.251290873218554,True,
1.1544712997552737,4.0,18,15,35,1.7,40,False,True,True,780,1.1544712997552737,55.51282051282052,5.594533459000942,0.04109372847962142,28.994418056482857,True,
1.1538999729716597,3.5,26,35,35,1.7,25,True,True,False,12,1.1538999729716597,66.66666666666666,0.08606974552309142,0.07783099860163624,0.3490080176032393,False,htf_train n_trades=12.0000 <= 100.0
1.1535718716451444,4.5,16,35,35,1.1,45,True,True,True,54,1.1535718716451444,55.55555555555556,0.3873138548539114,-0.0025839415964280777,1.6202069036624176,False,htf_train n_trades=54.0000 <= 100.0
1.1511516597412603,5.0,16,35,15,1.1,45,True,True,False,67,1.1511516597412603,61.19402985074627,0.48055607917059373,0.02930665577515093,1.9541378547130375,False,htf_train n_trades=67.0000 <= 100.0
1.1509346482458147,4.0,16,30,40,1.6,45,True,True,True,41,1.1509346482458147,56.09756097560976,0.294071630537229,-0.004601312502728915,1.4311990455458476,False,htf_train n_trades=41.0000 <= 100.0
1.1500739105647957,4.0,16,15,40,1.7,30,True,True,True,67,1.1500739105647957,59.70149253731343,0.48055607917059373,0.03150053660697413,2.3007745194848574,False,htf_train n_trades=67.0000 <= 100.0
1.1496710352320554,2.0,14,25,20,1.9,50,False,True,True,485,1.1496710352320554,54.84536082474227,3.4786522148916115,0.04714793938922082,26.11665523110768,True,
1.1496710352320554,2.0,14,25,15,1.9,50,False,True,True,485,1.1496710352320554,54.84536082474227,3.4786522148916115,0.04714793938922082,26.11665523110768,True,
1.1437902352196503,5.0,16,25,35,1.6,45,True,False,True,81,1.1437902352196503,60.49382716049383,0.5809707822808671,0.02350047300867452,2.328528523786258,False,htf_train n_trades=81.0000 <= 100.0
1.1404473408599491,3.5,16,35,25,1.8,50,False,False,True,831,1.1404473408599491,55.47533092659447,5.960329877474081,0.03772351908476655,32.24575882744826,True,
1.1381053357351112,4.0,14,30,15,1.6,50,False,False,True,831,1.1381053357351112,55.47533092659447,5.960329877474081,0.03772351908476641,28.172096719583585,True,
1.1365688965101837,5.0,16,35,45,1.0,45,True,True,True,76,1.1365688965101837,57.89473684210527,0.5451083883129123,0.02437862606959036,1.7145285610459111,False,htf_train n_trades=76.0000 <= 100.0
1.1333376274373579,4.5,22,25,20,1.6,50,False,False,True,831,1.1333376274373579,55.47533092659447,5.960329877474081,0.03772351908476638,24.26391799432545,True,
1.131880610739355,3.5,24,30,20,1.9,20,False,True,True,145,1.131880610739355,53.79310344827586,1.040009425070688,0.032915104307618265,4.667703142796122,True,
1.1313270199574363,5.0,22,15,20,1.6,50,False,False,True,831,1.1313270199574363,55.47533092659447,5.960329877474081,0.03772351908476617,21.64677369654989,True,
1.1313270199574363,5.0,14,35,20,1.8,50,False,False,True,831,1.1313270199574363,55.47533092659447,5.960329877474081,0.03772351908476617,21.64677369654989,True,
1.1313270199574363,5.0,22,35,40,1.1,50,False,False,True,831,1.1313270199574363,55.47533092659447,5.960329877474081,0.03772351908476617,21.64677369654989,True,
1.1313270199574363,5.0,16,35,20,1.7,50,False,False,True,831,1.1313270199574363,55.47533092659447,5.960329877474081,0.03772351908476617,21.64677369654989,True,
1.128992817061698,4.0,14,30,50,1.2,50,False,True,True,345,1.128992817061698,55.072463768115945,2.474505183788878,0.027204071003351368,9.868679172435575,True,
1.1276608116448081,4.5,26,35,40,1.7,50,True,True,False,12,1.1276608116448081,66.66666666666666,0.08606974552309142,0.07783099860163362,0.23846760521608984,False,htf_train n_trades=12.0000 <= 100.0
1.1273547556485992,4.0,18,30,35,1.7,40,False,True,True,250,1.1273547556485992,55.60000000000001,1.793119698397738,0.039754326430861485,7.057335453019266,True,
1.1254380134233652,3.5,22,25,45,1.6,45,True,True,False,52,1.1254380134233652,61.53846153846154,0.3729688972667295,0.04989623268188847,1.843574736882126,False,htf_train n_trades=52.0000 <= 100.0
1.125225897834505,5.0,22,25,15,1.4,45,False,True,True,322,1.125225897834505,55.590062111801245,2.3095381715362864,0.04317134408133348,7.4312479613883164,True,
1.1248370500004445,2.0,16,35,35,2.0,50,True,True,True,10,1.1248370500004445,50.0,0.07172478793590951,0.1244481655667391,0.4627417742655984,False,htf_train n_trades=10.0000 <= 100.0
1.121531650167079,4.0,14,35,15,1.7,50,True,True,True,18,1.121531650167079,50.0,0.12910461828463712,-0.050737372937943594,0.7222233051362354,False,htf_train n_trades=18.0000 <= 100.0
1.1179827010396288,2.5,24,25,25,1.9,20,False,True,True,286,1.1179827010396288,54.54545454545454,2.051328934967012,0.03322198135063063,11.308074001143224,True,
1.1111325621834458,3.5,24,35,35,1.5,45,True,True,False,15,1.1111325621834458,66.66666666666666,0.10758718190386428,0.05988991538406161,0.5045984538385915,False,htf_train n_trades=15.0000 <= 100.0
1.110375181079863,4.5,22,35,45,1.8,45,True,True,False,13,1.110375181079863,61.53846153846154,0.09324222431668237,0.05228130150760793,0.2598568487722355,False,htf_train n_trades=13.0000 <= 100.0
1.1090451883636707,5.0,16,35,35,1.6,35,True,False,True,78,1.1090451883636707,60.256410256410255,0.5594533459000942,0.002645657823610383,1.6600539775655443,False,htf_train n_trades=78.0000 <= 100.0
1.1072759838405597,3.5,16,35,35,1.6,40,True,False,True,79,1.1072759838405597,60.75949367088608,0.5666258246936852,0.02199958101480163,2.341914049966174,False,htf_train n_trades=79.0000 <= 100.0
1.1049478379350652,2.0,14,30,20,1.6,50,False,True,True,344,1.1049478379350652,54.94186046511628,2.4673327049952873,0.023413730067904853,11.550248954440697,True,
1.1007965614258035,4.5,24,25,20,1.5,20,False,True,True,286,1.1007965614258035,54.54545454545454,2.051328934967012,0.03322198135063055,6.351553806368922,True,
1.1002816264241808,3.5,16,35,35,1.6,45,True,False,True,81,1.1002816264241808,60.49382716049383,0.5809707822808671,0.023500473008673656,2.293074545831489,False,htf_train n_trades=81.0000 <= 100.0
1.0918334499016262,3.0,16,15,35,1.6,10,False,False,True,531,1.0918334499016262,53.672316384180796,3.8085862393967953,0.004736787270014893,14.960514641595474,False,htf_train profit_factor=1.0918 <= 1.1
1.0911118077698874,4.0,16,35,35,2.0,10,True,True,False,10,1.0911118077698874,50.0,0.07172478793590951,0.12444816556673867,0.22992727317940762,False,htf_train profit_factor=1.0911 <= 1.1
1.0911118077698874,4.0,16,35,35,1.9,45,True,True,True,10,1.0911118077698874,50.0,0.07172478793590951,0.12444816556673867,0.22992727317940762,False,htf_train profit_factor=1.0911 <= 1.1
1.0911118077698874,4.0,16,35,35,2.0,50,True,True,True,10,1.0911118077698874,50.0,0.07172478793590951,0.12444816556673867,0.22992727317940762,False,htf_train profit_factor=1.0911 <= 1.1
1.0907755423801069,4.5,16,35,35,1.7,40,False,False,True,887,1.0907755423801069,55.12965050732808,6.361988689915174,0.02781199993640652,18.15013948949241,False,htf_train profit_factor=1.0908 <= 1.1
1.0907755423801069,4.5,16,35,35,1.4,40,False,False,True,887,1.0907755423801069,55.12965050732808,6.361988689915174,0.02781199993640652,18.15013948949241,False,htf_train profit_factor=1.0908 <= 1.1
1.0906630581867376,5.0,24,35,40,1.8,45,True,True,True,8,1.0906630581867376,62.5,0.057379830348727616,-0.033154728324591674,0.17419999999999844,False,htf_train profit_factor=1.0907 <= 1.1
1.0850649351631387,3.5,22,25,45,1.7,45,True,True,True,41,1.0850649351631387,58.536585365853654,0.294071630537229,0.026838653805965576,1.1091476914862664,False,htf_train profit_factor=1.0851 <= 1.1
1.0835207267550586,5.0,14,35,35,1.6,50,True,False,True,80,1.0835207267550586,60.0,0.5737983034872761,0.01045637675278867,1.3525285237862545,False,htf_train profit_factor=1.0835 <= 1.1
1.0829452061648892,4.5,16,35,40,1.7,45,True,False,True,72,1.0829452061648892,61.111111111111114,0.5164184731385485,0.01294507401718211,1.3155566926957316,False,htf_train profit_factor=1.0829 <= 1.1
1.0810420301447787,3.5,22,25,45,1.5,45,True,True,True,52,1.0810420301447787,61.53846153846154,0.3729688972667295,0.05022613717501484,1.335380689961646,False,htf_train profit_factor=1.0810 <= 1.1
1.0789427415074062,1.0,22,30,50,1.2,50,False,False,True,824,1.0789427415074062,55.46116504854369,5.910122525918944,0.03169437207450134,25.635006337910394,False,htf_train profit_factor=1.0789 <= 1.1
1.078616651799739,2.0,16,20,40,1.6,45,True,True,True,65,1.078616651799739,61.53846153846154,0.4662111215834118,0.06101277638774592,1.8339435548869938,False,htf_train profit_factor=1.0786 <= 1.1
1.0779731751626875,5.0,22,15,15,1.4,35,False,True,False,935,1.0779731751626875,52.834224598930476,6.70626767200754,0.01270856980198061,15.431865814246901,False,htf_train profit_factor=1.0780 <= 1.1
1.0718867392855393,4.0,16,20,40,1.5,45,True,True,False,90,1.0718867392855393,58.88888888888889,0.6455230914231856,0.027814809159412077,1.436563145078553,False,htf_train profit_factor=1.0719 <= 1.1
1.0715718913942436,4.0,14,25,15,1.5,20,False,True,True,506,1.0715718913942436,54.1501976284585,3.6292742695570217,0.019742896537808176,8.767229564387565,False,htf_train profit_factor=1.0716 <= 1.1
1.0711053324543736,4.0,18,35,20,1.6,45,False,True,True,143,1.0711053324543736,54.54545454545454,1.025664467483506,0.013337923145706108,2.087024153271984,False,htf_train profit_factor=1.0711 <= 1.1
1.0705090029956241,5.0,16,25,40,1.6,45,True,True,False,58,1.0705090029956241,56.896551724137936,0.4160037700282752,0.008355908640787182,0.7447022088337644,False,htf_train profit_factor=1.0705 <= 1.1
1.0703419669977918,4.0,22,25,20,1.6,30,False,False,False,1171,1.0703419669977918,53.3731853116994,8.398972667295004,0.013204714156101954,22.604822316736787,False,htf_train profit_factor=1.0703 <= 1.1
1.06884771097242,5.0,22,20,45,1.6,30,False,False,False,1171,1.06884771097242,53.3731853116994,8.398972667295004,0.013204714156101667,17.97925077310441,False,htf_train profit_factor=1.0688 <= 1.1
1.06884771097242,5.0,22,15,15,1.9,20,False,False,False,1171,1.06884771097242,53.3731853116994,8.398972667295004,0.013204714156101667,17.97925077310441,False,htf_train profit_factor=1.0688 <= 1.1
1.06884771097242,5.0,22,20,15,1.5,40,False,False,False,1171,1.06884771097242,53.3731853116994,8.398972667295004,0.013204714156101667,17.97925077310441,False,htf_train profit_factor=1.0688 <= 1.1
1.06884771097242,5.0,22,15,20,1.6,30,False,False,False,1171,1.06884771097242,53.3731853116994,8.398972667295004,0.013204714156101667,17.97925077310441,False,htf_train profit_factor=1.0688 <= 1.1
1.06884771097242,5.0,16,25,20,1.6,10,False,False,False,1171,1.06884771097242,53.3731853116994,8.398972667295004,0.013204714156101667,17.97925077310441,False,htf_train profit_factor=1.0688 <= 1.1
1.06884771097242,5.0,16,25,20,1.9,20,False,False,False,1171,1.06884771097242,53.3731853116994,8.398972667295004,0.013204714156101667,17.97925077310441,False,htf_train profit_factor=1.0688 <= 1.1
1.067654921698494,3.0,22,20,20,1.6,30,False,False,False,1171,1.067654921698494,53.3731853116994,8.398972667295004,0.01320471415610213,27.03777145830129,False,htf_train profit_factor=1.0677 <= 1.1
1.067654921698494,3.0,28,30,35,1.6,45,False,False,False,1171,1.067654921698494,53.3731853116994,8.398972667295004,0.01320471415610213,27.03777145830129,False,htf_train profit_factor=1.0677 <= 1.1
1.067654921698494,3.0,14,30,15,1.5,45,False,False,False,1171,1.067654921698494,53.3731853116994,8.398972667295004,0.01320471415610213,27.03777145830129,False,htf_train profit_factor=1.0677 <= 1.1
1.0669864810258074,4.5,16,35,10,1.0,45,True,True,False,85,1.0669864810258074,58.82352941176471,0.6096606974552309,0.012284237204340125,1.1984232078027457,False,htf_train profit_factor=1.0670 <= 1.1
1.0668495769786952,1.0,20,30,25,1.2,10,False,True,False,258,1.0668495769786952,53.875968992248055,1.8504995287464654,0.02560073544044011,6.099607591219533,False,htf_train profit_factor=1.0668 <= 1.1
1.0655862011190864,4.5,14,15,20,1.1,45,False,False,False,1171,1.0655862011190864,53.3731853116994,8.398972667295004,0.01320471415610202,18.928410224428617,False,htf_train profit_factor=1.0656 <= 1.1
1.0655862011190864,4.5,14,30,25,1.1,45,False,False,False,1171,1.0655862011190864,53.3731853116994,8.398972667295004,0.01320471415610202,18.928410224428617,False,htf_train profit_factor=1.0656 <= 1.1
1.062297132087138,3.0,14,15,20,1.6,15,True,True,True,75,1.062297132087138,60.0,0.5379359095193214,-0.003535213884095021,1.4078634517402657,False,htf_train profit_factor=1.0623 <= 1.1
1.0605725214840895,5.0,14,15,20,1.3,15,False,True,False,1048,1.0605725214840895,53.24427480916031,7.516757775683317,0.012190146256880561,13.56179811141372,False,htf_train profit_factor=1.0606 <= 1.1
1.0588971579981759,3.5,14,25,10,1.2,20,True,True,True,106,1.0588971579981759,60.37735849056604,0.7602827521206409,0.03853886363409726,1.6750500832834383,False,htf_train profit_factor=1.0589 <= 1.1
1.0554922846063486,4.0,16,35,40,1.5,45,False,False,True,871,1.0554922846063486,54.99425947187141,6.247229029217719,0.018020567551912097,12.27990183649195,False,htf_train profit_factor=1.0555 <= 1.1
1.0550407586054396,3.0,20,30,35,1.6,45,False,False,True,871,1.0550407586054396,54.99425947187141,6.247229029217719,0.018020567551912024,14.987859694875441,False,htf_train profit_factor=1.0550 <= 1.1
1.0542568527791514,2.5,22,30,25,1.4,45,False,False,False,1171,1.0542568527791514,53.3731853116994,8.398972667295004,0.01320471415610174,23.69748853057157,False,htf_train profit_factor=1.0543 <= 1.1
1.0540255344224312,4.5,22,35,40,1.3,45,False,False,True,871,1.0540255344224312,54.99425947187141,6.247229029217719,0.018020567551912118,10.748946581798807,False,htf_train profit_factor=1.0540 <= 1.1
1.0540255344224312,4.5,14,25,20,1.9,45,False,False,True,871,1.0540255344224312,54.99425947187141,6.247229029217719,0.018020567551912118,10.748946581798807,False,htf_train profit_factor=1.0540 <= 1.1
1.052700454614589,5.0,16,30,40,1.6,40,True,True,True,40,1.052700454614589,55.00000000000001,0.28689915174363806,-0.0316622964463292,0.410544724535232,False,htf_train profit_factor=1.0527 <= 1.1
1.0523342014299242,1.5,22,15,15,1.4,50,True,True,True,94,1.0523342014299242,62.76595744680851,0.6742130065975495,0.02995362696935967,1.9108359155384231,False,htf_train profit_factor=1.0523 <= 1.1
1.0512021086880121,3.5,14,35,20,1.7,45,True,True,True,20,1.0512021086880121,55.00000000000001,0.14344957587181903,-0.020941645078310835,0.3644023273343169,False,htf_train profit_factor=1.0512 <= 1.1
1.051134463602924,4.0,16,25,20,1.6,45,True,True,False,53,1.051134463602924,56.60377358490566,0.38014137606032045,-0.04909650899646195,0.6710156547603947,False,htf_train profit_factor=1.0511 <= 1.1
1.0510788277054899,5.0,16,35,35,1.6,45,False,False,True,871,1.0510788277054899,54.99425947187141,6.247229029217719,0.018020567551911837,9.248713542273013,False,htf_train profit_factor=1.0511 <= 1.1
1.0503849398270235,3.5,16,15,40,1.7,25,True,True,True,69,1.0503849398270235,59.42028985507246,0.49490103675777564,0.024939372520913074,0.9631741886965324,False,htf_train profit_factor=1.0504 <= 1.1
1.0446247737645715,3.5,16,15,35,1.7,25,True,True,True,67,1.0446247737645715,58.2089552238806,0.48055607917059373,0.02277346986002554,0.8453338798166328,False,htf_train profit_factor=1.0446 <= 1.1
1.0427375982385414,2.0,14,35,40,1.5,25,True,True,True,27,1.0427375982385414,59.25925925925925,0.1936569274269557,0.010161958611057903,0.4398950619674019,False,htf_train profit_factor=1.0427 <= 1.1
1.0425710696390977,2.0,16,25,35,1.1,45,False,True,True,452,1.0425710696390977,54.20353982300885,3.2419604147031102,0.017776884387292972,6.97139853289954,False,htf_train profit_factor=1.0426 <= 1.1
1.0397188664804862,1.5,22,35,45,1.5,45,False,False,True,869,1.0397188664804862,55.00575373993095,6.2328840716305365,0.017450494821425116,13.22670761992063,False,htf_train profit_factor=1.0397 <= 1.1
1.0397188664804862,1.5,16,30,45,1.5,45,False,False,True,869,1.0397188664804862,55.00575373993095,6.2328840716305365,0.017450494821425116,13.22670761992063,False,htf_train profit_factor=1.0397 <= 1.1
1.037594387175156,3.5,16,25,45,1.6,45,True,True,True,52,1.037594387175156,57.692307692307686,0.3729688972667295,0.021080265751196047,0.5612268521319834,False,htf_train profit_factor=1.0376 <= 1.1
1.0369122015551622,1.0,20,25,20,1.1,15,False,True,True,336,1.0369122015551622,53.86904761904761,2.4099528746465597,0.016324379553156396,4.814786960379601,False,htf_train profit_factor=1.0369 <= 1.1
1.036893325334796,5.0,28,35,40,1.6,45,True,True,False,11,1.036893325334796,63.63636363636363,0.07889726672950047,0.051561929001004723,0.06129088137869757,False,htf_train profit_factor=1.0369 <= 1.1
1.0365995074059338,2.5,24,30,25,1.4,15,False,False,True,888,1.0365995074059338,53.71621621621622,6.369161168708765,0.009471352029222894,11.194773434648383,False,htf_train profit_factor=1.0366 <= 1.1
1.0353287098190098,4.5,16,25,15,1.7,45,False,True,True,453,1.0353287098190098,54.3046357615894,3.249132893496701,0.020676011249124347,3.5517150707330662,False,htf_train profit_factor=1.0353 <= 1.1
1.0336858286576946,4.0,16,15,25,1.6,45,True,True,False,91,1.0336858286576946,57.14285714285714,0.6526955702167766,-0.021051198007156043,0.7379679682625465,False,htf_train profit_factor=1.0337 <= 1.1
1.0329780742962713,3.5,26,35,40,1.7,50,True,False,True,71,1.0329780742962713,60.56338028169014,0.5092459943449575,-0.0019011668203180567,0.6838617762880062,False,htf_train profit_factor=1.0330 <= 1.1
1.0326620116410967,4.0,24,15,30,1.5,45,True,True,False,100,1.0326620116410967,56.99999999999999,0.7172478793590952,0.01135054534968714,0.8365790380772705,False,htf_train profit_factor=1.0327 <= 1.1
1.0317030299181957,3.5,16,30,40,1.6,50,True,True,True,41,1.0317030299181957,56.09756097560976,0.294071630537229,-0.004601312502729334,0.3738898222243938,False,htf_train profit_factor=1.0317 <= 1.1
1.031560462239244,1.5,22,35,45,1.4,15,False,False,False,1168,1.031560462239244,53.339041095890416,8.377455230914231,0.012618548027875523,15.457086489255584,False,htf_train profit_factor=1.0316 <= 1.1
1.031560462239244,1.5,24,25,45,1.4,15,False,False,False,1168,1.031560462239244,53.339041095890416,8.377455230914231,0.012618548027875523,15.457086489255584,False,htf_train profit_factor=1.0316 <= 1.1
1.031560462239244,1.5,22,15,15,1.4,45,False,False,False,1168,1.031560462239244,53.339041095890416,8.377455230914231,0.012618548027875523,15.457086489255584,False,htf_train profit_factor=1.0316 <= 1.1
1.0315477606349588,5.0,22,30,15,1.3,50,False,True,False,227,1.0315477606349588,53.74449339207048,1.628152686145146,-0.0009067597434374845,1.4119490664257888,False,htf_train profit_factor=1.0315 <= 1.1
1.030088983681154,5.0,16,30,30,1.6,50,True,False,True,81,1.030088983681154,58.0246913580247,0.5809707822808671,-0.0018324551365222843,0.5162533039800519,False,htf_train profit_factor=1.0301 <= 1.1
1.0294729714342827,2.5,18,35,30,1.7,35,False,True,True,132,1.0294729714342827,52.27272727272727,0.9467672007540056,0.006846581006546587,1.029954371007975,False,htf_train profit_factor=1.0295 <= 1.1
1.02760453488796,5.0,16,35,40,1.6,45,True,False,True,83,1.02760453488796,59.036144578313255,0.595315739868049,-0.012469706485588806,0.4675247694899599,False,htf_train profit_factor=1.0276 <= 1.1
1.0268727424272552,3.5,16,35,35,2.0,50,True,True,False,10,1.0268727424272552,50.0,0.07172478793590951,0.12444816556673763,0.08063844811948684,False,htf_train profit_factor=1.0269 <= 1.1
1.0267226426751603,5.0,16,30,20,1.6,25,True,True,False,42,1.0267226426751603,54.761904761904766,0.30124410933081996,-0.07804537547170427,0.22902311898287506,False,htf_train profit_factor=1.0267 <= 1.1
1.026074699741624,4.0,16,25,40,1.5,45,True,True,True,57,1.026074699741624,57.89473684210527,0.40883129123468426,0.010665072204710212,0.3635207948312018,False,htf_train profit_factor=1.0261 <= 1.1
1.0244214684442887,4.0,16,35,40,1.6,45,True,False,True,83,1.0244214684442887,59.036144578313255,0.595315739868049,-0.0124697064855886,0.5096263428350903,False,htf_train profit_factor=1.0244 <= 1.1
1.0244214684442887,4.0,16,30,40,1.6,45,True,False,True,83,1.0244214684442887,59.036144578313255,0.595315739868049,-0.0124697064855886,0.5096263428350903,False,htf_train profit_factor=1.0244 <= 1.1
1.0201501254350338,1.0,14,15,25,1.8,45,False,False,True,863,1.0201501254350338,54.92468134414832,6.189849198868991,0.012050935133105442,6.648770152155372,False,htf_train profit_factor=1.0202 <= 1.1
1.0191418156038414,4.0,20,25,15,1.1,15,True,True,True,107,1.0191418156038414,57.009345794392516,0.7674552309142318,0.016152736847117335,0.5645974200314845,False,htf_train profit_factor=1.0191 <= 1.1
1.019022507307441,2.5,14,25,25,1.5,40,False,True,False,613,1.019022507307441,52.69168026101142,4.396729500471253,0.0032101224644771695,3.998775897686742,False,htf_train profit_factor=1.0190 <= 1.1
1.0186342982171777,3.0,22,20,15,1.4,45,False,True,False,637,1.0186342982171777,52.590266875981165,4.568868991517436,-0.0023000893966070883,3.858756554343067,False,htf_train profit_factor=1.0186 <= 1.1
1.013266988266474,3.0,14,25,15,1.5,20,True,True,True,59,1.013266988266474,59.32203389830508,0.42317624882186616,-0.0039938048944225075,0.22691224807960905,False,htf_train profit_factor=1.0133 <= 1.1
1.0132329346972353,5.0,26,15,15,1.3,50,True,True,True,106,1.0132329346972353,57.54716981132076,0.7602827521206409,-0.03174014248394205,0.28698053735457507,False,htf_train profit_factor=1.0132 <= 1.1
1.0126310351359684,1.0,22,30,50,1.2,10,False,False,False,1161,1.0126310351359684,53.3161068044789,8.327247879359096,0.008658228843699965,5.993522396615967,False,htf_train profit_factor=1.0126 <= 1.1
1.0126310351359684,1.0,16,35,20,1.9,20,False,False,False,1161,1.0126310351359684,53.3161068044789,8.327247879359096,0.008658228843699965,5.993522396615967,False,htf_train profit_factor=1.0126 <= 1.1
1.0126310351359684,1.0,22,35,25,1.4,10,False,False,False,1161,1.0126310351359684,53.3161068044789,8.327247879359096,0.008658228843699965,5.993522396615967,False,htf_train profit_factor=1.0126 <= 1.1
1.0126310351359684,1.0,22,20,20,1.6,30,False,False,False,1161,1.0126310351359684,53.3161068044789,8.327247879359096,0.008658228843699965,5.993522396615967,False,htf_train profit_factor=1.0126 <= 1.1
1.0122333978544165,1.5,22,20,45,1.1,15,False,True,True,493,1.0122333978544165,53.7525354969574,3.536032045240339,0.0025593873229275512,2.3811063869491997,False,htf_train profit_factor=1.0122 <= 1.1
1.0122214413079886,1.0,20,15,40,1.3,15,False,True,False,960,1.0122214413079886,53.125,6.885579641847314,0.008007435654541633,4.781206759650662,False,htf_train profit_factor=1.0122 <= 1.1
1.0114167813821788,1.0,16,35,35,1.6,50,True,False,True,77,1.0114167813821788,61.038961038961034,0.5522808671065033,0.014137108968377842,0.386912793379638,False,htf_train profit_factor=1.0114 <= 1.1
1.011180810251806,4.5,16,35,40,1.1,40,True,True,True,54,1.011180810251806,55.55555555555556,0.3873138548539114,-0.03789820317811966,0.13009130574415168,False,htf_train profit_factor=1.0112 <= 1.1
1.0108192873259025,3.5,24,20,20,1.1,50,False,True,False,590,1.0108192873259025,52.54237288135594,4.231762488218662,-0.006810637456109611,1.8647083062252545,False,htf_train profit_factor=1.0108 <= 1.1
1.0106585530767784,3.5,28,15,25,1.0,45,True,True,True,214,1.0106585530767784,56.54205607476636,1.5349104618284637,-0.010633893755945681,0.6175373981881217,False,htf_train profit_factor=1.0107 <= 1.1
1.0101011346212552,1.5,16,35,40,1.1,35,True,True,False,69,1.0101011346212552,55.072463768115945,0.49490103675777564,-0.01256072926321881,0.22664284053613756,False,htf_train profit_factor=1.0101 <= 1.1
1.0100256880014828,3.5,22,35,35,1.1,25,False,False,True,890,1.0100256880014828,53.37078651685393,6.383506126295947,0.0036157708045419456,2.510298000123853,False,htf_train profit_factor=1.0100 <= 1.1
1.009298427178182,3.0,26,20,20,1.6,50,False,True,False,540,1.009298427178182,52.407407407407405,3.8731385485391137,-0.0031734815818120934,1.64871185954064,False,htf_train profit_factor=1.0093 <= 1.1
1.0090066833126625,1.0,14,15,45,1.8,45,False,True,False,1038,1.0090066833126625,53.179190751445084,7.445032987747408,0.007095141317872635,3.5335503933427157,False,htf_train profit_factor=1.0090 <= 1.1
1.0076977575730923,4.5,22,35,40,1.5,25,False,False,True,890,1.0076977575730923,53.37078651685393,6.383506126295947,0.0036157708045418515,1.5914787813677413,False,htf_train profit_factor=1.0077 <= 1.1
1.0076977575730923,4.5,28,20,10,1.9,25,False,False,True,890,1.0076977575730923,53.37078651685393,6.383506126295947,0.0036157708045418515,1.5914787813677413,False,htf_train profit_factor=1.0077 <= 1.1
1.0063696735017114,4.5,16,25,20,1.8,25,False,True,True,431,1.0063696735017114,52.90023201856149,3.0913383600377,0.010623265666894335,0.599813054532592,False,htf_train profit_factor=1.0064 <= 1.1
1.0010881857533418,4.0,28,35,40,1.6,45,True,True,True,8,1.0010881857533418,62.5,0.057379830348727616,0.03983208151206506,0.0021413683117066282,False,htf_train profit_factor=1.0011 <= 1.1
0.9987698106199088,1.0,24,20,25,1.4,15,False,False,True,880,0.9987698106199088,53.63636363636364,6.311781338360038,0.003539321913755656,-0.41342358476348184,False,htf_train profit_factor=0.9988 <= 1.1
0.9938983309734014,3.5,28,35,40,1.7,45,True,True,False,11,0.9938983309734014,63.63636363636363,0.07889726672950047,0.05156192900100772,-0.013795880682198459,False,htf_train profit_factor=0.9939 <= 1.1
0.9935099745768997,3.5,16,35,40,1.6,45,True,False,True,83,0.9935099745768997,59.036144578313255,0.595315739868049,-0.012469706485589377,-0.15703370877078443,False,htf_train profit_factor=0.9935 <= 1.1
0.9932806696649159,1.5,22,20,45,1.0,45,False,True,False,635,0.9932806696649159,52.59842519685039,4.554524033930254,-0.0031442382417886054,-1.754967839505648,False,htf_train profit_factor=0.9933 <= 1.1
0.9929943228441659,1.5,14,20,45,1.6,15,False,True,True,645,0.9929943228441659,52.4031007751938,4.626248821866164,-0.002507649419527334,-1.64569546678596,False,htf_train profit_factor=0.9930 <= 1.1
0.991649098350046,3.5,16,35,25,1.6,10,True,True,True,10,0.991649098350046,60.0,0.07172478793590951,0.01798607698727838,-0.026381415938374175,False,htf_train profit_factor=0.9916 <= 1.1
0.9896970041441532,4.5,14,25,10,1.7,50,False,True,False,613,0.9896970041441532,52.69168026101142,4.396729500471253,0.0032101224644770056,-1.4548169899834122,False,htf_train profit_factor=0.9897 <= 1.1
0.9879707079941739,1.0,14,20,15,1.6,15,False,True,False,820,0.9879707079941739,52.5609756097561,5.8814326107445805,0.00022524038223419742,-3.818101850637963,False,htf_train profit_factor=0.9880 <= 1.1
0.9877565346304009,2.0,22,25,20,1.6,30,False,True,False,401,0.9877565346304009,52.618453865336654,2.8761639962299714,-0.005871442706888139,-1.8085558330005982,False,htf_train profit_factor=0.9878 <= 1.1
0.9875941547002491,1.5,22,25,15,1.5,45,False,True,False,400,0.9875941547002491,52.75,2.8689915174363807,-0.003887003776405575,-1.9304664097763589,False,htf_train profit_factor=0.9876 <= 1.1
0.9873192327315267,2.0,14,35,15,1.6,30,True,True,False,22,0.9873192327315267,50.0,0.15779453345900094,-0.029587612640671612,-0.12608520825613595,False,htf_train profit_factor=0.9873 <= 1.1
0.9839185129175854,5.0,16,30,50,1.6,45,True,False,True,85,0.9839185129175854,60.0,0.6096606974552309,-0.01287200249102653,-0.28588355540318844,False,htf_train profit_factor=0.9839 <= 1.1
0.9802105701752561,5.0,16,30,35,1.6,35,True,True,True,38,0.9802105701752561,55.26315789473685,0.27255419415645615,-0.03916243305089336,-0.14412291296210014,False,htf_train profit_factor=0.9802 <= 1.1
0.9799588762879111,4.5,28,20,10,1.9,50,False,True,False,507,0.9799588762879111,52.662721893491124,3.6364467483506124,-0.0010218370857534478,-2.442119211152658,False,htf_train profit_factor=0.9800 <= 1.1
0.9799306787521859,5.0,18,30,20,1.2,25,False,True,False,309,0.9799306787521859,53.398058252427184,2.216295947219604,-0.003566267955100785,-1.2860499093492443,False,htf_train profit_factor=0.9799 <= 1.1
0.9736474109988964,4.0,16,35,40,1.6,50,True,False,True,82,0.9736474109988964,58.536585365853654,0.588143261074458,-0.025634314777846154,-0.549924898558238,False,htf_train profit_factor=0.9736 <= 1.1
0.9707950555030943,1.0,14,25,15,1.5,40,False,True,False,605,0.9707950555030943,52.72727272727272,4.339349670122526,-0.005266139055209881,-6.979072767392941,False,htf_train profit_factor=0.9708 <= 1.1
0.9661966021049604,4.5,20,25,25,1.1,10,True,True,False,119,0.9661966021049604,56.30252100840336,0.8535249764373233,0.002408379995302066,-0.9002499954611745,False,htf_train profit_factor=0.9662 <= 1.1
0.966085823735451,2.0,16,15,45,1.7,50,True,True,True,66,0.966085823735451,59.09090909090909,0.4733836003770028,0.016299076302127395,-0.8977465429670678,False,htf_train profit_factor=0.9661 <= 1.1
0.9635764283831498,3.5,16,25,20,1.6,45,True,True,False,53,0.9635764283831498,56.60377358490566,0.38014137606032045,-0.04909650899646271,-0.5836391827516831,False,htf_train profit_factor=0.9636 <= 1.1
0.9620461050968742,4.0,16,15,35,1.6,35,True,False,False,99,0.9620461050968742,57.57575757575758,0.7100754005655042,-0.01376913391564815,-0.9869784877927213,False,htf_train profit_factor=0.9620 <= 1.1
0.961551916640408,1.0,22,20,35,1.5,15,False,True,False,631,0.961551916640408,52.6148969889065,4.52583411875589,-0.010532324286359421,-10.093758738191303,False,htf_train profit_factor=0.9616 <= 1.1
0.9540376204960338,4.0,16,15,40,1.5,50,True,True,True,90,0.9540376204960338,60.0,0.6455230914231856,0.008801293696592395,-1.1063118287020552,False,htf_train profit_factor=0.9540 <= 1.1
0.9538573131618726,2.5,16,25,40,1.6,45,True,True,True,53,0.9538573131618726,56.60377358490566,0.38014137606032045,0.012574677317819572,-0.9142682024038163,False,htf_train profit_factor=0.9539 <= 1.1
0.9518409840783688,4.5,16,25,35,1.4,45,False,True,False,549,0.9518409840783688,52.459016393442624,3.9376908576814325,-0.005678671888390779,-6.302654188377919,False,htf_train profit_factor=0.9518 <= 1.1
0.9512209273551795,4.5,20,15,45,1.5,25,True,True,True,89,0.9512209273551795,58.42696629213483,0.6383506126295947,0.0003806373201031216,-1.0031643659400742,False,htf_train profit_factor=0.9512 <= 1.1
0.9482772479215041,5.0,16,35,35,1.6,40,True,False,False,99,0.9482772479215041,57.57575757575758,0.7100754005655042,-0.013769133915647179,-1.1267212934622195,False,htf_train profit_factor=0.9483 <= 1.1
0.9455938832556843,3.5,20,35,20,1.1,15,False,True,True,111,0.9455938832556843,51.35135135135135,0.7961451460885957,-0.04286179975245647,-1.5001838643185736,False,htf_train profit_factor=0.9456 <= 1.1
0.9394848327079459,4.5,16,20,20,1.7,35,True,True,False,57,0.9394848327079459,54.385964912280706,0.40883129123468426,-0.08179958306185676,-0.7281003600992767,False,htf_train profit_factor=0.9395 <= 1.1
0.9384378434134191,4.0,20,30,15,1.1,45,True,True,False,77,0.9384378434134191,57.14285714285714,0.5522808671065033,-0.021270141422243236,-1.3402902690874452,False,htf_train profit_factor=0.9384 <= 1.1
0.9368119302234926,4.5,16,35,40,1.1,25,True,True,True,54,0.9368119302234926,55.55555555555556,0.3873138548539114,-0.05735243355585092,-0.7270378430807546,False,htf_train profit_factor=0.9368 <= 1.1
0.9363660294031346,3.5,22,30,50,1.2,50,True,True,True,47,0.9363660294031346,57.446808510638306,0.33710650329877473,-0.08092531938141889,-0.9690048369181045,False,htf_train profit_factor=0.9364 <= 1.1
0.9339205808182187,5.0,16,35,40,1.6,35,True,False,True,81,0.9339205808182187,58.0246913580247,0.5809707822808671,-0.04499295399349256,-1.1168119362097195,False,htf_train profit_factor=0.9339 <= 1.1
0.9332086728128132,2.0,20,25,40,1.6,15,True,True,True,43,0.9332086728128132,58.139534883720934,0.3084165881244109,0.012964865977717644,-1.2753454016551564,False,htf_train profit_factor=0.9332 <= 1.1
0.9279014576916328,5.0,24,35,40,1.0,25,True,False,False,361,0.9279014576916328,51.8005540166205,2.5892648444863333,-0.04853537589726228,-5.90733079602378,False,htf_train profit_factor=0.9279 <= 1.1
0.920629784013461,4.0,16,35,15,1.6,45,True,False,True,70,0.920629784013461,57.14285714285714,0.5020735155513666,-0.11825657577065475,-1.5182374837215002,False,htf_train profit_factor=0.9206 <= 1.1
0.9142559945946771,2.0,16,30,40,1.5,45,True,True,True,45,0.9142559945946771,57.77777777777777,0.3227615457115928,-0.005493390995284357,-1.6684746912148762,False,htf_train profit_factor=0.9143 <= 1.1
0.9104037084813222,3.5,20,35,35,1.7,25,True,False,True,71,0.9104037084813222,57.74647887323944,0.5092459943449575,-0.044595925849020106,-1.9892532331334156,False,htf_train profit_factor=0.9104 <= 1.1
0.9090723025259961,3.5,16,15,35,1.7,10,True,True,True,45,0.9090723025259961,57.77777777777777,0.3227615457115928,-0.11389574862653458,-1.2313865984392418,False,htf_train profit_factor=0.9091 <= 1.1
0.9042065054266725,3.0,16,15,40,1.5,50,True,True,False,113,0.9042065054266725,56.63716814159292,0.8104901036757776,-0.027838204450278323,-3.519896583180805,False,htf_train profit_factor=0.9042 <= 1.1
0.9005885911149517,4.0,16,15,40,1.5,45,True,True,False,113,0.9005885911149517,56.63716814159292,0.8104901036757776,-0.027838204450279562,-2.988839524103878,False,htf_train profit_factor=0.9006 <= 1.1
0.8964611486313216,5.0,24,35,40,1.8,50,False,True,True,75,0.8964611486313216,54.666666666666664,0.5379359095193214,-0.03410845415900568,-1.4448602622101179,False,htf_train profit_factor=0.8965 <= 1.1
0.8958547472406289,4.5,16,35,40,2.0,25,True,True,False,10,0.8958547472406289,50.0,0.07172478793590951,0.12444816556674214,-0.24532741225634028,False,htf_train profit_factor=0.8959 <= 1.1
0.8958547472406289,4.5,16,35,40,2.0,45,True,True,True,10,0.8958547472406289,50.0,0.07172478793590951,0.12444816556674214,-0.24532741225634028,False,htf_train profit_factor=0.8959 <= 1.1
0.8949866281349027,4.5,26,25,40,1.9,40,False,True,False,331,0.8949866281349027,50.755287009063444,2.374090480678605,-0.04148970994127565,-8.582204960181667,False,htf_train profit_factor=0.8950 <= 1.1
0.8948516899300977,1.5,22,15,15,1.0,35,True,True,False,309,0.8948516899300977,54.36893203883495,2.216295947219604,-0.03763706000010713,-12.762034941531306,False,htf_train profit_factor=0.8949 <= 1.1
0.8940194345648147,4.5,18,15,20,1.7,45,True,True,True,57,0.8940194345648147,56.14035087719298,0.40883129123468426,-0.08896562634491827,-1.4638988281011711,False,htf_train profit_factor=0.8940 <= 1.1
0.890862093720428,3.5,16,35,40,1.5,45,True,False,True,97,0.890862093720428,58.76288659793815,0.6957304429783223,-0.030964349191506344,-3.3621978069565808,False,htf_train profit_factor=0.8909 <= 1.1
0.8880243277124551,3.0,22,35,10,1.3,40,True,True,False,23,0.8880243277124551,52.17391304347826,0.1649670122525919,0.011203222510996176,-0.8420147606339536,False,htf_train profit_factor=0.8880 <= 1.1
0.8877180613537663,2.0,16,35,45,1.6,45,True,False,True,81,0.8877180613537663,59.25925925925925,0.5809707822808671,-0.022588672384935837,-3.7791134315288555,False,htf_train profit_factor=0.8877 <= 1.1
0.8870864628835442,1.0,16,35,40,1.6,25,True,False,False,98,0.8870864628835442,57.14285714285714,0.7029029217719133,-0.04166833064012512,-4.726750060843074,False,htf_train profit_factor=0.8871 <= 1.1
0.8855915909837003,3.5,16,35,35,1.1,50,True,False,True,205,0.8855915909837003,52.6829268292683,1.4703581526861451,-0.06328667796630992,-7.145921944479257,False,htf_train profit_factor=0.8856 <= 1.1
0.8850789939434727,4.5,18,35,35,1.4,25,False,True,True,130,0.8850789939434727,52.307692307692314,0.9324222431668236,-0.021097068395045958,-3.11537932524996,False,htf_train profit_factor=0.8851 <= 1.1
0.8846608175388092,5.0,20,20,15,1.6,45,True,True,False,57,0.8846608175388092,52.63157894736842,0.40883129123468426,-0.12596395589171186,-1.4292288013974894,False,htf_train profit_factor=0.8847 <= 1.1
0.8828243983835334,3.5,16,25,50,1.3,50,True,True,True,81,0.8828243983835334,55.55555555555556,0.5809707822808671,-0.09010649917716773,-3.0286122432785874,False,htf_train profit_factor=0.8828 <= 1.1
0.8768671090396681,1.5,18,15,35,1.0,40,True,False,True,284,0.8768671090396681,54.5774647887324,2.03698397737983,-0.04022989446895596,-13.650851293228147,False,htf_train profit_factor=0.8769 <= 1.1
0.8719280252398136,1.5,26,35,40,1.6,45,False,True,False,88,0.8719280252398136,50.0,0.6311781338360037,-0.02892719144352617,-3.325404075712109,False,htf_train profit_factor=0.8719 <= 1.1
0.8699078813423273,2.5,24,15,35,1.3,45,True,True,True,118,0.8699078813423273,58.47457627118644,0.8463524976437323,-0.036928829869059036,-5.737958620432622,False,htf_train profit_factor=0.8699 <= 1.1
0.8689135664411307,3.5,16,35,20,1.6,50,True,False,False,91,0.8689135664411307,56.043956043956044,0.6526955702167766,-0.07979448047720583,-3.7481605146034576,False,htf_train profit_factor=0.8689 <= 1.1
0.8671991351243182,5.0,16,25,45,1.7,45,True,False,False,89,0.8671991351243182,56.17977528089888,0.6383506126295947,-0.05654943282958938,-2.69174590254705,False,htf_train profit_factor=0.8672 <= 1.1
0.8640861213697316,1.0,16,15,45,1.3,25,True,True,False,159,0.8640861213697316,55.9748427672956,1.1404241281809613,-0.04878369605943571,-8.513403804991718,False,htf_train profit_factor=0.8641 <= 1.1
0.8639671110022312,3.5,22,25,20,1.7,45,True,True,True,34,0.8639671110022312,50.0,0.24386427898209234,-0.1519985935249369,-1.6702557811530756,False,htf_train profit_factor=0.8640 <= 1.1
0.8593992132056743,4.0,16,25,40,1.5,50,True,False,True,96,0.8593992132056743,58.333333333333336,0.6885579641847314,-0.042401771302662844,-3.8309076530297443,False,htf_train profit_factor=0.8594 <= 1.1
0.8582630239324857,3.5,16,35,15,1.6,45,True,False,True,70,0.8582630239324857,57.14285714285714,0.5020735155513666,-0.1182565757706549,-3.124997672025183,False,htf_train profit_factor=0.8583 <= 1.1
0.8563875040268752,3.5,24,25,35,1.4,50,True,True,True,45,0.8563875040268752,57.77777777777777,0.3227615457115928,-0.05030158954524999,-2.399773114073798,False,htf_train profit_factor=0.8564 <= 1.1
0.8514270171781393,1.0,26,30,25,1.2,10,False,True,False,171,0.8514270171781393,52.63157894736842,1.2264938737040527,-0.04775329763133649,-9.29989204174241,False,htf_train profit_factor=0.8514 <= 1.1
0.8483628534330196,3.5,16,30,35,1.2,45,True,True,True,71,0.8483628534330196,53.52112676056338,0.5092459943449575,-0.08467804477405103,-3.426944317637369,False,htf_train profit_factor=0.8484 <= 1.1
0.8467858640385132,4.0,24,35,40,2.0,45,True,True,False,7,0.8467858640385132,57.14285714285714,0.05020735155513666,-0.13258897237899622,-0.3453763897247177,False,htf_train profit_factor=0.8468 <= 1.1
0.8460464594464666,1.0,20,35,40,1.3,10,False,True,False,152,0.8460464594464666,51.31578947368421,1.0902167766258246,-0.044739325505538614,-7.602701614767325,False,htf_train profit_factor=0.8460 <= 1.1
0.8432381967748213,5.0,26,35,40,1.0,25,True,False,True,287,0.8432381967748213,53.65853658536586,2.0585014137606032,-0.06389675758148283,-10.304335495206264,False,htf_train profit_factor=0.8432 <= 1.1
0.8425223226395782,3.5,16,25,40,1.5,45,True,True,False,67,0.8425223226395782,55.223880597014926,0.48055607917059373,-0.03306399397446975,-3.204431952324733,False,htf_train profit_factor=0.8425 <= 1.1
0.8355652896340647,4.0,16,25,20,1.7,30,True,True,True,40,0.8355652896340647,50.0,0.28689915174363806,-0.1788925983320106,-1.897916197653533,False,htf_train profit_factor=0.8356 <= 1.1
0.8349521195172138,3.0,16,30,40,1.5,30,True,True,True,44,0.8349521195172138,54.54545454545454,0.31558906691800187,-0.06565687636958119,-2.448468065067034,False,htf_train profit_factor=0.8350 <= 1.1
0.8293250227468629,4.5,16,35,10,1.6,45,True,False,True,70,0.8293250227468629,55.714285714285715,0.5020735155513666,-0.14207272799004889,-3.226816555787948,False,htf_train profit_factor=0.8293 <= 1.1
0.828410891768623,4.5,22,35,35,1.7,50,False,True,True,90,0.828410891768623,51.11111111111111,0.6455230914231856,-0.09153293568506328,-3.2177516093544636,False,htf_train profit_factor=0.8284 <= 1.1
0.8279232860162233,4.0,22,35,40,1.5,30,True,True,True,14,0.8279232860162233,57.14285714285714,0.10041470311027333,-0.024496617656708155,-0.7140991028098028,False,htf_train profit_factor=0.8279 <= 1.1
0.8249850911998009,4.5,16,35,25,1.7,45,True,False,True,65,0.8249850911998009,56.92307692307692,0.4662111215834118,-0.12260794527041569,-2.81219340963682,False,htf_train profit_factor=0.8250 <= 1.1
0.8219814787401408,3.5,22,35,10,1.7,40,False,True,True,89,0.8219814787401408,51.68539325842697,0.6383506126295947,-0.06385256032198705,-3.8832134890322507,False,htf_train profit_factor=0.8220 <= 1.1
0.8162276411727398,3.0,22,30,35,1.2,40,True,True,True,42,0.8162276411727398,54.761904761904766,0.30124410933081996,-0.05670756617648347,-2.8757679408807078,False,htf_train profit_factor=0.8162 <= 1.1
0.8142391546680763,3.5,16,25,45,1.7,25,True,True,True,46,0.8142391546680763,54.347826086956516,0.3299340245051838,-0.06305288100009467,-2.7572131933974764,False,htf_train profit_factor=0.8142 <= 1.1
0.8135681063115877,5.0,16,15,50,1.5,50,True,True,True,94,0.8135681063115877,57.446808510638306,0.6742130065975495,-0.08607374969131083,-4.228959301948423,False,htf_train profit_factor=0.8136 <= 1.1
0.807409335667542,5.0,16,35,40,1.1,30,True,False,False,273,0.807409335667542,49.45054945054945,1.9580867106503297,-0.1075881614964943,-12.505528372706012,False,htf_train profit_factor=0.8074 <= 1.1
0.8040848231661016,2.0,16,15,10,1.6,45,True,True,True,66,0.8040848231661016,57.57575757575758,0.4733836003770028,-0.08207459538560878,-5.467726243161812,False,htf_train profit_factor=0.8041 <= 1.1
0.8035845566573357,4.0,24,35,40,1.5,45,True,True,True,11,0.8035845566573357,63.63636363636363,0.07889726672950047,-0.0782954373596733,-0.7627139199156614,False,htf_train profit_factor=0.8036 <= 1.1
0.8025722134441918,5.0,16,20,40,1.8,25,True,True,False,53,0.8025722134441918,56.60377358490566,0.38014137606032045,-0.06458812893715327,-1.9095874560977701,False,htf_train profit_factor=0.8026 <= 1.1
0.7995072864264456,1.0,16,15,45,1.4,25,True,True,True,108,0.7995072864264456,58.333333333333336,0.7746277097078228,-0.08569387359113703,-9.593801930968107,False,htf_train profit_factor=0.7995 <= 1.1
0.7985658188724039,5.0,16,35,40,1.4,45,True,False,True,110,0.7985658188724039,57.27272727272727,0.7889726672950047,-0.05720662546600098,-5.639143070785862,False,htf_train profit_factor=0.7986 <= 1.1
0.7983750127431949,5.0,20,15,10,1.8,15,True,True,False,48,0.7983750127431949,54.166666666666664,0.3442789820923657,-0.11575041417731467,-2.4517028816383846,False,htf_train profit_factor=0.7984 <= 1.1
0.7924936429230653,5.0,16,35,35,1.3,45,True,False,True,135,0.7924936429230653,55.55555555555556,0.9682846371347784,-0.09301862401434269,-6.757129995008376,False,htf_train profit_factor=0.7925 <= 1.1
0.7808221340930686,5.0,16,30,25,1.2,25,True,True,True,68,0.7808221340930686,54.41176470588235,0.4877285579641847,-0.0898274141289286,-3.43057723997299,False,htf_train profit_factor=0.7808 <= 1.1
0.7803369458795415,3.5,22,35,40,1.2,50,False,True,True,90,0.7803369458795415,51.11111111111111,0.6455230914231856,-0.09153293568506385,-4.997608106957714,False,htf_train profit_factor=0.7803 <= 1.1
0.7792691184963677,4.5,22,35,40,1.1,45,True,True,True,33,0.7792691184963677,48.484848484848484,0.2366918001885014,-0.21522189735317487,-1.9101877506655613,False,htf_train profit_factor=0.7793 <= 1.1
0.773226931592166,4.5,16,35,45,1.5,25,True,False,True,99,0.773226931592166,56.56565656565656,0.7100754005655042,-0.07975800015978014,-6.0422338693445505,False,htf_train profit_factor=0.7732 <= 1.1
0.7672983225891976,1.0,18,25,45,1.0,15,True,False,True,284,0.7672983225891976,51.76056338028169,2.03698397737983,-0.10129808941106268,-27.170465764349416,False,htf_train profit_factor=0.7673 <= 1.1
0.7664377823640143,3.5,16,30,15,1.7,50,True,True,False,33,0.7664377823640143,45.45454545454545,0.2366918001885014,-0.18485667726529678,-2.7301723069268293,False,htf_train profit_factor=0.7664 <= 1.1
0.7625933235370793,3.5,16,35,45,1.3,10,True,True,True,24,0.7625933235370793,62.5,0.17213949104618284,-0.059814761999179164,-1.589681096281622,False,htf_train profit_factor=0.7626 <= 1.1
0.761581692417393,3.5,22,20,10,1.6,30,True,False,False,81,0.761581692417393,54.32098765432099,0.5809707822808671,-0.14873700790832065,-6.556126747620181,False,htf_train profit_factor=0.7616 <= 1.1
0.7611000111643127,5.0,22,25,45,1.5,45,True,False,False,123,0.7611000111643127,54.47154471544715,0.8822148916116871,-0.0983361480419918,-7.332104750682443,False,htf_train profit_factor=0.7611 <= 1.1
0.76057940238732,2.0,28,30,20,1.6,45,False,True,False,152,0.76057940238732,51.973684210526315,1.0902167766258246,-0.06959551049703035,-12.466764107459065,False,htf_train profit_factor=0.7606 <= 1.1
0.7586096628881357,4.0,26,20,20,1.7,40,True,False,False,76,0.7586096628881357,53.94736842105263,0.5451083883129123,-0.15472973489837577,-5.509191294208252,False,htf_train profit_factor=0.7586 <= 1.1
0.7544112473551187,2.0,22,35,15,1.9,50,False,True,True,90,0.7544112473551187,51.11111111111111,0.6455230914231856,-0.09153293568506275,-6.649230062268896,False,htf_train profit_factor=0.7544 <= 1.1
0.7524683070149347,3.5,16,30,35,1.2,25,True,True,True,71,0.7524683070149347,53.52112676056338,0.5092459943449575,-0.1153619212418351,-5.629061321126735,False,htf_train profit_factor=0.7525 <= 1.1
0.7507824488590583,1.0,14,30,50,1.2,45,True,False,False,223,0.7507824488590583,52.46636771300448,1.5994627709707823,-0.10771925078258454,-23.298315173810956,False,htf_train profit_factor=0.7508 <= 1.1
0.7507296383468166,3.5,24,35,45,1.9,45,True,True,True,7,0.7507296383468166,57.14285714285714,0.05020735155513666,-0.1325889723789941,-0.680019137579327,False,htf_train profit_factor=0.7507 <= 1.1
0.7494391786596011,4.5,20,15,35,1.8,40,True,True,False,63,0.7494391786596011,55.55555555555556,0.45186616399623,-0.09971038539018288,-3.8826871266384066,False,htf_train profit_factor=0.7494 <= 1.1
0.7475211957538034,5.0,22,35,40,1.7,35,False,True,True,81,0.7475211957538034,49.382716049382715,0.5809707822808671,-0.0785011445590416,-4.2181741756667614,False,htf_train profit_factor=0.7475 <= 1.1
0.7427501127768411,2.0,14,30,20,1.6,50,True,True,True,38,0.7427501127768411,50.0,0.27255419415645615,-0.13430571596357238,-4.656060805427039,False,htf_train profit_factor=0.7428 <= 1.1
0.7406789973878326,5.0,24,35,45,1.3,25,False,True,False,104,0.7406789973878326,50.0,0.745937794533459,-0.09817759395602044,-6.253244179291255,False,htf_train profit_factor=0.7407 <= 1.1
0.7406789973878326,5.0,24,35,45,1.7,45,False,True,False,104,0.7406789973878326,50.0,0.745937794533459,-0.09817759395602044,-6.253244179291255,False,htf_train profit_factor=0.7407 <= 1.1
0.7379684902286368,1.5,24,30,25,1.1,45,True,False,False,265,0.7379684902286368,49.81132075471698,1.900706880301602,-0.10369632491249217,-26.69787456815899,False,htf_train profit_factor=0.7380 <= 1.1
0.7351293049569362,2.5,16,15,50,1.2,20,True,False,True,191,0.7351293049569362,51.832460732984295,1.3699434495758718,-0.12879014494127852,-18.624584705095074,False,htf_train profit_factor=0.7351 <= 1.1
0.7319602259349831,4.0,16,35,40,1.5,45,True,False,False,122,0.7319602259349831,54.09836065573771,0.8750424128180961,-0.10305411701039013,-10.033689383133416,False,htf_train profit_factor=0.7320 <= 1.1
0.7312694023484679,3.5,16,25,20,1.7,50,True,True,True,40,0.7312694023484679,50.0,0.28689915174363806,-0.17862235153796954,-3.750993539434451,False,htf_train profit_factor=0.7313 <= 1.1
0.7241285850417299,3.5,16,35,20,1.7,10,True,False,False,76,0.7241285850417299,53.94736842105263,0.5451083883129123,-0.15472973489837563,-7.021458407739766,False,htf_train profit_factor=0.7241 <= 1.1
0.7136224266149179,2.5,26,35,20,1.2,25,True,False,True,174,0.7136224266149179,52.29885057471264,1.2480113100848256,-0.1150872966383536,-19.644450817627163,False,htf_train profit_factor=0.7136 <= 1.1
0.7134179240684472,3.5,22,25,40,1.8,45,True,True,True,34,0.7134179240684472,52.94117647058824,0.24386427898209234,-0.11022504357906163,-3.486227152004369,False,htf_train profit_factor=0.7134 <= 1.1
0.7078252781269562,3.5,24,35,35,1.4,40,False,True,False,104,0.7078252781269562,50.0,0.745937794533459,-0.09817759395601942,-8.847392331764144,False,htf_train profit_factor=0.7078 <= 1.1
0.705273991102438,4.5,24,35,40,1.5,45,True,True,True,11,0.705273991102438,63.63636363636363,0.07889726672950047,-0.07829543735967798,-1.1067781378766517,False,htf_train profit_factor=0.7053 <= 1.1
0.7025302673266931,1.0,24,35,20,1.5,25,False,True,False,103,0.7025302673266931,50.48543689320388,0.738765315739868,-0.09837094369418299,-10.446727157387654,False,htf_train profit_factor=0.7025 <= 1.1
0.6883667239147488,4.5,14,15,30,1.8,20,True,True,True,57,0.6883667239147488,54.385964912280706,0.40883129123468426,-0.1327032933288507,-4.486845038019583,False,htf_train profit_factor=0.6884 <= 1.1
0.6875932247597198,4.0,16,30,50,1.5,15,True,True,False,62,0.6875932247597198,53.2258064516129,0.444693685202639,-0.1569408965731816,-5.884331210620537,False,htf_train profit_factor=0.6876 <= 1.1
0.6871415735203145,4.0,16,35,40,1.8,50,True,False,True,54,0.6871415735203145,55.55555555555556,0.3873138548539114,-0.15154748955678873,-4.893456208965076,False,htf_train profit_factor=0.6871 <= 1.1
0.682643372298684,3.0,26,30,20,1.5,40,True,True,True,20,0.682643372298684,50.0,0.14344957587181903,-0.2236709227464979,-3.1485132880007476,False,htf_train profit_factor=0.6826 <= 1.1
0.6701171633450926,2.0,22,25,15,1.6,40,True,True,True,34,0.6701171633450926,47.05882352941176,0.24386427898209234,-0.1906914423385433,-5.729072283227015,False,htf_train profit_factor=0.6701 <= 1.1
0.6475746664291956,4.5,16,35,35,1.8,40,True,False,True,53,0.6475746664291956,54.71698113207547,0.38014137606032045,-0.2012952351083874,-5.046982973872756,False,htf_train profit_factor=0.6476 <= 1.1
0.6473342028481842,4.0,26,35,40,1.5,45,True,True,True,10,0.6473342028481842,60.0,0.07172478793590951,-0.09470140068617877,-1.264591934452935,False,htf_train profit_factor=0.6473 <= 1.1
0.6473342028481842,4.0,26,35,40,1.5,50,True,True,True,10,0.6473342028481842,60.0,0.07172478793590951,-0.09470140068617877,-1.264591934452935,False,htf_train profit_factor=0.6473 <= 1.1
0.6329644376927486,4.0,26,35,50,1.5,20,True,True,True,12,0.6329644376927486,58.333333333333336,0.08606974552309142,-0.089563046931762,-1.3746613294742998,False,htf_train profit_factor=0.6330 <= 1.1
0.6300943825655184,3.0,28,35,40,1.5,15,True,True,True,8,0.6300943825655184,62.5,0.057379830348727616,-0.0731867131744243,-1.2119611329815574,False,htf_train profit_factor=0.6301 <= 1.1
0.6136384077261596,3.5,16,30,45,1.9,45,True,False,True,51,0.6136384077261596,54.90196078431373,0.36579641847313854,-0.17090647895612138,-7.072584176782587,False,htf_train profit_factor=0.6136 <= 1.1
0.6047292582716195,2.0,16,25,40,1.9,45,True,True,True,35,0.6047292582716195,48.57142857142857,0.2510367577756833,-0.16862202299753948,-7.419032204327393,False,htf_train profit_factor=0.6047 <= 1.1
0.574059041132921,3.5,16,35,40,1.2,10,True,True,True,29,0.574059041132921,55.172413793103445,0.2080018850141376,-0.24336202360442524,-3.873351473998198,False,htf_train profit_factor=0.5741 <= 1.1
0.5570037396473485,2.5,22,20,15,2.0,25,True,True,False,22,0.5570037396473485,54.54545454545454,0.15779453345900094,-0.24360495720781628,-4.831429982398658,False,htf_train profit_factor=0.5570 <= 1.1
0.5474482412270283,4.0,28,35,40,1.5,45,True,True,True,9,0.5474482412270283,55.55555555555556,0.06455230914231856,-0.14597830789670252,-1.619225664860776,False,htf_train profit_factor=0.5474 <= 1.1
0.5349904886919822,3.5,14,25,35,1.9,25,True,True,True,32,0.5349904886919822,50.0,0.22951932139491046,-0.2578525741666394,-5.0740087088988615,False,htf_train profit_factor=0.5350 <= 1.1
0.5225039076914728,2.5,14,35,35,2.0,20,True,True,False,14,0.5225039076914728,42.857142857142854,0.10041470311027333,-0.35089457653300676,-3.737923479595672,False,htf_train profit_factor=0.5225 <= 1.1
0.522388132062532,3.5,22,20,35,1.9,50,True,True,True,33,0.522388132062532,51.515151515151516,0.2366918001885014,-0.29186815331670474,-6.086533862478024,False,htf_train profit_factor=0.5224 <= 1.1
0.5173036822740691,3.0,26,30,30,1.9,40,True,False,False,59,0.5173036822740691,50.847457627118644,0.42317624882186616,-0.26896949906703294,-12.089882062138042,False,htf_train profit_factor=0.5173 <= 1.1
0.4968393568778294,5.0,16,35,35,2.0,10,True,True,True,5,0.4968393568778294,40.0,0.03586239396795476,-0.2901044365367075,-0.7323000000000116,False,htf_train profit_factor=0.4968 <= 1.1
0.458216203112467,2.5,22,35,15,1.8,25,True,False,True,52,0.458216203112467,46.15384615384615,0.3729688972667295,-0.3307715601152566,-14.030215175129952,False,htf_train profit_factor=0.4582 <= 1.1
0.4176263126325842,5.0,16,35,20,1.9,45,True,False,False,51,0.4176263126325842,45.09803921568628,0.36579641847313854,-0.3843479244703822,-9.497695302074417,False,htf_train profit_factor=0.4176 <= 1.1
0.3617870432459124,1.5,26,20,10,1.9,25,True,False,True,40,0.3617870432459124,45.0,0.28689915174363806,-0.4082791849619386,-15.307452734353264,False,htf_train profit_factor=0.3618 <= 1.1
0.34171906934119833,2.5,20,25,25,2.0,15,True,True,True,22,0.34171906934119833,45.45454545454545,0.15779453345900094,-0.5310111273710938,-8.980595970133898,False,htf_train profit_factor=0.3417 <= 1.1
0.3095356822941833,1.5,24,25,10,2.0,20,True,False,True,32,0.3095356822941833,46.875,0.22951932139491046,-0.41825699806794026,-12.731430167433244,False,htf_train profit_factor=0.3095 <= 1.1
