id,col,size,entry_idx,entry_price,entry_fees,exit_idx,exit_price,exit_fees,pnl,return,direction,status,parent_id
0,0,0.55,3280,34908.0,16.5,3730,35293.0,0.0,195.25,0.010169588632978113,0,1,0
1,0,0.36,7820,36413.0,10.799999999999999,8265,36337.0,0.0,-38.16000000000058,-0.002911048251997957,0,1,1
2,0,0.52,18005,34296.0,15.600000000000001,18457,34468.0,0.0,73.8399999999987,0.0041404245393048015,0,1,2
3,0,0.53,21672,34351.0,15.9,22110,34331.0,0.0,-26.50000000000218,-0.0014555617012606361,0,1,3
4,0,0.53,28547,36083.0,15.9,29013,35553.0,0.0,-296.80000000000143,-0.015519773854723905,0,1,4
5,0,0.45,29505,35349.0,13.5,29962,34810.0,0.0,-256.0500000000011,-0.01609663639706929,0,1,5
6,0,0.35000000000000003,34305,35810.0,10.500000000000002,35041,36132.0,0.0,102.19999999999891,0.008154146886344507,0,1,6
7,0,0.32,42693,36919.0,9.6,43330,37490.0,0.0,173.12000000000117,0.014653701346190408,0,1,7
8,0,0.31,44637,37150.0,9.3,45364,37305.0,0.0,38.749999999999275,0.0033647375504710004,0,1,8
9,0,0.37,51942,37254.0,11.1,52618,37617.0,0.0,123.2099999999995,0.008938637461749038,0,1,9
10,0,0.39,53225,37606.0,11.700000000000001,53848,38112.0,0.0,185.64000000000016,0.012657554645535297,0,1,10
11,0,0.36,55417,38440.0,10.799999999999999,56193,38804.0,0.0,120.23999999999906,0.008688865764828236,0,1,11
12,0,0.3,57057,38411.0,9.0,57812,38020.0,0.0,-126.29999999999927,-0.010960401968186134,0,1,12
13,0,0.39,60911,38213.0,11.700000000000001,61679,36885.0,0.0,-529.6200000000001,-0.03553764425718997,0,1,13
14,0,0.31,64274,36838.0,9.3,64937,37293.0,0.0,131.74999999999926,0.011536999837124643,0,1,14
15,0,0.4,66392,37480.0,12.0,67077,37250.0,0.0,-104.0,-0.006937033084311633,0,1,15
16,0,0.35000000000000003,67897,37108.0,10.500000000000002,68568,37120.0,0.0,-6.299999999999274,-0.000485070604721298,0,1,16
17,0,0.41000000000000003,73560,38194.0,12.3,74256,38576.0,0.0,144.3200000000008,0.00921610724197523,0,1,17
18,0,0.28,74982,38309.0,8.4,75697,38338.0,0.0,-0.2799999999992,-2.6103526586367244e-05,0,1,18
19,0,0.33,78498,37936.0,9.9,79118,38240.0,0.0,90.4199999999997,0.007222690847743544,0,1,19
20,0,0.35000000000000003,80566,38731.0,10.500000000000002,81297,39319.0,0.0,195.29999999999927,0.014407064108853318,0,1,20
21,0,0.3,82061,39410.0,9.0,82797,39710.0,0.0,81.0,0.006851053032225323,0,1,21
22,0,0.24,84406,39690.0,7.199999999999999,85092,39430.0,0.0,-69.60000000000146,-0.007306626354245555,0,1,22
23,0,0.32,85778,39374.0,9.6,86462,39534.0,0.0,41.600000000000726,0.0033016711535531636,0,1,23
24,0,0.46,88837,39540.0,13.8,89281,39750.0,0.0,82.79999999999855,0.004552352048558341,0,1,24
25,0,0.33,94280,40695.0,9.9,94979,40462.0,0.0,-86.78999999999942,-0.006462710406683825,0,1,25
26,0,0.33,97945,40731.0,9.9,98686,41177.0,0.0,137.27999999999847,0.01021335101028689,0,1,26
27,0,0.74,101991,41208.0,22.2,102146,41160.0,0.0,-57.72000000000044,-0.0018928363424577897,0,1,27
28,0,0.39,103559,41567.0,11.700000000000001,104050,41497.0,0.0,-39.000000000001094,-0.0024057545649193543,0,1,28
29,0,0.73,104115,41432.0,21.9,104406,41515.0,0.0,38.69000000000015,0.001279204479629277,0,1,29
30,0,0.24,105942,42077.0,7.199999999999999,106733,41960.0,0.0,-35.27999999999993,-0.003493595075694553,0,1,30
31,0,0.25,111400,40855.0,7.5,112126,40609.0,0.0,-69.0,-0.0067555990698812875,0,1,31
32,0,0.3,114705,40940.0,9.0,115387,40740.0,0.0,-69.0,-0.0056179775280898875,0,1,32
33,0,0.3,125814,41254.0,9.0,126477,40920.0,0.0,-109.19999999999891,-0.008823386823095854,0,1,33
34,0,0.31,135877,39275.0,9.3,136817,39270.0,0.0,-10.849999999999273,-0.0008911521323996857,0,1,34
35,0,0.34,137715,39273.0,10.200000000000001,138514,40080.0,0.0,264.1799999999992,0.019784584829271958,0,1,35
36,0,0.3,140240,40205.0,9.0,141110,39947.0,0.0,-86.39999999999964,-0.007163288148240238,0,1,36
37,0,0.33,146320,41045.0,9.9,147019,41190.0,0.0,37.950000000000365,0.00280180289925694,0,1,37
38,0,0.36,150534,41589.0,10.799999999999999,151455,42133.0,0.0,185.04000000000013,0.012359037245425484,0,1,38
39,0,0.27,154793,42523.0,8.100000000000001,155472,42054.0,0.0,-134.730000000001,-0.01173482585894701,0,1,39
40,0,0.28,159835,40598.0,8.4,160672,39930.0,0.0,-195.43999999999906,-0.01719296517069798,0,1,40
41,0,0.28,164162,39340.0,8.4,165024,38944.0,0.0,-119.2799999999992,-0.010828673106253104,0,1,41
42,0,0.27,165848,39269.0,8.100000000000001,166671,39448.0,0.0,40.229999999999926,0.0037943415926048464,0,1,42
43,0,0.3,172500,39205.0,9.0,173299,39261.0,0.0,7.799999999999272,0.0006631807167452512,0,1,43
44,0,0.29,178642,37413.0,8.7,179398,37636.0,0.0,55.97000000000007,0.005158634699168745,0,1,44
45,0,0.31,181218,37509.0,9.3,182072,38172.0,0.0,196.23000000000064,0.016875949772054765,0,1,45
46,0,0.37,188868,39370.0,11.1,189726,39102.0,0.0,-110.25999999999985,-0.007569215138430267,0,1,46
47,0,0.36,190697,38780.0,10.799999999999999,191498,38911.0,0.0,36.35999999999986,0.0026044352759154103,0,1,47
48,0,0.32,202430,40071.0,9.6,203295,40066.0,0.0,-11.200000000000363,-0.0008734496269122591,0,1,48
49,0,0.31,204977,39203.0,9.3,205811,39335.0,0.0,31.620000000000072,0.0026018416957885935,0,1,49
50,0,0.31,208698,39220.0,9.3,209565,40206.0,0.0,296.35999999999984,0.024375318714941342,0,1,50
51,0,0.3,217336,39941.0,9.0,218201,39628.0,0.0,-102.89999999999964,-0.00858766680854257,0,1,51
52,0,0.27,219131,39349.0,8.100000000000001,219981,38910.0,0.0,-126.63000000000065,-0.01191898142265375,0,1,52
53,0,0.32,221687,38697.0,9.6,222509,38768.0,0.0,13.119999999999346,0.0010595136573894087,0,1,53
54,0,0.33,223406,38700.0,9.9,224106,39052.0,0.0,106.25999999999985,0.008320413436692495,0,1,54
55,0,0.37,227584,39203.0,11.1,228307,39895.0,0.0,244.93999999999906,0.016886462770706257,0,1,55
56,0,0.34,229862,39707.0,10.200000000000001,230579,39409.0,0.0,-111.51999999999971,-0.008260508222731486,0,1,56
57,0,0.36,231305,39293.0,10.799999999999999,232085,39790.0,0.0,168.12000000000006,0.011885068587280181,0,1,57
58,0,0.36,235483,40543.0,10.799999999999999,236244,41197.0,0.0,224.6400000000005,0.015391066275312665,0,1,58
59,0,0.32,242028,40882.0,9.6,242850,40790.0,0.0,-39.03999999999869,-0.002984198424734502,0,1,59
60,0,0.35000000000000003,243667,40530.0,10.500000000000002,244421,39984.0,0.0,-201.60000000000036,-0.014211695040710608,0,1,60
61,0,0.31,246081,39727.0,9.3,247008,39818.0,0.0,18.909999999999126,0.0015354796486016357,0,1,61
62,0,0.3,250687,40464.0,9.0,251500,40447.0,0.0,-14.099999999998545,-0.0011615262949781326,0,1,62
63,0,0.36,258764,41158.0,10.799999999999999,259527,41224.0,0.0,12.96000000000022,0.000874678069877074,0,1,63
64,0,0.33,264745,41720.0,9.9,265573,42200.0,0.0,148.49999999999963,0.010786193672099684,0,1,64
65,0,0.29,282500,42831.0,8.7,283370,43340.0,0.0,138.90999999999877,0.011183488594709341,0,1,65
66,0,0.37,286734,43367.0,11.1,287512,43715.0,0.0,117.66000000000022,0.007332764544469311,0,1,66
67,0,0.3,290641,44224.0,9.0,291521,44616.0,0.0,108.60000000000036,0.00818560057887123,0,1,67
68,0,0.34,293303,44680.0,10.200000000000001,294117,44885.0,0.0,59.500000000000725,0.003916741271262358,0,1,68
69,0,0.29,297314,45009.0,8.7,298214,45294.0,0.0,73.94999999999963,0.005665533559954648,0,1,69
70,0,0.26,299280,44807.0,7.800000000000001,300061,45547.0,0.0,184.60000000000144,0.015845738389091115,0,1,70
71,0,0.31,301885,44992.0,9.3,302923,43835.0,0.0,-367.9700000000001,-0.026382467994310106,0,1,71
72,0,0.3,308567,43669.0,9.0,309332,44061.0,0.0,108.60000000000036,0.008289633378369124,0,1,72
73,0,0.38,310851,44078.0,11.4,311492,43870.0,0.0,-90.44000000000088,-0.005399519034439002,0,1,73
74,0,0.38,312117,44106.0,11.4,312491,44184.0,0.0,18.240000000003057,0.0010882873078494548,0,1,74
75,0,0.26,317454,42562.0,7.800000000000001,318419,42545.0,0.0,-12.220000000000073,-0.0011042714158169325,0,1,75
76,0,0.31,319295,42097.0,9.3,320179,41776.0,0.0,-108.81000000000022,-0.008337886310188392,0,1,76
77,0,0.34,323525,42406.0,10.200000000000001,324305,42167.0,0.0,-91.46000000000022,-0.006343441965759577,0,1,77
78,0,0.39,325590,42267.0,11.700000000000001,326453,42194.0,0.0,-40.17000000000117,-0.0024368892989803624,0,1,78
79,0,0.33,329837,42134.0,9.9,330708,42564.0,0.0,131.99999999999963,0.009493520672141237,0,1,79
80,0,0.34,338666,41160.0,10.200000000000001,339391,41213.0,0.0,7.8200000000004355,0.0005587949465500797,0,1,80
81,0,0.33,344777,42632.0,9.9,345608,42578.0,0.0,-27.720000000001527,-0.001970350910114576,0,1,81
82,0,0.31,347344,43358.0,9.3,348240,43361.0,0.0,-8.36999999999971,-0.0006227224502975014,0,1,82
83,0,0.31,349248,43299.0,9.3,350110,43438.0,0.0,33.79000000000015,0.002517379154252996,0,1,83
84,0,0.33,353865,42897.0,9.9,354707,43289.0,0.0,119.46000000000058,0.008438818565400885,0,1,84
85,0,0.33,361126,43967.0,9.9,361956,44278.0,0.0,92.7299999999992,0.006391157004116668,0,1,85
86,0,0.36,362891,43799.0,10.799999999999999,363774,43853.0,0.0,8.64000000000051,0.0005479577159296198,0,1,86
87,0,0.3,365710,42625.0,9.0,366737,42397.0,0.0,-77.39999999999964,-0.006052785923753638,0,1,87
88,0,0.35000000000000003,367843,42421.0,10.500000000000002,368023,42502.0,0.0,17.849999999998545,0.001202234742226629,0,1,88
89,0,0.39,371430,42731.0,11.700000000000001,372269,42545.0,0.0,-84.24000000000088,-0.005054878191476966,0,1,89
90,0,0.36,374255,42425.0,10.799999999999999,375131,42601.0,0.0,52.559999999998766,0.0034413671184442326,0,1,90
91,0,0.36,376092,42506.0,10.799999999999999,376938,42599.0,0.0,22.679999999999566,0.0014821436973603444,0,1,91
92,0,0.33,385379,43181.0,9.9,386044,43375.0,0.0,54.11999999999862,0.003797966698316292,0,1,92
93,0,0.32,392295,42635.0,9.6,393135,42872.0,0.0,66.24000000000015,0.004855165943473683,0,1,93
94,0,0.33,398503,42121.0,9.9,399472,41953.0,0.0,-65.34000000000052,-0.004700743097267433,0,1,94
95,0,0.37,401277,41839.0,11.1,402159,42099.0,0.0,85.09999999999891,0.005497263318912905,0,1,95
96,0,0.37,408314,41644.0,11.1,409180,41951.0,0.0,102.48999999999833,0.0066516184804532585,0,1,96
97,0,0.3,413568,42139.0,9.0,414628,42218.0,0.0,14.700000000000728,0.001162818291843718,0,1,97
98,0,0.34,429900,44045.0,10.200000000000001,430977,43916.0,0.0,-54.060000000000585,-0.003609944375070989,0,1,98
99,0,0.33,435364,43413.0,9.9,436290,42670.0,0.0,-255.09000000000052,-0.01780572639531941,0,1,99
100,0,0.33,438497,42238.0,9.9,439491,42265.0,0.0,-0.9900000000001459,-7.10260902504958e-05,0,1,100
101,0,0.32,440657,42407.0,9.6,441676,42287.0,0.0,-47.99999999999964,-0.0035371518853019282,0,1,101
102,0,0.31,446557,41815.0,9.3,447617,42052.0,0.0,64.17000000000117,0.0049503766590937165,0,1,102
103,0,0.36,455564,42270.0,10.799999999999999,456630,42469.0,0.0,60.84000000000124,0.003998107404778885,0,1,103
104,0,0.36,461193,43116.0,10.799999999999999,462206,43596.0,0.0,161.99999999999926,0.010436960757027505,0,1,104
105,0,0.33,463516,43633.0,9.9,464575,43660.0,0.0,-0.9900000000001459,-6.87552998877098e-05,0,1,105
106,0,0.29,475736,43848.0,8.7,476874,43623.0,0.0,-73.95,-0.005815544608648058,0,1,106
107,0,0.35000000000000003,481729,43729.0,10.500000000000002,482815,43690.0,0.0,-24.149999999999636,-0.0015779002492624793,0,1,107
108,0,0.3,485297,43063.0,9.0,486396,43415.0,0.0,96.60000000000036,0.007477416807932592,0,1,108
109,0,0.27,487629,44155.0,8.100000000000001,488674,44249.0,0.0,17.280000000001017,0.0014494394745782758,0,1,109
110,0,0.3,491052,44392.0,9.0,492184,44410.0,0.0,-3.600000000000364,-0.00027031897639217005,0,1,110
111,0,0.29,499645,45484.0,8.7,500815,45882.0,0.0,106.72000000000007,0.008090757189341312,0,1,111
112,0,0.22,506279,46444.0,6.6,507416,46299.0,0.0,-38.49999999999964,-0.003767978640943897,0,1,112
113,0,0.26,512634,47138.0,7.800000000000001,513818,46867.0,0.0,-78.26000000000094,-0.006385506385506462,0,1,113
114,0,0.28,522584,47522.0,8.4,523743,46964.0,0.0,-164.6399999999998,-0.012373216615462295,0,1,114
115,0,0.32,528908,47098.0,9.6,530092,46423.0,0.0,-225.6,-0.014968788483587412,0,1,115
116,0,0.3,531480,46024.0,9.0,532615,46601.0,0.0,164.10000000000036,0.011885103424300393,0,1,116
117,0,0.31,547411,45991.0,9.3,548528,46628.0,0.0,188.17000000000115,0.013198234437172572,0,1,117
118,0,0.29,549890,46560.0,8.7,551008,46887.0,0.0,86.12999999999992,0.006378865979381438,0,1,118
119,0,0.23,559753,49204.99999999999,6.9,560913,49245.0,0.0,2.3000000000007272,0.00020323137892497026,0,1,119
120,0,0.16,578446,51402.99999999999,4.8,579652,50464.0,0.0,-155.0399999999998,-0.018851039822578426,0,1,120
121,0,0.16,581124,49759.0,4.8,582322,50200.0,0.0,65.7599999999995,0.008259812295263104,0,1,121
122,0,0.19,584962,49050.0,5.7,586163,49462.0,0.0,72.58000000000065,0.007787971457696299,0,1,122
123,0,0.24,592979,51364.0,7.199999999999999,594090,51602.0,0.0,49.9200000000008,0.004049528852893142,0,1,123
124,0,0.27,598345,52402.0,8.100000000000001,599363,53872.0,0.0,388.7999999999996,0.02747986718064193,0,1,124
125,0,0.22,616056,55836.0,6.6,617231,55804.0,0.0,-13.640000000000873,-0.001110394727416075,0,1,125
126,0,0.17,626365,54861.0,5.1000000000000005,627581,55005.99999999999,0.0,19.549999999997816,0.0020962067771274156,0,1,126
127,0,0.23,641646,54794.00000000001,6.9,642828,55798.0,0.0,224.01999999999825,0.01777566886885411,0,1,127
128,0,0.21,654464,54487.00000000001,6.3,655634,53979.99999999999,0.0,-112.77000000000298,-0.009855561877145267,0,1,128
129,0,0.23,666945,54949.0,6.9,668033,55912.0,0.0,214.58999999999978,0.016979380880452765,0,1,129
130,0,0.23,670727,56383.99999999999,6.9,671925,57246.0,0.0,191.3600000000002,0.014755959137343944,0,1,130
131,0,0.22,677294,58511.0,6.6,678479,58854.0,0.0,68.85999999999913,0.005349421476303534,0,1,131
132,0,0.21,679904,59450.0,6.3,681019,58844.00000000001,0.0,-133.5599999999984,-0.01069806560134554,0,1,132
133,0,0.18,683808,59337.0,5.3999999999999995,685028,59679.0,0.0,56.15999999999949,0.005258102027402753,0,1,133
134,0,0.1,692367,61212.00000000001,3.0,693482,63433.00000000001,0.0,219.10000000000036,0.035793635234921316,0,1,134
135,0,0.17,696158,62865.0,5.1000000000000005,697145,63920.00000000001,0.0,174.25000000000037,0.016304780084307677,0,1,135
136,0,0.14,698597,63310.00000000001,4.2,699743,65332.00000000001,0.0,278.87999999999994,0.031464223661348906,0,1,136
137,0,0.11,711910,71234.0,3.3,713084,71427.0,0.0,17.930000000000472,0.002288233147092741,0,1,137
138,0,0.11,715929,68620.0,3.3,717176,68472.0,0.0,-19.579999999999746,-0.002593995919556947,0,1,138
139,0,0.11,722501,66497.0,3.3,723715,64233.00000000001,0.0,-252.33999999999907,-0.03449779689309279,0,1,139
140,0,0.14,728517,65214.0,4.2,729654,64319.00000000001,0.0,-129.49999999999926,-0.014184070905020312,0,1,140
141,0,0.12,731128,62845.00000000001,3.5999999999999996,732358,63762.0,0.0,106.43999999999906,0.014114090221974573,0,1,141
142,0,0.11,741600,56396.0,3.3,742756,55645.00000000001,0.0,-85.90999999999967,-0.013848499893609421,0,1,142
143,0,0.14,750792,58075.0,4.2,751995,58254.0,0.0,20.85999999999949,0.002565647869134677,0,1,143
144,0,0.15,754733,57849.00000000001,4.5,755871,57815.0,0.0,-9.600000000000364,-0.0011063285450051414,0,1,144
145,0,0.11,774013,63117.99999999999,3.3,775258,64391.99999999999,0.0,136.8399999999994,0.019709116258436493,0,1,145
146,0,0.11,776723,62912.0,3.3,777968,62092.99999999999,0.0,-93.39000000000014,-0.013495040691759939,0,1,146
147,0,0.17,793688,64074.99999999999,5.1000000000000005,794906,64995.00000000001,0.0,151.30000000000146,0.013889972688256084,0,1,147
148,0,0.15,796329,63664.00000000001,4.5,797544,63095.00000000001,0.0,-89.85000000000036,-0.009408771048002048,0,1,148
149,0,0.18,802951,61417.99999999999,5.3999999999999995,804174,61397.0,0.0,-9.179999999998834,-0.000830375459962772,0,1,149
150,0,0.2,806947,62391.0,6.0,808156,62157.00000000001,0.0,-52.79999999999927,-0.004231379525893099,0,1,150
151,0,0.19,809610,61820.00000000001,5.7,810803,62188.0,0.0,64.21999999999825,0.005467486250404251,0,1,151
152,0,0.17,822510,61739.0,5.1000000000000005,823746,60991.0,0.0,-132.25999999999985,-0.012601435073454365,0,1,152
153,0,0.14,826573,58563.00000000001,4.2,827796,58976.0,0.0,53.619999999999706,0.006539965507231491,0,1,153
154,0,0.14,829294,57504.0,4.2,830455,57782.00000000001,0.0,34.72000000000098,0.0043127434613245514,0,1,154
155,0,0.17,832837,57300.99999999999,5.1000000000000005,834071,57612.0,0.0,47.7700000000008,0.0049039283782133765,0,1,155
156,0,0.2,841889,60057.00000000001,6.0,843133,59766.99999999999,0.0,-64.00000000000182,-0.005328271475431824,0,1,156
157,0,0.17,845913,57480.0,5.1000000000000005,847145,56635.0,0.0,-148.74999999999963,-0.015222686151704903,0,1,157
158,0,0.21,858725,58858.0,6.3,859907,58866.99999999999,0.0,-4.410000000002401,-0.00035679092052076915,0,1,158
159,0,0.2,878396,62386.0,6.0,879597,61500.0,0.0,-183.20000000000073,-0.014682781393261367,0,1,159
160,0,0.18,887850,61780.99999999999,5.3999999999999995,889066,62074.0,0.0,47.3400000000016,0.004256972208284245,0,1,160
161,0,0.18,904478,63967.99999999999,5.3999999999999995,905725,63079.0,0.0,-165.41999999999862,-0.014366558279139453,0,1,161
162,0,0.23,920573,61815.0,6.9,921726,62004.99999999999,0.0,36.79999999999891,0.002588368518967811,0,1,162
163,0,0.33,929194,63903.0,9.9,930369,62665.0,0.0,-418.44000000000085,-0.019842573901068847,0,1,163
164,0,0.2,938743,61122.00000000001,6.0,940003,62540.0,0.0,277.59999999999854,0.0227086809986583,0,1,164
165,0,0.21,943059,62345.00000000001,6.3,944291,63085.0,0.0,149.09999999999962,0.011388242842248748,0,1,165
166,0,0.18,945769,62735.0,5.3999999999999995,946984,63500.0,0.0,132.30000000000072,0.01171594803538701,0,1,166
167,0,0.19,949791,64583.000000000015,5.7,951039,64780.99999999999,0.0,31.919999999997163,0.0026013037486642774,0,1,167
168,0,0.18,952527,64530.99999999999,5.3999999999999995,953743,64525.0,0.0,-6.479999999998108,-0.0005578714106396847,0,1,168
169,0,0.18,959201,65627.0,5.3999999999999995,960404,64686.0,0.0,-174.7799999999992,-0.014795739558413392,0,1,169
170,0,0.2,963142,65247.00000000001,6.0,964252,65071.0,0.0,-41.20000000000073,-0.0031572332827563506,0,1,170
171,0,0.22,969450,66347.0,6.6,970679,66844.0,0.0,102.74000000000015,0.007038750810134606,0,1,171
172,0,0.21,972115,66802.0,6.3,973277,66834.0,0.0,0.41999999999934534,2.9939223376498944e-05,0,1,172
173,0,0.18,978571,67494.0,5.3999999999999995,979784,68265.0,0.0,133.37999999999883,0.010978753666992525,0,1,173
174,0,0.1,982626,66485.0,3.0,983877,66970.0,0.0,45.5,0.006843648943370685,0,1,174
175,0,0.12,985417,65725.0,3.5999999999999996,986662,64234.0,0.0,-182.52000000000007,-0.02314187904146064,0,1,175
176,0,0.19,996331,64312.99999999999,5.7,997552,64376.0,0.0,6.270000000001164,0.0005131155442912961,0,1,176
177,0,0.23,1005670,66285.0,6.9,1006859,65609.0,0.0,-162.37999999999957,-0.010650976842422841,0,1,177
178,0,0.22,1012253,66089.0,6.6,1013462,66331.0,0.0,46.63999999999978,0.003207795548427106,0,1,178
179,0,0.25,1016152,66400.0,7.5,1017351,67342.0,0.0,228.0,0.013734939759036145,0,1,179
180,0,0.3,1018735,67389.0,9.0,1019244,67349.0,0.0,-21.0,-0.0010387451958034693,0,1,180
181,0,0.27,1021984,67693.0,8.100000000000001,1023222,67679.0,0.0,-11.879999999998837,-0.0006499933523406511,0,1,181
182,0,0.26,1028652,68680.0,7.800000000000001,1029877,68973.0,0.0,68.3800000000003,0.0038293535235876695,0,1,182
183,0,0.27,1037949,67422.0,8.100000000000001,1039161,68101.0,0.0,175.2299999999981,0.009625938121087967,0,1,183
184,0,0.3,1041897,67322.0,9.0,1043122,67244.0,0.0,-32.39999999999782,-0.001604230415020242,0,1,184
185,0,0.25,1050992,66563.0,7.5,1052223,67091.0,0.0,124.5,0.007481633940777909,0,1,185
186,0,0.28,1061528,65843.0,8.4,1062728,66065.0,0.0,53.759999999999856,0.0029160275200097122,0,1,186
187,0,0.23,1064126,65370.00000000001,6.9,1065327,65527.0,0.0,29.209999999998765,0.0019427872112589048,0,1,187
188,0,0.25,1067800,65684.0,7.5,1068995,65320.00000000001,0.0,-98.49999999999818,-0.005998416661591753,0,1,188
189,0,0.32,1074210,66940.0,9.6,1075381,66945.0,0.0,-7.999999999997817,-0.00037346877801005645,0,1,189
190,0,0.22,1076830,65835.0,6.6,1078014,64865.0,0.0,-220.00000000000145,-0.0151894888736995,0,1,190
191,0,0.25,1080743,64638.0,7.5,1081961,65065.0,0.0,99.25,0.006141897954763452,0,1,191
192,0,0.22,1089850,65157.00000000001,6.6,1091025,65359.0,0.0,37.83999999999869,0.0026397777675459893,0,1,192
193,0,0.22,1093734,63997.0,6.6,1094959,64320.00000000001,0.0,64.46000000000132,0.004578339609669297,0,1,193
194,0,0.34,1100170,65285.0,10.200000000000001,1101165,65377.0,0.0,21.079999999998833,0.000949682162824486,0,1,194
195,0,0.31,1102488,64834.99999999999,9.3,1103655,65512.0,0.0,200.5700000000026,0.009979177913164317,0,1,195
196,0,0.38,1112685,66427.0,11.4,1113867,67240.0,0.0,297.5399999999987,0.011787375615337084,0,1,196
197,0,0.28,1119221,68090.0,8.4,1120444,67485.0,0.0,-177.79999999999782,-0.009325892201497902,0,1,197
198,0,0.28,1125966,66340.0,8.4,1127179,66580.0,0.0,58.80000000000073,0.003165511003919243,0,1,198
199,0,0.3,1132624,67107.0,9.0,1133809,67390.0,0.0,75.90000000000146,0.0037700984994114605,0,1,199
200,0,0.23,1135256,66097.0,6.9,1136480,67250.0,0.0,258.2899999999987,0.016990181097477863,0,1,200
201,0,0.31,1148603,65910.0,9.3,1149792,66795.0,0.0,265.05000000000217,0.012972234865726098,0,1,201
202,0,0.33,1152554,66182.0,9.9,1153774,66731.0,0.0,171.26999999999825,0.007842011423045461,0,1,202
203,0,0.36,1155223,66446.0,10.799999999999999,1156425,67238.0,0.0,274.3200000000026,0.011467958944105098,0,1,203
204,0,0.26,1165776,71107.0,7.800000000000001,1167000,71125.0,0.0,-3.1199999999997097,-0.00016875975642340253,0,1,204
205,0,0.27,1168484,70705.0,8.100000000000001,1169712,70724.0,0.0,-2.9700000000026208,-0.00015557598472540422,0,1,205
206,0,0.21,1175318,73262.0,6.3,1176549,73043.0,0.0,-52.28999999999978,-0.003398760612595875,0,1,206
207,0,0.23,1195626,74782.0,6.9,1196864,74936.0,0.0,28.520000000001893,0.0016581530314782732,0,1,207
208,0,0.24,1206715,75873.0,7.199999999999999,1207963,76340.0,0.0,104.8799999999981,0.0057596246359046315,0,1,208
209,0,0.29,1209487,76812.0,8.7,1210740,78473.0,0.0,472.9899999999987,0.021233661407071752,0,1,209
210,0,0.21,1213665,77945.0,6.3,1214921,79413.0,0.0,301.98000000000064,0.01844890628006932,0,1,210
211,0,0.12,1230557,78557.0,3.5999999999999996,1231813,78583.0,0.0,-0.4800000000010183,-5.091844138661718e-05,0,1,211
212,0,0.27,1237480,80292.0,8.100000000000001,1238724,82289.0,0.0,531.0900000000023,0.02449808200069756,0,1,212
213,0,0.18,1262711,80035.0,5.3999999999999995,1263963,80160.0,0.0,17.1,0.0011869806959455239,0,1,213
214,0,0.19,1271569,82499.0,5.7,1272803,83919.0,0.0,264.1000000000011,0.01684868907501916,0,1,214
215,0,0.11,1288982,89222.0,3.3,1290242,87700.0,0.0,-170.72000000000008,-0.01739481293851293,0,1,215
216,0,0.1,1296023,88888.99999999999,3.0,1297282,88880.0,0.0,-3.899999999999636,-0.0004387494515631446,0,1,216
217,0,0.14,1305878,92392.0,4.2,1307129,90425.0,0.0,-279.5799999999992,-0.02161442549138447,0,1,217
218,0,0.12,1310089,88643.0,3.5999999999999996,1311339,89999.0,0.0,159.11999999999935,0.014958880001804932,0,1,218
219,0,0.14,1317098,90671.0,4.2,1318354,90473.0,0.0,-31.919999999999344,-0.0025145856999481127,0,1,219
220,0,0.13,1326842,94375.0,3.9000000000000004,1328099,94498.0,0.0,12.089999999999781,0.000985430463576141,0,1,220
221,0,0.15,1347905,99347.0,4.5,1349142,99919.0,0.0,81.29999999999927,0.005455625232769939,0,1,221
222,0,0.09,1352103,98331.0,2.6999999999999997,1353363,94361.0,0.0,-359.99999999999926,-0.040678931364472974,0,1,222
223,0,0.08,1354913,90956.0,2.4,1355480,91824.0,0.0,67.0399999999996,0.00921324596508196,0,1,223
224,0,0.14,1375168,92813.0,4.2,1376409,92456.0,0.0,-54.179999999999566,-0.00416967450680397,0,1,224
225,0,0.18,1379313,92685.0,5.3999999999999995,1380564,94402.0,0.0,303.66000000000133,0.018201434967902115,0,1,225
226,0,0.15,1386245,91669.0,4.5,1387491,90380.0,0.0,-197.85000000000036,-0.014388724650645283,0,1,226
227,0,0.17,1393162,87151.0,5.1000000000000005,1394407,87670.0,0.0,83.12999999999957,0.00561095110784727,0,1,227
228,0,0.16,1400086,87571.0,4.8,1401334,86859.0,0.0,-118.72000000000007,-0.008473124664557906,0,1,228
229,0,0.14,1407044,86600.0,4.2,1408287,86342.0,0.0,-40.3200000000008,-0.0033256351039261628,0,1,229
230,0,0.15,1416750,92081.0,4.5,1417986,92448.0,0.0,50.54999999999927,0.0036598212443391706,0,1,230
231,0,0.19,1420752,90549.0,5.7,1422003,90256.0,0.0,-61.370000000001895,-0.0035671293995517338,0,1,231
232,0,0.13,1423547,87738.0,3.9000000000000004,1424778,88594.0,0.0,107.38000000000065,0.00941439285144413,0,1,232
233,0,0.15,1427672,88069.0,4.5,1428913,87839.0,0.0,-39.0,-0.0029522306373411756,0,1,233
234,0,0.15,1441500,88120.0,4.5,1442745,89320.0,0.0,175.5,0.01327734906945075,0,1,234
235,0,0.12,1444269,89815.0,3.5999999999999996,1445508,90142.0,0.0,35.63999999999978,0.0033067973055725458,0,1,235
236,0,0.17,1448411,88798.0,5.1000000000000005,1449651,88578.0,0.0,-42.50000000000146,-0.002815378724746149,0,1,236
237,0,0.13,1455345,93919.0,3.9000000000000004,1456598,94428.0,0.0,62.270000000000074,0.005100139481893978,0,1,237
238,0,0.14,1458116,93330.0,4.2,1459266,93202.0,0.0,-22.120000000000072,-0.0016929176042001553,0,1,238
239,0,0.13,1462167,91657.0,3.9000000000000004,1463414,92686.0,0.0,129.87000000000043,0.010899331202199542,0,1,239
240,0,0.1,1471916,95833.0,3.0,1473158,95418.0,0.0,-44.5,-0.004643494412154477,0,1,240
241,0,0.13,1476060,94619.0,3.9000000000000004,1477304,91877.0,0.0,-360.3600000000009,-0.029296441518088405,0,1,241
242,0,0.15,1485766,91359.0,4.5,1487008,90866.0,0.0,-78.45000000000073,-0.005724668615024298,0,1,242
243,0,0.13,1489930,87347.0,3.9000000000000004,1491157,87838.0,0.0,59.92999999999993,0.0052778000389252,0,1,243
244,0,0.09,1499701,80421.0,2.6999999999999997,1500960,78689.0,0.0,-158.5800000000001,-0.021909700202683395,0,1,244
245,0,0.13,1506702,83274.0,3.9000000000000004,1507956,82218.0,0.0,-141.18000000000066,-0.013041285395201444,0,1,245
246,0,0.13,1510902,82166.0,3.9000000000000004,1512148,82534.0,0.0,43.94000000000015,0.0041136236399484105,0,1,246
247,0,0.11,1517767,80334.0,3.3,1519021,80069.0,0.0,-32.44999999999963,-0.00367216869569543,0,1,247
248,0,0.12,1520576,79141.0,3.5999999999999996,1521833,80109.0,0.0,112.55999999999986,0.011852263681277704,0,1,248
249,0,0.08,1524764,77687.0,2.4,1526024,75232.0,0.0,-198.79999999999964,-0.03198733378814982,0,1,249
250,0,0.03,1534583,85330.0,0.8999999999999999,1535842,87064.0,0.0,51.11999999999998,0.019969530059767954,0,1,250
251,0,0.06,1538811,88577.0,1.7999999999999998,1540069,87979.0,0.0,-37.680000000000106,-0.007089876604536186,0,1,251
252,0,0.06,1545849,87015.0,1.7999999999999998,1547103,87105.0,0.0,3.600000000000546,0.0006895362868471999,0,1,252
253,0,0.07,1548654,83228.0,2.1,1549909,83608.0,0.0,24.499999999999453,0.004205315518815689,0,1,253
254,0,0.06,1552857,88413.0,1.7999999999999998,1554116,90673.0,0.0,133.80000000000035,0.025222535147546243,0,1,254
255,0,0.06,1562743,79952.99999999999,1.7999999999999998,1564003,78373.0,0.0,-96.59999999999927,-0.020136830387852713,0,1,255
256,0,0.07,1576847,73823.0,2.1,1578106,72254.0,0.0,-111.92999999999992,-0.021659916286252235,0,1,256
257,0,0.07,1583929,73103.0,2.1,1585185,73626.0,0.0,34.51000000000058,0.006743909278689087,0,1,257
258,0,0.11,1588140,73126.0,3.3,1589390,71040.0,0.0,-232.76000000000005,-0.028936356425895038,0,1,258
259,0,0.1,1598020,74411.0,3.0,1599279,79986.0,0.0,554.5,0.07451855236456975,0,1,259
260,0,0.07,1602247,81725.0,2.1,1603504,81525.0,0.0,-16.1,-0.0028143163046803303,0,1,260
261,0,0.1,1609092,77735.0,3.0,1610352,77296.0,0.0,-46.899999999999636,-0.006033318325078746,0,1,261
262,0,0.11,1616156,77498.0,3.3,1617409,80926.0,0.0,373.7799999999999,0.04384629280755631,0,1,262
263,0,0.08,1618970,82005.0,2.4,1620229,82005.0,0.0,-2.4,-0.00036583135174684465,0,1,263
264,0,0.09,1626012,84989.0,2.6999999999999997,1627270,83827.0,0.0,-107.27999999999993,-0.0140253444563414,0,1,264
265,0,0.13,1630209,83713.0,3.9000000000000004,1631434,84577.0,0.0,108.4199999999997,0.009962610347257865,0,1,265
266,0,0.1,1642634,86073.99999999999,3.0,1643892,83989.0,0.0,-211.5,-0.024571880010223764,0,1,266
267,0,0.12,1649682,82123.0,3.5999999999999996,1650937,81014.0,0.0,-136.67999999999992,-0.013869439742824778,0,1,267
268,0,0.08,1656695,85399.0,2.4,1657953,85380.0,0.0,-3.919999999999527,-0.0005737772105059085,0,1,268
269,0,0.11,1659508,85482.99999999999,3.3,1660765,89882.0,0.0,480.5900000000012,0.05110957734286363,0,1,269
270,0,0.09,1670768,89819.0,2.6999999999999997,1672020,90618.0,0.0,69.20999999999985,0.008561662899831866,0,1,270
271,0,0.11,1673575,90962.0,3.3,1674826,91033.0,0.0,4.509999999999491,0.0004507376706756159,0,1,271
272,0,0.11,1680583,94259.0,3.3,1681839,94097.0,0.0,-21.11999999999971,-0.0020369407695816568,0,1,272
273,0,0.13,1684738,96804.0,3.9000000000000004,1685996,98398.0,0.0,203.31999999999934,0.01615635717532328,0,1,273
274,0,0.09,1691796,96104.99999999999,2.6999999999999997,1693052,94813.0,0.0,-118.97999999999884,-0.013755787940273526,0,1,274
275,0,0.11,1698861,91337.0,3.3,1700119,90537.0,0.0,-91.3,-0.009087226425216506,0,1,275
276,0,0.1,1705882,89508.0,3.0,1707133,90650.0,0.0,111.19999999999891,0.01242347052777393,0,1,276
277,0,0.12,1712946,91516.0,3.5999999999999996,1714202,94490.0,0.0,353.2799999999992,0.032169238166003686,0,1,277
278,0,0.08,1715790,95321.0,2.4,1717047,95175.0,0.0,-14.080000000000291,-0.0018463927151415075,0,1,278
279,0,0.14,1722821,93402.0,4.2,1724070,92278.0,0.0,-161.55999999999875,-0.012355195820217886,0,1,279
280,0,0.13,1727027,91681.0,3.9000000000000004,1728270,92445.0,0.0,95.4199999999997,0.008006020876735612,0,1,280
281,0,0.16,1736814,87815.0,4.8,1737471,88038.0,0.0,30.88000000000029,0.0021978021978022186,0,1,281
282,0,0.17,1740361,88917.0,5.1000000000000005,1741601,89066.0,0.0,20.229999999999926,0.0013383267541639905,0,1,282
283,0,0.16,1743148,87558.0,4.8,1744374,86618.0,0.0,-155.19999999999965,-0.011078370908426389,0,1,283
284,0,0.15,1747317,88248.0,4.5,1748546,88843.0,0.0,84.75,0.006402411386093736,0,1,284
285,0,0.15,1754272,89034.0,4.5,1755520,89858.0,0.0,119.09999999999854,0.008917941460565517,0,1,285
286,0,0.14,1757053,88576.0,4.2,1758265,88458.0,0.0,-20.720000000000436,-0.0016708815028902084,0,1,286
287,0,0.14,1761164,89634.0,4.2,1762404,91098.0,0.0,200.75999999999914,0.015998393466764772,0,1,287
288,0,0.18,1803120,93379.00000000001,5.3999999999999995,1804372,93911.0,0.0,90.3599999999984,0.0053759410574111,0,1,288
289,0,0.19,1819912,92859.0,5.7,1821077,93127.0,0.0,45.22000000000189,0.002563025662563779,0,1,289
290,0,0.18,1823990,92295.0,5.3999999999999995,1825244,90859.0,0.0,-263.87999999999954,-0.01588385069613736,0,1,290
291,0,0.24,1833766,93600.0,7.199999999999999,1835007,93548.0,0.0,-19.679999999999563,-0.0008760683760683566,0,1,291
292,0,0.22,1837920,94781.0,6.6,1839161,95090.0,0.0,61.37999999999956,0.0029436279423090917,0,1,292
293,0,0.19,1840703,94753.99999999999,5.7,1841958,95134.0,0.0,66.50000000000072,0.003693775460666609,0,1,293
294,0,0.18,1844886,93716.00000000001,5.3999999999999995,1846141,92853.0,0.0,-160.74000000000015,-0.009528789107516334,0,1,294
295,0,0.22,1865815,93716.0,6.6,1867061,94237.0,0.0,108.01999999999899,0.005239233428656744,0,1,295
296,0,0.19,1872775,94393.00000000001,5.7,1874027,94516.0,0.0,17.669999999998982,0.000985242549765286,0,1,296
297,0,0.15,1896485,101325.0,4.5,1897743,100609.0,0.0,-111.90000000000146,-0.007362447569701552,0,1,297
298,0,0.12,1903518,99307.0,3.5999999999999996,1904774,98882.0,0.0,-54.6,-0.004581751538159445,0,1,298
299,0,0.12,1917581,105285.99999999999,3.5999999999999996,1918838,104783.99999999999,0.0,-63.83999999999978,-0.005052903519936158,0,1,299
300,0,0.15,1928806,105523.0,4.5,1930063,105753.0,0.0,30.0,0.001895321399126257,0,1,300
301,0,0.14,1952816,110458.99999999999,4.2,1954073,111858.0,0.0,191.6600000000006,0.012393738853330232,0,1,301
302,0,0.14,1964139,116734.99999999999,4.2,1965398,118883.99999999999,0.0,296.6599999999988,0.018152225125283687,0,1,302
303,0,0.14,1966879,118551.00000000001,4.2,1968077,117650.0,0.0,-130.34000000000304,-0.00785316024327101,0,1,303
304,0,0.09,1973872,120583.0,2.6999999999999997,1975132,115982.0,0.0,-416.79000000000013,-0.03840508197672974,0,1,304
305,0,0.08,1978112,113063.00000000001,2.4,1979372,113006.0,0.0,-6.96000000000131,-0.0007694825009067189,0,1,305
306,0,0.15,1998537,109329.0,4.5,1999794,109095.0,0.0,-39.599999999998545,-0.002414729852097708,0,1,306
307,0,0.21,2001299,109608.99999999999,6.3,2001845,109605.0,0.0,-7.139999999996507,-0.0003101935060075667,0,1,307
308,0,0.14,2004806,111809.99999999999,4.2,2006066,113728.0,0.0,264.32000000000227,0.016885788391020628,0,1,308
309,0,0.15,2007653,112695.0,4.5,2008912,113580.0,0.0,128.25,0.007586849460934381,0,1,309
310,0,0.12,2011894,112974.0,3.5999999999999996,2013153,113744.0,0.0,88.79999999999964,0.006550179687361668,0,1,310
311,0,0.1,2021637,109423.0,3.0,2022896,109320.0,0.0,-13.300000000001091,-0.0012154665838078915,0,1,311
312,0,0.11,2028701,108548.0,3.3,2029961,108123.0,0.0,-50.05,-0.004191693997125695,0,1,312
313,0,0.09,2035784,106428.99999999999,2.6999999999999997,2037044,106696.0,0.0,21.330000000000656,0.0022268366704564294,0,1,313
314,0,0.16,2046917,111807.99999999999,4.8,2048174,111489.00000000001,0.0,-55.83999999999723,-0.003121422438465787,0,1,314
315,0,0.08,2049757,110006.99999999999,2.4,2051016,111731.0,0.0,135.52000000000007,0.015399020062359676,0,1,315
316,0,0.15,2085061,108838.00000000001,4.5,2086317,110785.99999999999,0.0,287.6999999999971,0.017622521545783462,0,1,316
317,0,0.2,2089343,110227.0,6.0,2090601,111221.0,0.0,192.79999999999927,0.008745588648879098,0,1,317
318,0,0.19,2098969,114953.0,5.7,2100223,116007.0,0.0,194.56000000000205,0.00890798848224936,0,1,318
319,0,0.12,2124443,117230.00000000001,3.5999999999999996,2125697,117520.0,0.0,31.19999999999927,0.0022178623219311945,0,1,319
320,0,0.08,2141442,118255.0,2.4,2142701,117683.99999999999,0.0,-48.08000000000029,-0.005082237537524871,0,1,320
321,0,0.15,2148522,121114.00000000001,4.5,2149779,121402.0,0.0,38.69999999999709,0.00213022441666513,0,1,321
322,0,0.15,2155430,120613.00000000001,4.5,2156686,121729.0,0.0,162.89999999999782,0.009004004543457051,0,1,322
323,0,0.11,2159682,123650.0,3.3,2160941,123198.0,0.0,-53.01999999999934,-0.0038980994743226366,0,1,323
324,0,0.12,2162514,121718.0,3.5999999999999996,2163771,122740.00000000001,0.0,119.04000000000124,0.00814998603329015,0,1,324
325,0,0.17,2169541,124443.0,5.1000000000000005,2170790,125517.0,0.0,177.48000000000175,0.008389383091053818,0,1,325
326,0,0.12,2176588,124123.0,3.5999999999999996,2177847,125364.00000000001,0.0,145.32000000000008,0.00975645126205458,0,1,326
327,0,0.11,2183626,120196.0,3.3,2184885,121063.00000000001,0.0,92.07000000000262,0.0069636260774071,0,1,327
328,0,0.13,2187698,119296.0,3.9000000000000004,2188951,120292.0,0.0,125.57999999999956,0.008097505364806837,0,1,328
329,0,0.13,2190528,119649.0,3.9000000000000004,2191784,120936.99999999999,0.0,163.53999999999868,0.010514087037919163,0,1,329
330,0,0.17,2201788,119018.0,5.1000000000000005,2203045,118440.00000000001,0.0,-103.3599999999984,-0.0051084709875816306,0,1,330
331,0,0.16,2208815,116078.0,4.8,2210074,116289.00000000001,0.0,28.960000000002037,0.0015592963352229771,0,1,331
332,0,0.17,2211632,116647.99999999999,5.1000000000000005,2212890,118039.00000000001,0.0,231.3700000000048,0.011667581098690318,0,1,332
333,0,0.27,2229894,122397.0,8.100000000000001,2231145,122920.0,0.0,133.10999999999913,0.004027876500240992,0,1,333
334,0,0.18,2232697,123071.0,5.3999999999999995,2233945,122686.99999999999,0.0,-74.52000000000263,-0.003363911888259741,0,1,334
335,0,0.17,2239707,123303.0,5.1000000000000005,2240964,123770.0,0.0,74.28999999999942,0.0035441149039358052,0,1,335
336,0,0.19,2246709,125010.99999999999,5.7,2247961,124652.0,0.0,-73.90999999999549,-0.003111726168097018,0,1,336
337,0,0.15,2253673,124459.0,4.5,2254913,124543.0,0.0,8.100000000002183,0.0004338778232190083,0,1,337
338,0,0.14,2274846,130641.00000000003,4.2,2276092,131868.0,0.0,167.5799999999952,0.009162514065262554,0,1,338
339,0,0.1,2293131,133300.0,3.0,2294389,134390.0,0.0,106.0,0.00795198799699925,0,1,339
340,0,0.1,2295960,132298.0,3.0,2297219,132724.0,0.0,39.600000000000364,0.0029932425282317467,0,1,340
341,0,0.13,2303027,134168.0,3.9000000000000004,2304285,135717.0,0.0,197.46999999999898,0.011321626617375171,0,1,341
342,0,0.07,2314316,139602.0,2.1,2315576,140384.0,0.0,52.63999999999978,0.005386742310282065,0,1,342
343,0,0.11,2317144,140702.0,3.3,2318404,136937.0,0.0,-417.44999999999965,-0.026971898054043274,0,1,343
344,0,0.09,2321374,133882.0,2.6999999999999997,2322634,133513.0,0.0,-35.90999999999913,-0.002980236327512215,0,1,344
345,0,0.1,2328442,137134.0,3.0,2329701,137393.0,0.0,22.899999999999636,0.001669899514343608,0,1,345
346,0,0.25,2331129,137194.0,7.5,2332309,136256.0,0.0,-242.0,-0.007055702144408648,0,1,346
347,0,0.11,2335255,138324.0,3.3,2336515,138658.0,0.0,33.439999999999785,0.002197738642607198,0,1,347
348,0,0.09,2342325,140032.0,2.6999999999999997,2343585,138064.0,0.0,-179.81999999999897,-0.014268167276051107,0,1,348
349,0,0.11,2345161,138630.0,3.3,2346420,138551.0,0.0,-11.989999999998691,-0.0007862655990765931,0,1,349
350,0,0.12,2349395,139551.0,3.5999999999999996,2350654,138096.0,0.0,-178.19999999999854,-0.010641270933207127,0,1,350
351,0,0.19,2359261,137822.0,5.7,2360018,138384.0,0.0,101.07999999999883,0.0038600513706084213,0,1,351
352,0,0.18,2362967,140463.0,5.3999999999999995,2364218,141042.0,0.0,98.81999999999752,0.00390850259498933,0,1,352
353,0,0.13,2372804,137030.0,3.9000000000000004,2374063,136888.0,0.0,-22.359999999999125,-0.0012551995913303163,0,1,353
354,0,0.12,2379862,137593.0,3.5999999999999996,2381121,135973.0,0.0,-197.99999999999963,-0.011991889122266373,0,1,354
355,0,0.13,2391030,133144.0,3.9000000000000004,2392288,134350.0,0.0,152.87999999999883,0.008832542209938043,0,1,355
356,0,0.11,2393860,131531.0,3.3,2395120,133496.0,0.0,212.84999999999962,0.01471136081988274,0,1,356
357,0,0.14,2405163,136243.0,4.2,2406423,136385.0,0.0,15.68000000000102,0.0008220605829290847,0,1,357
358,0,0.19,2412244,137152.0,5.7,2413502,137458.0,0.0,52.439999999999415,0.002012365842277159,0,1,358
359,0,0.11,2422022,140276.0,3.3,2423282,140822.0,0.0,56.75999999999949,0.003678462459722229,0,1,359
360,0,0.12,2429098,141422.0,3.5999999999999996,2430357,142797.0,0.0,161.4,0.009510542914115202,0,1,360
361,0,0.12,2433333,142810.0,3.5999999999999996,2434593,142835.0,0.0,-0.5999999999999996,-3.5011553812758186e-05,0,1,361
362,0,0.09,2440403,139395.0,2.6999999999999997,2441663,139685.0,0.0,23.400000000000365,0.0018652031995409022,0,1,362
363,0,0.13,2450304,143167.0,3.9000000000000004,2451564,142821.0,0.0,-48.87999999999956,-0.0026263035476052207,0,1,363
364,0,0.17,2454547,141692.0,5.1000000000000005,2455807,142216.0,0.0,83.97999999999811,0.0034864353668519667,0,1,364
365,0,0.16,2457377,143270.0,4.8,2458637,142741.0,0.0,-89.43999999999942,-0.0039017240175891416,0,1,365
366,0,0.12,2468692,145262.0,3.5999999999999996,2469952,145545.0,0.0,30.359999999999125,0.0017416805496275195,0,1,366
367,0,0.14,2475770,149392.0,4.2,2477030,150206.0,0.0,109.76000000000276,0.005247938309949795,0,1,367
368,0,0.16,2478576,150338.0,4.8,2479398,150631.0,0.0,42.07999999999738,0.0017493913714429063,0,1,368
369,0,0.06,2492257,147420.0,1.7999999999999998,2493517,149063.0,0.0,96.77999999999993,0.010941527608194269,0,1,369
370,0,0.18,2510691,152429.0,5.3999999999999995,2511951,152501.0,0.0,7.560000000002765,0.00027553811938683167,0,1,370
371,0,0.21,2517658,153397.0,6.3,2518918,153784.0,0.0,74.97000000000044,0.002327294536399031,0,1,371
372,0,0.15,2534632,152798.0,4.5,2535892,153864.0,0.0,155.39999999999782,0.00678019345802946,0,1,372
373,0,0.18,2555719,153067.0,5.3999999999999995,2556979,154225.0,0.0,203.04000000000232,0.007369321930919225,0,1,373
374,0,0.11,2562794,158629.0,3.3,2564054,159336.0,0.0,74.47000000000044,0.004267819881610576,0,1,374
375,0,0.12,2567034,159017.0,3.5999999999999996,2568294,160120.0,0.0,128.75999999999695,0.006747706220089516,0,1,375
376,0,0.06,2584014,164965.0,1.7999999999999998,2585274,166102.0,0.0,66.41999999999935,0.006710514351529046,0,1,376
377,0,0.04,2602394,183398.0,1.2,2603654,176220.0,0.0,-288.3199999999999,-0.03930250057252531,0,1,377
378,0,0.08,2612300,182502.0,2.4,2613560,188169.0,0.0,450.9600000000006,0.03088733274155904,0,1,378
379,0,0.04,2616405,186859.0,1.2,2617665,181858.0,0.0,-201.24000000000086,-0.02692404433289283,0,1,379
380,0,0.06,2630524,180228.0,1.7999999999999998,2631784,178307.0,0.0,-117.06000000000022,-0.010825176998024743,0,1,380
381,0,0.04,2637527,164834.0,1.2,2638787,160515.0,0.0,-173.9600000000002,-0.026384119781113147,0,1,381
382,0,0.08,2651513,166304.0,2.4,2652773,167700.0,0.0,109.28000000000029,0.008213873388493383,0,1,382
383,0,0.09,2654323,166506.0,2.6999999999999997,2655583,167927.0,0.0,125.19000000000123,0.008354053307388405,0,1,383
384,0,0.06,2658515,165192.0,1.7999999999999998,2659775,164207.0,0.0,-60.90000000000036,-0.00614436534456878,0,1,384
385,0,0.06,2661319,161209.0,1.7999999999999998,2662579,163943.0,0.0,162.24000000000086,0.01677325707621792,0,1,385
386,0,0.06,2665513,169606.0,1.7999999999999998,2666773,171979.0,0.0,140.580000000001,0.013814369774654299,0,1,386
387,0,0.06,2672521,171490.0,1.7999999999999998,2673781,173665.0,0.0,128.7,0.012508017960230917,0,1,387
388,0,0.06,2675332,176046.0,1.7999999999999998,2676592,175571.0,0.0,-30.3,-0.0028685684423389343,0,1,388
389,0,0.06,2682349,175202.0,1.7999999999999998,2683609,178801.0,0.0,214.1400000000005,0.02037077202315047,0,1,389
390,0,0.09,2686544,177839.0,2.6999999999999997,2687804,176308.0,0.0,-140.49000000000086,-0.00877760221323787,0,1,390
391,0,0.06,2689347,172129.0,1.7999999999999998,2690607,172304.0,0.0,8.7,0.0008423914622172904,0,1,391
392,0,0.06,2714136,162966.0,1.7999999999999998,2715396,157208.0,0.0,-347.2799999999996,-0.03551661082679819,0,1,392
393,0,0.16,2726791,158965.0,4.8,2728051,155325.0,0.0,-587.2000000000014,-0.02308684301575824,0,1,393
394,0,0.12,2742198,164739.0,3.5999999999999996,2743458,163785.0,0.0,-118.07999999999956,-0.005973084697612565,0,1,394
395,0,0.1,2749014,165486.0,3.0,2750274,166635.0,0.0,111.89999999999782,0.006761901308871917,0,1,395
396,0,0.08,2755984,171962.0,2.4,2757244,173815.0,0.0,145.83999999999978,0.010601179330317146,0,1,396
397,0,0.09,2760188,173570.0,2.6999999999999997,2761342,174438.0,0.0,75.4200000000008,0.004828023275911787,0,1,397
398,0,0.11,2762902,175661.0,3.3,2764162,172489.0,0.0,-352.21999999999827,-0.018228291994238813,0,1,398
399,0,0.08,2769893,173027.0,2.4,2771153,171967.0,0.0,-87.19999999999928,-0.006299594860917608,0,1,399
400,0,0.11,2783819,177885.0,3.3,2785079,177214.0,0.0,-77.10999999999767,-0.003940748236219911,0,1,400
401,0,0.07,2802125,167625.0,2.1,2803385,164279.0,0.0,-236.32000000000116,-0.020140193885160425,0,1,401
402,0,0.09,2804949,165576.0,2.6999999999999997,2806209,166013.0,0.0,36.629999999999924,0.002458085712905247,0,1,402
403,0,0.11,2809167,164825.0,3.3,2810427,164942.0,0.0,9.56999999999898,0.0005278325496738403,0,1,403
404,0,0.12,2816222,168027.0,3.5999999999999996,2817482,166275.0,0.0,-213.83999999999796,-0.010605438411683736,0,1,404
405,0,0.09,2823261,164659.0,2.6999999999999997,2824521,161830.0,0.0,-257.31000000000057,-0.017363156584213474,0,1,405
406,0,0.12,2839326,164120.0,3.5999999999999996,2840586,164233.0,0.0,9.96000000000131,0.0005057275164514437,0,1,406
407,0,0.15,2850561,166175.0,4.5,2851821,165355.0,0.0,-127.5,-0.005115089514066497,0,1,407
408,0,0.14,2853376,163475.0,4.2,2854636,164215.0,0.0,99.39999999999854,0.004343171738797917,0,1,408
409,0,0.12,2857578,160605.0,3.5999999999999996,2858838,159096.0,0.0,-184.6799999999981,-0.009582516110955352,0,1,409
410,0,0.14,2860397,159415.0,4.2,2861657,158122.0,0.0,-185.22000000000043,-0.00829909356083181,0,1,410
411,0,0.11,2864616,154378.00000000003,3.3,2865876,153942.0,0.0,-51.26000000000276,-0.0030185648214125396,0,1,411
412,0,0.1,2871659,156818.0,3.0,2872919,156125.0,0.0,-72.30000000000109,-0.0046104401280465945,0,1,412
413,0,0.08,2874477,155851.0,2.4,2875737,157285.0,0.0,112.32000000000116,0.009008604372124751,0,1,413
414,0,0.1,2878565,155345.0,3.0,2879825,156479.0,0.0,110.40000000000146,0.007106762367633426,0,1,414
415,0,0.08,2881380,156012.0,2.4,2882640,162205.0,0.0,493.0399999999987,0.0395033715355228,0,1,415
416,0,0.07,2888399,159035.0,2.1,2889659,159424.0,0.0,25.129999999999562,0.00225736473103401,0,1,416
417,0,0.13,2899652,161921.0,3.9000000000000004,2900912,160650.0,0.0,-169.12999999999957,-0.008034782393883416,0,1,417
418,0,0.08,2902465,156599.0,2.4,2903725,157273.0,0.0,51.520000000000074,0.004112414510948351,0,1,418
419,0,0.14,2906675,157129.0,4.2,2907935,157491.0,0.0,46.48000000000029,0.002112913593289603,0,1,419
420,0,0.11,2909494,155181.0,3.3,2910754,159868.0,0.0,512.2699999999998,0.03001011721795837,0,1,420
421,0,0.1,2920667,156913.0,3.0,2921927,157646.0,0.0,70.29999999999927,0.004480189659237875,0,1,421
422,0,0.12,2927707,158315.0,3.5999999999999996,2928967,157733.0,0.0,-73.44000000000014,-0.003865710766509814,0,1,422
423,0,0.12,2937591,161415.0,3.5999999999999996,2938851,162382.0,0.0,112.44000000000088,0.005804912802403787,0,1,423
424,0,0.16,2941806,161437.0,4.8,2943066,159935.0,0.0,-245.11999999999972,-0.009489770003159115,0,1,424
425,0,0.15,2955893,159923.0,4.5,2957153,160412.0,0.0,68.84999999999854,0.0028701312506643215,0,1,425
426,0,0.19,2962954,163695.0,5.7,2964214,165465.0,0.0,330.6000000000029,0.010629524420416111,0,1,426
427,0,0.13,2979762,170066.0,3.9000000000000004,2981022,173665.0,0.0,463.969999999999,0.020985970152764176,0,1,427
428,0,0.12,2993837,176725.0,3.5999999999999996,2995097,177315.0,0.0,67.19999999999928,0.003168765030414452,0,1,428
429,0,0.13,2998051,176165.0,3.9000000000000004,2999311,175145.0,0.0,-136.49999999999855,-0.0059603212896999335,0,1,429
430,0,0.13,3005094,177445.0,3.9000000000000004,3006354,177849.0,0.0,48.6199999999968,0.0021076953422185765,0,1,430
431,0,0.14,3012141,176425.0,4.2,3013401,176293.0,0.0,-22.679999999999563,-0.0009182372112795628,0,1,431
432,0,0.16,3014972,176705.0,4.8,3016232,175445.0,0.0,-206.39999999999856,-0.007300302764494446,0,1,432
433,0,0.11,3040469,171135.0,3.3,3041729,171795.0,0.0,69.30000000000219,0.003681304233499985,0,1,433
434,0,0.15,3054662,172637.0,4.5,3055922,172925.0,0.0,38.70000000000073,0.0014944652652676127,0,1,434
435,0,0.29,3057305,172965.0,8.7,3058462,174878.0,0.0,546.0699999999968,0.010886595554013754,0,1,435
436,0,0.21,3061371,174165.0,6.3,3062631,171905.0,0.0,-480.90000000000583,-0.013148451181351177,0,1,436
437,0,0.15,3064207,172586.0,4.5,3065467,171381.0,0.0,-185.25,-0.007155852734288992,0,1,437
438,0,0.12,3068416,169505.0,3.5999999999999996,3069676,169375.0,0.0,-19.199999999998546,-0.0009439249579657704,0,1,438
439,0,0.19,3075514,170908.0,5.7,3076774,171138.0,0.0,38.000000000000725,0.0011702202354483336,0,1,439
440,0,0.12,3078389,169661.0,3.5999999999999996,3079649,169435.0,0.0,-30.719999999998983,-0.0015088912596294465,0,1,440
441,0,0.24,3088220,165150.0,7.199999999999999,3089480,166005.0,0.0,197.9999999999971,0.0049954586739327156,0,1,441
442,0,0.16,3091071,166201.0,4.8,3092331,165735.0,0.0,-79.35999999999767,-0.0029843382410453933,0,1,442
443,0,0.13,3093860,167080.0,3.9000000000000004,3095118,168484.0,0.0,178.62000000000043,0.008223605458463032,0,1,443
444,0,0.11,3096617,166105.0,3.3,3097877,165645.0,0.0,-53.89999999999854,-0.002949941302188295,0,1,444
445,0,0.15,3103505,167354.0,4.5,3104763,166335.0,0.0,-157.34999999999854,-0.006268150148786347,0,1,445
446,0,0.14,3116996,166771.0,4.2,3118256,165905.0,0.0,-125.4400000000016,-0.005372636729407459,0,1,446
447,0,0.16,3123891,166291.0,4.8,3125117,166765.0,0.0,71.04000000000015,0.002670018221070298,0,1,447
448,0,0.13,3130754,167111.0,3.9000000000000004,3132014,166865.0,0.0,-35.87999999999956,-0.0016515968428170295,0,1,448
449,0,0.14,3137636,163517.0,4.2,3138896,160895.0,0.0,-371.2799999999981,-0.016218497159316683,0,1,449
450,0,0.19,3181428,157585.0,5.7,3182686,155795.0,0.0,-345.80000000000217,-0.011549322587809826,0,1,450
451,0,0.15,3191039,156145.0,4.5,3192292,148795.0,0.0,-1107.0,-0.04726376124755836,0,1,451
452,0,0.08,3202057,141275.0,2.4,3203317,143055.0,0.0,139.99999999999963,0.012387188108299384,0,1,452
453,0,0.12,3211708,146665.0,3.5999999999999996,3212965,146895.0,0.0,23.999999999998543,0.0013636518596801409,0,1,453
454,0,0.11,3215832,144955.0,3.3,3217090,147282.0,0.0,252.67000000000115,0.015846297126694563,0,1,454
455,0,0.11,3218577,145648.0,3.3,3219834,144389.0,0.0,-141.7899999999998,-0.008850104361199592,0,1,455
456,0,0.09,3225452,138455.0,2.6999999999999997,3226711,135559.0,0.0,-263.3399999999994,-0.02113322017984178,0,1,456
457,0,0.07,3229569,137385.0,2.1,3230829,136485.0,0.0,-65.1,-0.006769297958292389,0,1,457
458,0,0.1,3236227,138075.0,3.0,3237484,139464.0,0.0,135.90000000000146,0.009842476914720366,0,1,458
459,0,0.1,3245831,141195.0,3.0,3247040,137874.0,0.0,-335.09999999999854,-0.02373313502602773,0,1,459
460,0,0.12,3249917,137730.0,3.5999999999999996,3251177,138883.0,0.0,134.7600000000006,0.008153633921440535,0,1,460
461,0,0.06,3259552,127988.00000000001,1.7999999999999998,3260812,129415.00000000001,0.0,83.8199999999999,0.010915085789292732,0,1,461
462,0,0.12,3263681,127673.0,3.5999999999999996,3264938,122425.0,0.0,-633.3600000000002,-0.04133998574483252,0,1,462
463,0,0.06,3266437,120258.0,1.7999999999999998,3267687,123272.0,0.0,179.04000000000013,0.02481331803289596,0,1,463
464,0,0.1,3270541,124320.0,3.0,3271791,125276.0,0.0,92.60000000000036,0.007448519948519978,0,1,464
465,0,0.14,3283929,129066.00000000003,4.2,3285187,127610.99999999999,0.0,-207.90000000000435,-0.011505741248663713,0,1,465
466,0,0.15,3286688,128355.99999999999,4.5,3287944,129464.00000000001,0.0,161.70000000000437,0.00839851662563518,0,1,466
467,0,0.1,3300466,130305.0,3.0,3301724,130749.0,0.0,41.400000000001455,0.0031771612754692034,0,1,467
468,0,0.11,3304586,128231.0,3.3,3305841,128483.99999999999,0.0,24.529999999998108,0.001739049059899578,0,1,468
469,0,0.11,3311464,132114.0,3.3,3312713,133507.0,0.0,149.92999999999955,0.010316847571037104,0,1,469
470,0,0.12,3318349,136909.0,3.5999999999999996,3319607,136745.0,0.0,-23.280000000000292,-0.001416999612881567,0,1,470
471,0,0.1,3327991,140484.0,3.0,3329251,139404.0,0.0,-111.0,-0.007901255659007431,0,1,471
472,0,0.1,3334641,136708.0,3.0,3335901,138920.0,0.0,218.1999999999989,0.015961026421277388,0,1,472
473,0,0.1,3341518,132274.0,3.0,3342774,132354.0,0.0,5.0,0.00037800323570769763,0,1,473
474,0,0.12,3345630,130664.0,3.5999999999999996,3346890,136634.0,0.0,712.7999999999978,0.045460111430845385,0,1,474
475,0,0.12,3355259,132174.0,3.5999999999999996,3356518,133588.0,0.0,166.0800000000003,0.010471045742733083,0,1,475
476,0,0.11,3362135,131584.0,3.3,3363392,131054.0,0.0,-61.59999999999927,-0.004255836575875436,0,1,476
477,0,0.14,3366266,131925.0,4.2,3367526,130604.0,0.0,-189.13999999999868,-0.010240667045669817,0,1,477
478,0,0.1,3369023,128754.00000000001,3.0,3370282,127005.0,0.0,-177.90000000000146,-0.013817046460692595,0,1,478
479,0,0.09,3375614,131834.0,2.6999999999999997,3376872,131456.0,0.0,-36.72000000000044,-0.0030948010376686203,0,1,479
480,0,0.15,3382467,134624.0,4.5,3383726,135152.0,0.0,74.70000000000073,0.003699191823151926,0,1,480
481,0,0.14,3386599,134404.0,4.2,3387857,134274.0,0.0,-22.400000000000727,-0.0011904407606916846,0,1,481
482,0,0.14,3389359,132294.0,4.2,3390618,131536.0,0.0,-110.32000000000262,-0.005956430374771483,0,1,482
483,0,0.14,3400362,126742.99999999999,4.2,3401621,127336.99999999999,0.0,78.95999999999985,0.0044499498986137215,0,1,483
484,0,0.11,3423321,122614.00000000001,3.3,3424581,122866.00000000001,0.0,24.420000000001163,0.0018105599686822921,0,1,484
485,0,0.14,3427459,126107.00000000001,4.2,3428718,125283.0,0.0,-119.56000000000058,-0.006772026929512271,0,1,485
486,0,0.09,3437108,119150.0,2.6999999999999997,3438368,120199.0,0.0,91.70999999999985,0.00855224506924044,0,1,486
487,0,0.22,3442206,120907.99999999999,6.6,3443461,121414.00000000001,0.0,104.72000000000335,0.003936877625963669,0,1,487
488,0,0.1,3447710,122369.00000000001,3.0,3448969,123724.0,0.0,132.5,0.010827905760445863,0,1,488
489,0,0.15,3451847,122934.99999999999,4.5,3453107,122502.0,0.0,-69.44999999999709,-0.003766217920038888,0,1,489
490,0,0.18,3458745,124339.0,5.3999999999999995,3460004,124067.0,0.0,-54.36000000000276,-0.0024288437256212076,0,1,490
491,0,0.14,3472233,125246.0,4.2,3473492,126983.99999999999,0.0,239.11999999999608,0.013637162065055745,0,1,491
492,0,0.18,3479131,125294.0,5.3999999999999995,3480389,125778.0,0.0,81.72000000000261,0.003623477580730239,0,1,492
493,0,0.19,3481888,125653.0,5.7,3483147,126710.99999999999,0.0,195.3199999999968,0.00818126109205497,0,1,493
494,0,0.13,3486023,128679.0,3.9000000000000004,3487282,129065.00000000001,0.0,46.28000000000029,0.002766574188484541,0,1,494
495,0,0.19,3488784,130040.00000000001,5.7,3490044,131869.0,0.0,341.8099999999984,0.013834204860042998,0,1,495
496,0,0.18,3492680,132064.0,5.3999999999999995,3493938,131008.99999999999,0.0,-195.3000000000051,-0.00821571359340947,0,1,496
497,0,0.16,3495438,132066.0,4.8,3496698,132349.0,0.0,40.47999999999884,0.0019157088122604812,0,1,497
498,0,0.16,3515863,137114.0,4.8,3517122,138116.0,0.0,155.5199999999997,0.007088991641991321,0,1,498
499,0,0.22,3539817,130964.00000000001,6.6,3541077,131119.0,0.0,27.499999999998543,0.0009544607678445479,0,1,499
500,0,0.19,3551906,128354.00000000001,5.7,3553166,128454.0,0.0,13.3,0.0005453667201645449,0,1,500
501,0,0.2,3558800,129533.99999999999,6.0,3560057,128986.99999999999,0.0,-115.40000000000146,-0.004454428953016253,0,1,501
502,0,0.18,3561558,128403.99999999999,5.3999999999999995,3562815,129829.0,0.0,251.1,0.010864147534344726,0,1,502
503,0,0.24,3582237,129346.0,7.199999999999999,3583496,129282.0,0.0,-22.559999999996943,-0.0007267329488348096,0,1,503
504,0,0.21,3586120,126391.00000000001,6.3,3587378,125867.0,0.0,-116.34000000000087,-0.0043832234890142825,0,1,504
505,0,0.26,3593014,124479.0,7.800000000000001,3594274,124365.00000000001,0.0,-37.43999999999578,-0.0011568216325643984,0,1,505
506,0,0.3,3599894,125939.00000000001,9.0,3601150,126091.00000000001,0.0,36.599999999998545,0.0009687229531757052,0,1,506
507,0,0.23,3606786,127007.0,6.9,3608046,127408.0,0.0,85.32999999999956,0.0029210988370719573,0,1,507
508,0,0.2,3613684,131747.0,6.0,3614944,131916.0,0.0,27.799999999999272,0.0010550524869636223,0,1,508
509,0,0.2,3616441,131569.0,6.0,3617700,131591.0,0.0,-1.6000000000021828,-6.080459682760311e-05,0,1,509
510,0,0.2,3620579,132667.0,6.0,3621838,132655.0,0.0,-8.400000000001455,-0.000316582119140459,0,1,510
511,0,0.25,3627239,131847.0,7.5,3628497,132791.0,0.0,228.5,0.006932277564146321,0,1,511
512,0,0.15,3634122,129425.0,4.5,3635380,129841.00000000001,0.0,57.900000000001455,0.002982422252269729,0,1,512
513,0,0.19,3647897,129900.0,5.7,3649150,129707.0,0.0,-42.36999999999826,-0.0017167051578136322,0,1,513
514,0,0.17,3650644,128287.0,5.1000000000000005,3651904,129293.0,0.0,165.92000000000044,0.007607941568514367,0,1,514
515,0,0.23,3654777,128818.00000000001,6.9,3656030,130678.0,0.0,420.8999999999993,0.014206089211135064,0,1,515
516,0,0.23,3661669,130871.0,6.9,3662929,131147.0,0.0,56.579999999999565,0.0018797136111132191,0,1,516
517,0,0.2,3664429,131246.0,6.0,3665689,130420.0,0.0,-171.20000000000073,-0.006522103530774299,0,1,517
518,0,0.27,3668571,129546.00000000001,8.100000000000001,3669829,129121.0,0.0,-122.85,-0.0035122659132663294,0,1,518
519,0,0.25,3675232,128063.00000000001,7.5,3676492,128196.0,0.0,25.749999999996362,0.0008042916377094511,0,1,519
520,0,0.17,3684650,125822.99999999999,5.1000000000000005,3685910,126860.99999999999,0.0,171.35999999999913,0.008011253904294087,0,1,520
521,0,0.21,3695693,123458.99999999999,6.3,3696953,122229.0,0.0,-264.59999999999565,-0.01020581731586988,0,1,521
522,0,0.16,3702595,122193.0,4.8,3703855,121709.99999999999,0.0,-82.08000000000247,-0.00419827649701714,0,1,522
523,0,0.15,3709498,120853.00000000001,4.5,3710758,121458.99999999999,0.0,86.39999999999782,0.004766120824472586,0,1,523
524,0,0.18,3719163,122433.0,5.3999999999999995,3720423,122300.0,0.0,-29.33999999999869,-0.0013313404065896672,0,1,524
525,0,0.21,3723065,123000.0,6.3,3724325,123779.0,0.0,157.29000000000013,0.006089430894308948,0,1,525
526,0,0.16,3725827,123807.99999999999,4.8,3727087,123772.0,0.0,-10.5599999999984,-0.000533083484104339,0,1,526
527,0,0.22,3729967,124844.0,6.6,3731227,124152.0,0.0,-158.8400000000016,-0.005783217455384378,0,1,527
528,0,0.25,3736869,122818.0,7.5,3738129,121133.99999999999,0.0,-428.50000000000364,-0.0139556091126709,0,1,528
529,0,0.16,3746480,114047.0,4.8,3747740,117515.00000000001,0.0,550.0800000000011,0.03014546634282363,0,1,529
530,0,0.11,3750621,116173.0,3.3,3751881,116018.0,0.0,-20.350000000001092,-0.0015924526352940004,0,1,530
531,0,0.14,3753383,116077.0,4.2,3754643,119072.0,0.0,415.1000000000011,0.025543389301928957,0,1,531
532,0,0.15,3757525,119500.99999999999,4.5,3758785,118305.0,0.0,-183.89999999999782,-0.010259328373821019,0,1,532
533,0,0.16,3766950,118933.99999999999,4.8,3772138,121047.0,0.0,333.28000000000173,0.017513915280744034,0,1,533
534,0,0.17,3773640,120430.0,5.1000000000000005,3774900,119109.99999999999,0.0,-229.50000000000145,-0.011209831437349568,0,1,534
535,0,0.11,3777782,122909.99999999999,3.3,3779042,122766.00000000001,0.0,-19.13999999999651,-0.0014156700024405523,0,1,535
536,0,0.13,3787446,119654.0,3.9000000000000004,3788706,119508.0,0.0,-22.879999999999562,-0.0014709077841108247,0,1,536
537,0,0.12,3796903,119943.0,3.5999999999999996,3798163,118263.00000000001,0.0,-205.19999999999854,-0.014256771966684074,0,1,537
538,0,0.12,3802423,121636.99999999999,3.5999999999999996,3803683,121220.0,0.0,-53.63999999999724,-0.0036748686666061895,0,1,538
539,0,0.17,3805185,120810.0,5.1000000000000005,3806445,122073.0,0.0,209.60999999999913,0.0102061087658306,0,1,539
540,0,0.12,3815989,129208.0,3.5999999999999996,3817249,129343.0,0.0,12.600000000000728,0.0008126431799889022,0,1,540
541,0,0.11,3818750,130083.99999999999,3.3,3820010,129352.0,0.0,-83.81999999999861,-0.005857753451615783,0,1,541
542,0,0.16,3836695,123344.0,4.8,3837955,121935.99999999999,0.0,-230.08000000000249,-0.011658451160980797,0,1,542
543,0,0.2,3877723,119233.0,6.0,3878983,119555.0,0.0,58.39999999999782,0.002448986438318159,0,1,543
544,0,0.2,3884625,118302.0,6.0,3885885,120433.0,0.0,420.2000000000007,0.017759632127943768,0,1,544
545,0,0.21,3890148,120948.0,6.3,3891408,120318.0,0.0,-138.59999999999928,-0.0054568905645401055,0,1,545
546,0,0.22,3892909,119432.99999999999,6.6,3894169,120869.0,0.0,309.32000000000187,0.0117722907404152,0,1,546
547,0,0.18,3897051,119248.0,5.3999999999999995,3898311,120272.0,0.0,178.9199999999997,0.008335569569300939,0,1,547
548,0,0.19,3899812,119833.0,5.7,3901072,120440.00000000001,0.0,109.63000000000174,0.004815034256006352,0,1,548
549,0,0.15,3913619,118388.00000000001,4.5,3914879,117851.0,0.0,-85.05000000000291,-0.004789336757103925,0,1,549
550,0,0.21,3924602,119273.0,6.3,3925862,121492.0,0.0,459.6900000000016,0.01835285437609524,0,1,550
551,0,0.18,3927364,122129.99999999999,5.3999999999999995,3928624,122497.0,0.0,60.66000000000131,0.002759354785883954,0,1,551
552,0,0.23,3938157,118748.0,6.9,3939415,118767.0,0.0,-2.530000000001019,-9.263313908448505e-05,0,1,552
553,0,0.21,3947819,117659.99999999999,6.3,3949079,117086.99999999999,0.0,-126.6299999999981,-0.005124936257011653,0,1,553
554,0,0.26,3965766,117800.0,7.800000000000001,3967026,117439.00000000001,0.0,-101.65999999999694,-0.0033191850594226505,0,1,554
555,0,0.15,3979163,115452.0,4.5,3980423,115879.0,0.0,59.54999999999927,0.0034386584901084016,0,1,555
556,0,0.17,3981923,115828.0,5.1000000000000005,3983183,116305.0,0.0,75.99000000000015,0.0038591704941810345,0,1,556
557,0,0.16,3995708,109084.99999999999,4.8,3996968,109878.0,0.0,122.08000000000102,0.006994545537883361,0,1,557
558,0,0.17,4002607,108822.99999999999,5.1000000000000005,4003867,109489.00000000001,0.0,108.12000000000481,0.005844352756310967,0,1,558
559,0,0.19,4006747,108715.00000000001,5.7,4008007,108467.0,0.0,-52.82000000000262,-0.0025571448282207033,0,1,559
560,0,0.24,4016408,111468.0,7.199999999999999,4017668,111508.99999999999,0.0,2.6399999999965083,9.868303010716485e-05,0,1,560
561,0,0.18,4034349,113972.0,5.3999999999999995,4035609,113367.0,0.0,-114.30000000000146,-0.005571543887972556,0,1,561
562,0,0.2,4037108,112488.00000000003,6.0,4038368,112194.0,0.0,-64.80000000000291,-0.0028803072327716244,0,1,562
563,0,0.22,4054805,112498.0,6.6,4056065,112973.0,0.0,97.9,0.003955625877793383,0,1,563
564,0,0.17,4057565,114993.0,5.1000000000000005,4058825,114650.0,0.0,-63.41000000000131,-0.003243675701999319,0,1,564
565,0,0.2,4061705,112630.0,6.0,4062965,111600.0,0.0,-212.0,-0.009411346888040486,0,1,565
566,0,0.26,4064465,111375.0,7.800000000000001,4065725,113755.0,0.0,610.9999999999993,0.021099887766554408,0,1,566
567,0,0.21,4068605,114616.0,6.3,4069865,114573.0,0.0,-15.330000000002475,-0.0006369093320305349,0,1,567
568,0,0.17,4071365,113976.0,5.1000000000000005,4072625,115765.00000000001,0.0,299.030000000001,0.015433073629536092,0,1,568
569,0,0.14,4078264,118204.0,4.2,4079524,117469.0,0.0,-107.10000000000146,-0.006471862204324814,0,1,569
570,0,0.14,4092063,114648.0,4.2,4093322,114146.0,0.0,-74.47999999999884,-0.00464029027981292,0,1,570
571,0,0.15,4109993,106921.0,4.5,4111252,106997.0,0.0,6.899999999999636,0.0004302241842107498,0,1,571
572,0,0.19,4133017,107191.00000000003,5.7,4134277,107714.00000000001,0.0,93.66999999999898,0.004599266729482835,0,1,572
573,0,0.17,4137157,106118.99999999999,5.1000000000000005,4138417,107338.00000000001,0.0,202.1300000000032,0.01120440260462329,0,1,573
574,0,0.2,4154887,107763.00000000003,6.0,4156147,109366.00000000001,0.0,314.59999999999854,0.014596846784146621,0,1,574
575,0,0.15,4161787,108645.0,4.5,4163047,109451.0,0.0,116.39999999999782,0.007142528418242767,0,1,575
576,0,0.14,4164547,107684.99999999999,4.2,4165807,108793.0,0.0,150.92000000000263,0.010010679296095266,0,1,576
577,0,0.19,4175348,111950.0,5.7,4176608,112560.99999999999,0.0,110.3899999999965,0.0051898168825366825,0,1,577
578,0,0.18,4178108,111416.99999999999,5.3999999999999995,4179368,111769.0,0.0,57.96000000000058,0.0028900437096673155,0,1,578
579,0,0.22,4182248,112734.99999999999,6.6,4183508,114223.0,0.0,320.7600000000042,0.01293298443251891,0,1,579
580,0,0.11,4189148,118918.0,3.3,4190408,119650.0,0.0,77.22000000000044,0.0059032274340302055,0,1,580
581,0,0.05,4191908,124020.0,1.5,4193168,123790.00000000001,0.0,-12.99999999999909,-0.002096436058700063,0,1,581
582,0,0.09,4195809,120252.00000000001,2.6999999999999997,4197069,120767.0,0.0,43.64999999999854,0.004033196953065095,0,1,582
583,0,0.09,4205469,123358.99999999999,2.6999999999999997,4206729,122428.0,0.0,-86.48999999999724,-0.0077902706734001535,0,1,583
584,0,0.11,4209609,123215.00000000001,3.3,4210869,124089.00000000001,0.0,92.83999999999942,0.006849815363389154,0,1,584
585,0,0.12,4216509,126321.0,3.5999999999999996,4217769,125090.00000000001,0.0,-151.31999999999752,-0.00998250488833986,0,1,585
586,0,0.12,4226169,125889.0,3.5999999999999996,4227429,125333.0,0.0,-70.32000000000116,-0.0046548943910906405,0,1,586
587,0,0.14,4230309,124755.0,4.2,4231569,121980.0,0.0,-392.7,-0.022484068774798603,0,1,587
588,0,0.15,4238589,123169.0,4.5,4239849,122343.0,0.0,-128.39999999999782,-0.006949800680365883,0,1,588
589,0,0.14,4242728,122951.00000000001,4.2,4243988,122333.0,0.0,-90.72000000000044,-0.005270392270091362,0,1,589
590,0,0.15,4249628,125600.0,4.5,4250888,124306.0,0.0,-198.60000000000218,-0.010541401273885467,0,1,590
591,0,0.15,4256528,125009.99999999999,4.5,4257788,124488.00000000001,0.0,-82.79999999999563,-0.004415646748259908,0,1,591
592,0,0.11,4259288,124959.99999999999,3.3,4260548,123348.0,0.0,-180.6199999999979,-0.013140204865556827,0,1,592
593,0,0.13,4270327,128498.00000000001,3.9000000000000004,4271587,127907.0,0.0,-80.73000000000175,-0.0048327600429579716,0,1,593
594,0,0.12,4279985,126508.99999999999,3.5999999999999996,4281245,127368.0,0.0,99.48000000000175,0.006552893470029917,0,1,594
595,0,0.17,4291024,122749.99999999999,5.1000000000000005,4292284,122423.0,0.0,-60.69000000000015,-0.0029083503054989886,0,1,595
596,0,0.18,4293783,121975.0,5.3999999999999995,4295043,121014.00000000001,0.0,-178.37999999999957,-0.008124615699938493,0,1,596
597,0,0.19,4300444,120803.0,5.7,4301704,124399.0,0.0,677.5400000000016,0.029519134458581394,0,1,597
598,0,0.08,4314243,128178.0,2.4,4315503,129800.0,0.0,127.36000000000021,0.01242022812027027,0,1,598
599,0,0.13,4318382,126851.0,3.9000000000000004,4319642,126580.0,0.0,-39.12999999999956,-0.0023728626498805416,0,1,599
600,0,0.09,4321141,125845.0,2.6999999999999997,4322401,131853.0,0.0,538.0200000000011,0.0475028805276333,0,1,600
601,0,0.11,4325280,131261.0,3.3,4326540,131753.0,0.0,50.819999999998984,0.0035197050151986554,0,1,601
602,0,0.12,4338840,133373.0,3.5999999999999996,4340100,134373.0,0.0,116.4,0.0072728363311914705,0,1,602
603,0,0.17,4345740,133175.0,5.1000000000000005,4347000,131367.0,0.0,-312.45999999999697,-0.013801389149615035,0,1,603
604,0,0.19,4352640,131933.0,5.7,4353898,134103.0,0.0,406.5999999999993,0.016220354270728297,0,1,604
605,0,0.16,4355398,133583.0,4.8,4356658,135117.0,0.0,240.64000000000232,0.011258917676650581,0,1,605
606,0,0.19,4359538,136211.0,5.7,4360798,135799.0,0.0,-83.97999999999884,-0.0032449655314181224,0,1,606
607,0,0.15,4369198,133866.0,4.5,4370458,133480.0,0.0,-62.39999999999782,-0.0031075851971373277,0,1,607
608,0,0.15,4373339,134661.0,4.5,4374599,134647.0,0.0,-6.599999999998545,-0.0003267464224979044,0,1,608
609,0,0.21,4380238,133809.0,6.3,4381498,132403.0,0.0,-301.56000000000205,-0.01073171460813555,0,1,609
610,0,0.25,4382998,132128.0,7.5,4384258,132082.0,0.0,-19.0,-0.0005751998062484864,0,1,610
611,0,0.19,4387138,131211.0,5.7,4388398,130827.0,0.0,-78.65999999999913,-0.0031552232663419636,0,1,611
612,0,0.19,4396559,133807.0,5.7,4397819,132849.0,0.0,-187.72000000000043,-0.007383769160058907,0,1,612
613,0,0.18,4410359,133705.0,5.3999999999999995,4411619,133779.0,0.0,7.9199999999997095,0.00032908268202384643,0,1,613
614,0,0.22,4414498,132722.0,6.6,4415758,132290.0,0.0,-101.64000000000087,-0.003480960202528623,0,1,614
615,0,0.11,4421398,126794.0,3.3,4422658,126636.99999999999,0.0,-20.570000000002256,-0.0014748331939998778,0,1,615
616,0,0.22,4437957,126608.99999999999,6.6,4439217,126691.00000000001,0.0,11.44000000000815,0.0004107132984229956,0,1,616
617,0,0.11,4455894,127336.99999999999,3.3,4457154,127455.0,0.0,9.680000000001382,0.0006910795762426677,0,1,617
618,0,0.07,4458654,126079.0,2.1,4459914,122769.0,0.0,-233.80000000000072,-0.02649132686648855,0,1,618
619,0,0.12,4465555,121469.0,3.5999999999999996,4466815,120811.99999999999,0.0,-82.44000000000196,-0.005655764022096307,0,1,619
620,0,0.2,4485807,117053.0,6.0,4487067,115842.0,0.0,-248.20000000000073,-0.010602034975609369,0,1,620
621,0,0.13,4492708,112800.0,3.9000000000000004,4493968,113353.0,0.0,67.99000000000123,0.004636524822695119,0,1,621
622,0,0.25,4499608,112873.0,7.5,4500867,113213.00000000001,0.0,77.50000000000364,0.002746449549493808,0,1,622
623,0,0.14,4507886,115710.99999999999,4.2,4509146,116355.0,0.0,85.96000000000167,0.005306323512889975,0,1,623
624,0,0.17,4514778,118610.0,5.1000000000000005,4516038,119092.0,0.0,76.84000000000233,0.0038108085321643514,0,1,624
625,0,0.14,4517538,119622.0,4.2,4518798,119821.0,0.0,23.660000000000583,0.0014127836016786556,0,1,625
626,0,0.19,4521410,121505.0,5.7,4522670,120545.0,0.0,-188.10000000000144,-0.008147812847207996,0,1,626
627,0,0.21,4528313,120915.00000000001,6.3,4529573,119988.00000000001,0.0,-200.96999999999827,-0.007914650787743387,0,1,627
628,0,0.18,4531074,118828.00000000001,5.3999999999999995,4532334,119064.00000000001,0.0,37.079999999999565,0.0017335981418520683,0,1,628
629,0,0.16,4537975,121470.0,4.8,4539235,121882.0,0.0,61.11999999999826,0.0031448094179631933,0,1,629
630,0,0.21,4542115,123197.0,6.3,4543375,124038.00000000001,0.0,170.3100000000042,0.00658295250696056,0,1,630
631,0,0.15,4544876,122647.0,4.5,4546136,123401.0,0.0,108.59999999999854,0.0059031203372279005,0,1,631
632,0,0.2,4551778,123845.0,6.0,4553038,123552.0,0.0,-64.59999999999854,-0.002608098833218884,0,1,632
633,0,0.23,4555650,123480.0,6.9,4556910,123794.0,0.0,65.32000000000116,0.0022999676060900956,0,1,633
634,0,0.17,4562552,124592.00000000001,5.1000000000000005,4563812,124968.0,0.0,58.81999999999825,0.0027770643379991466,0,1,634
635,0,0.22,4572217,119975.0,6.6,4573477,120423.0,0.0,91.96000000000132,0.003484059178995674,0,1,635
636,0,0.23,4576237,119875.0,6.9,4577497,122024.0,0.0,487.37000000000046,0.017676746611053198,0,1,636
637,0,0.17,4578997,122626.99999999999,5.1000000000000005,4580257,122863.00000000001,0.0,35.02000000000262,0.0016798910517260913,0,1,637
638,0,0.19,4585895,124464.00000000001,5.7,4587155,124790.00000000001,0.0,56.23999999999869,0.002378197711788092,0,1,638
639,0,0.22,4590035,125088.00000000001,6.6,4591295,125289.00000000001,0.0,37.619999999997525,0.0013670376055256196,0,1,639
640,0,0.22,4592795,124353.0,6.6,4594055,124724.0,0.0,75.01999999999899,0.002742193594042728,0,1,640
641,0,0.26,4596935,125551.0,7.800000000000001,4598195,125624.0,0.0,11.179999999999563,0.0003424903027454844,0,1,641
642,0,0.25,4599694,125148.0,7.5,4600954,125452.0,0.0,68.5,0.0021894077412343785,0,1,642
643,0,0.17,4609354,128891.00000000001,5.1000000000000005,4610614,127894.0,0.0,-174.5900000000016,-0.007967972938374356,0,1,643
644,0,0.23,4616253,126350.0,6.9,4617513,126948.0,0.0,130.64000000000087,0.004495449149188791,0,1,644
645,0,0.22,4619013,126411.99999999999,6.6,4620273,126852.0,0.0,90.20000000000292,0.0032433629718698646,0,1,645
646,0,0.18,4625913,122807.0,5.3999999999999995,4627173,122929.0,0.0,16.55999999999913,0.0007491429641632412,0,1,646
647,0,0.13,4639711,124694.0,3.9000000000000004,4640971,125492.0,0.0,99.83999999999978,0.006159077421527886,0,1,647
648,0,0.19,4643851,125225.99999999999,5.7,4645111,125714.00000000001,0.0,87.0200000000048,0.00365738744350235,0,1,648
649,0,0.25,4650512,126170.0,7.5,4651772,126803.0,0.0,150.75,0.00477926606958865,0,1,649
650,0,0.21,4653271,126576.0,6.3,4654531,127804.0,0.0,251.580000000001,0.00946466944760464,0,1,650
651,0,0.16,4660171,127778.0,4.8,4661431,126734.99999999999,0.0,-171.68000000000103,-0.008397376700214485,0,1,651
652,0,0.27,4694423,121761.0,8.100000000000001,4695683,122819.0,0.0,277.56000000000347,0.00844276903113487,0,1,652
653,0,0.23,4705463,124939.00000000001,6.9,4706723,126105.0,0.0,261.2799999999967,0.009092437109309225,0,1,653
654,0,0.19,4708223,125905.0,5.7,4709483,126919.0,0.0,186.95999999999987,0.007815416385369915,0,1,654
655,0,0.2,4712363,126866.00000000001,6.0,4713623,126660.99999999999,0.0,-47.000000000007276,-0.0018523481468639064,0,1,655
656,0,0.22,4726161,127172.0,6.6,4727421,128164.00000000001,0.0,211.6400000000016,0.007564558236089763,0,1,656
657,0,0.22,4733059,128389.00000000001,6.6,4734319,129014.00000000001,0.0,130.9,0.004634353410338892,0,1,657
658,0,0.25,4735819,128576.0,7.5,4737079,129114.00000000001,0.0,127.00000000000364,0.003950970632155415,0,1,658
659,0,0.15,4767317,129447.0,4.5,4768577,128380.0,0.0,-164.54999999999927,-0.008474510803649332,0,1,659
660,0,0.24,4776976,126879.99999999999,7.199999999999999,4778236,127463.00000000001,0.0,132.72000000000554,0.004358448928121241,0,1,660
661,0,0.2,4794911,127658.99999999999,6.0,4796171,127749.0,0.0,12.000000000003638,0.00047000211500966007,0,1,661
662,0,0.2,4797671,126673.0,6.0,4798931,127282.0,0.0,115.79999999999927,0.004570824090374399,0,1,662
663,0,0.29,4801810,127039.00000000003,8.7,4803070,127523.0,0.0,131.65999999999332,0.003573705712418839,0,1,663
664,0,0.19,4831730,127490.00000000001,5.7,4832990,128064.00000000001,0.0,103.3600000000013,0.00426700133343797,0,1,664
665,0,0.21,4838629,124702.99999999999,6.3,4839889,124788.00000000001,0.0,11.55000000000582,0.0004410479298816205,0,1,665
666,0,0.36,4855183,128206.0,10.799999999999999,4856443,128781.0,0.0,196.2,0.004250971093396565,0,1,666
667,0,0.16,4863461,132092.0,4.8,4864721,132042.0,0.0,-12.8,-0.000605638494382703,0,1,667
668,0,0.22,4867600,131033.99999999999,6.6,4868860,131742.0,0.0,149.16000000000568,0.005174229589267105,0,1,668
669,0,0.11,4883918,134673.0,3.3,4885178,134953.0,0.0,27.49999999999927,0.0018563483400532651,0,1,669
670,0,0.15,4888058,133849.0,4.5,4889318,134567.0,0.0,103.20000000000073,0.005140120583642798,0,1,670
671,0,0.13,4894958,132527.0,3.9000000000000004,4896218,131520.0,0.0,-134.80999999999986,-0.007824820602594179,0,1,671
672,0,0.16,4908528,132989.0,4.8,4909788,132462.0,0.0,-89.1199999999997,-0.004188316326914242,0,1,672
673,0,0.18,4915428,131744.0,5.3999999999999995,4916688,131749.0,0.0,-4.499999999998544,-0.00018976196259406057,0,1,673
674,0,0.21,4925088,132096.0,6.3,4926348,132355.0,0.0,48.08999999999942,0.0017335876937984288,0,1,674
675,0,0.24,4931988,131616.0,7.199999999999999,4933248,131349.0,0.0,-71.28000000000175,-0.0022565645514223747,0,1,675
676,0,0.18,4965105,134552.0,5.3999999999999995,4966365,133553.0,0.0,-185.21999999999971,-0.007647600927522433,0,1,676
677,0,0.23,4972001,131719.0,6.9,4973261,132373.0,0.0,143.51999999999825,0.004737357556616679,0,1,677
678,0,0.22,4976127,130466.00000000001,6.6,4977387,130451.0,0.0,-9.90000000000291,-0.00034491744975712616,0,1,678
679,0,0.18,4989923,129222.0,5.3999999999999995,4991183,129045.0,0.0,-37.26000000000058,-0.00160189441426385,0,1,679
680,0,0.23,4992683,129048.0,6.9,4993943,129168.0,0.0,20.700000000002184,0.0006974149153803972,0,1,680
681,0,0.25,4996821,129203.0,7.5,4998081,129315.00000000001,0.0,20.500000000003638,0.0006346601859091085,0,1,681
682,0,0.21,5006238,129990.00000000001,6.3,5007498,129297.0,0.0,-151.83000000000249,-0.005561966305100483,0,1,682
683,0,0.27,5013137,129683.99999999999,8.100000000000001,5014397,129840.00000000001,0.0,34.02000000000262,0.0009715924863515136,0,1,683
684,0,0.29,5017275,129551.00000000001,8.7,5018535,130006.0,0.0,123.24999999999709,0.0032805613233397655,0,1,684
685,0,0.23,5020034,130279.0,6.9,5021294,128044.0,0.0,-520.9499999999992,-0.01738576439794592,0,1,685
686,0,0.22,5024171,127465.00000000001,6.6,5025431,126941.00000000001,0.0,-121.87999999999883,-0.0043462911387439265,0,1,686
687,0,0.26,5031070,125854.0,7.800000000000001,5032330,125182.0,0.0,-182.52000000000118,-0.005577891842929144,0,1,687
688,0,0.29,5047381,124633.00000000001,8.7,5048641,124153.0,0.0,-147.90000000000435,-0.0040920141535549575,0,1,688
689,0,0.22,5051520,122800.0,6.6,5052780,122764.00000000001,0.0,-14.519999999998253,-0.0005374592833875575,0,1,689
690,0,0.23,5058419,122478.0,6.9,5059679,123205.0,0.0,160.30999999999912,0.005690817942814188,0,1,690
691,0,0.25,5061178,122329.0,7.5,5062438,122310.99999999999,0.0,-12.000000000003638,-0.0003923844713846639,0,1,691
692,0,0.2,5065315,122356.0,6.0,5066575,121619.0,0.0,-153.39999999999782,-0.006268593285167781,0,1,692
693,0,0.22,5068073,120931.0,6.6,5069333,121356.0,0.0,86.9,0.003266325425242494,0,1,693
694,0,0.29,5074969,121176.00000000001,8.7,5076229,121122.0,0.0,-24.36000000000349,-0.0006932065755596161,0,1,694
695,0,0.28,5079107,119429.0,8.4,5080367,117458.0,0.0,-560.2799999999974,-0.016754724564385454,0,1,695
696,0,0.16,5081867,117479.0,4.8,5083127,118422.0,0.0,146.080000000001,0.007771601733075752,0,1,696
697,0,0.23,5088760,118530.0,6.9,5090020,120564.00000000001,0.0,460.92000000000337,0.016907112123513156,0,1,697
698,0,0.21,5092898,120216.0,6.3,5094158,120629.0,0.0,80.42999999999957,0.003185931989086294,0,1,698
699,0,0.22,5095654,119975.0,6.6,5096914,119930.0,0.0,-16.500000000001457,-0.0006251302354657772,0,1,699
700,0,0.23,5099553,119183.99999999997,6.9,5100813,119696.0,0.0,110.86000000000567,0.004044167002282393,0,1,700
701,0,0.21,5109208,120221.0,6.3,5110468,119398.0,0.0,-179.13000000000176,-0.007095266218048497,0,1,701
702,0,0.22,5122989,118357.99999999999,6.6,5124249,119167.0,0.0,171.3800000000032,0.006581726625999211,0,1,702
703,0,0.22,5129887,119957.99999999999,6.6,5131147,120306.0,0.0,69.96000000000132,0.0026509278247387087,0,1,703
704,0,0.24,5134025,118896.0,7.199999999999999,5135285,119294.0,0.0,88.32000000000043,0.0030951419728165947,0,1,704
705,0,0.23,5140923,122532.0,6.9,5142183,122352.0,0.0,-48.299999999997816,-0.0017138380178238378,0,1,705
706,0,0.23,5143683,122550.0,6.9,5144943,122630.0,0.0,11.500000000001455,0.0004079967360261634,0,1,706
707,0,0.25,5154710,122240.00000000001,7.5,5155967,121674.0,0.0,-149.00000000000364,-0.004875654450261898,0,1,707
708,0,0.21,5164341,122300.0,6.3,5165599,120980.0,0.0,-283.50000000000074,-0.011038430089942793,0,1,708
709,0,0.25,5175350,122158.99999999999,7.5,5176607,122513.00000000001,0.0,81.00000000000728,0.0026522810435582246,0,1,709
710,0,0.37,5177852,122733.99999999999,11.1,5183046,122007.0,0.0,-280.089999999998,-0.006167810060781809,0,1,710
711,0,0.23,5184539,122420.0,6.9,5185797,122172.0,0.0,-63.94000000000087,-0.0022708707727495817,0,1,711
712,0,0.23,5191411,123733.99999999997,6.9,5192671,124840.00000000001,0.0,247.4800000000083,0.008696073835809367,0,1,712
713,0,0.28,5195543,124307.00000000001,8.4,5196803,124579.0,0.0,67.75999999999621,0.0019467930205055743,0,1,713
714,0,0.2,5210489,127460.0,6.0,5211749,127996.0,0.0,101.20000000000073,0.003969872901302398,0,1,714
715,0,0.25,5213244,128111.99999999999,7.5,5214504,128315.00000000001,0.0,43.250000000007276,0.0013503809166981167,0,1,715
716,0,0.3,5254270,131020.0,9.0,5255530,130568.0,0.0,-144.59999999999854,-0.003678827659899215,0,1,716
717,0,0.21,5257024,131188.0,6.3,5258282,132088.0,0.0,182.7,0.006631704119279202,0,1,717
718,0,0.17,5263667,132579.0,5.1000000000000005,5264927,132830.0,0.0,37.57000000000189,0.0016669306602102227,0,1,718
719,0,0.21,5270499,131415.0,6.3,5271759,129020.0,0.0,-509.2499999999971,-0.01845299242856589,0,1,719
720,0,0.28,5288349,130665.0,8.4,5289598,131430.0,0.0,205.79999999999708,0.005625071748364057,0,1,720
721,0,0.2,5291087,130908.99999999999,6.0,5292345,131236.0,0.0,59.400000000001455,0.002268751575521983,0,1,721
722,0,0.19,5297961,129093.00000000001,5.7,5299221,129213.00000000001,0.0,17.10000000000291,0.000697171806372269,0,1,722
723,0,0.23,5311701,129202.0,6.9,5312959,129015.00000000001,0.0,-49.9099999999984,-0.0016795405643874942,0,1,723
724,0,0.28,5321326,127148.0,8.4,5322585,127577.0,0.0,111.72000000000261,0.0031380753138076046,0,1,724
725,0,0.29,5328193,128263.00000000003,8.7,5329451,127549.0,0.0,-215.76000000000494,-0.005800581617458012,0,1,725
726,0,0.27,5344679,128615.0,8.100000000000001,5345939,127788.00000000001,0.0,-231.3899999999936,-0.00666329743809024,0,1,726
727,0,0.17,5365070,133517.0,5.1000000000000005,5366329,134125.0,0.0,98.25999999999695,0.004329036751874158,0,1,727
728,0,0.16,5376080,134565.0,4.8,5377340,135510.0,0.0,146.40000000000072,0.006799687883179166,0,1,728
729,0,0.08,5382976,141709.0,2.4,5384236,140919.0,0.0,-65.59999999999891,-0.005786506149926867,0,1,729
730,0,0.16,5396539,139573.0,4.8,5397799,141805.0,0.0,352.31999999999897,0.01577669033409036,0,1,730
731,0,0.12,5399299,140456.00000000003,3.5999999999999996,5400559,141485.0,0.0,119.87999999999957,0.007112547701771347,0,1,731
732,0,0.14,5403434,140501.0,4.2,5404694,142632.0,0.0,294.14000000000016,0.014953630223272438,0,1,732
733,0,0.15,5410330,141680.0,4.5,5411590,142435.0,0.0,108.75,0.0051171654432524,0,1,733
734,0,0.07,5431011,150148.0,2.1,5432271,151370.0,0.0,83.44000000000088,0.007938833684098439,0,1,734
735,0,0.17,5440663,149748.0,5.1000000000000005,5441922,152845.0,0.0,521.3899999999979,0.020481074872452303,0,1,735
736,0,0.1,5447560,152746.0,3.0,5448818,152410.0,0.0,-36.600000000000364,-0.002396134759666398,0,1,736
737,0,0.1,5454225,151802.0,3.0,5455485,150536.0,0.0,-129.60000000000036,-0.00853743692441472,0,1,737
738,0,0.11,5458365,148739.0,3.3,5459625,149571.0,0.0,88.22000000000044,0.005391995374447885,0,1,738
739,0,0.09,5461123,149681.0,2.6999999999999997,5462382,148693.0,0.0,-91.62000000000008,-0.006801130403992496,0,1,739
740,0,0.16,5465262,150118.0,4.8,5466522,149214.0,0.0,-149.43999999999943,-0.0062217722058646955,0,1,740
741,0,0.16,5468022,149806.0,4.8,5469282,151645.0,0.0,289.4400000000016,0.012075617799020133,0,1,741
742,0,0.14,5474921,150547.0,4.2,5476181,149625.0,0.0,-133.2799999999981,-0.006323606581333314,0,1,742
743,0,0.1,5479058,147849.0,3.0,5480318,149883.0,0.0,200.39999999999964,0.013554369660937822,0,1,743
744,0,0.12,5488716,149309.0,3.5999999999999996,5489973,148575.0,0.0,-91.6799999999981,-0.005116905210000631,0,1,744
745,0,0.17,5492847,148100.0,5.1000000000000005,5494106,148948.0,0.0,139.0600000000035,0.005523295070898181,0,1,745
746,0,0.17,5506617,148717.0,5.1000000000000005,5507877,149630.0,0.0,150.10999999999913,0.005937451669950273,0,1,746
747,0,0.14,5513508,148438.0,4.2,5514768,149112.0,0.0,90.15999999999694,0.004338511701855172,0,1,747
748,0,0.17,5523151,146923.0,5.1000000000000005,5524409,146671.0,0.0,-47.94000000000015,-0.0019193727326558866,0,1,748
749,0,0.17,5530037,146505.0,5.1000000000000005,5531297,146203.0,0.0,-56.44000000000015,-0.0022661342616293015,0,1,749
750,0,0.2,5534169,146045.0,6.0,5535427,145455.0,0.0,-124.0,-0.004245266869800404,0,1,750
751,0,0.19,5540645,147657.0,5.7,5541904,147491.0,0.0,-37.240000000000876,-0.0013274006650548541,0,1,751
752,0,0.21,5543392,147588.0,6.3,5544650,146064.0,0.0,-326.3400000000009,-0.010529311326124103,0,1,752
753,0,0.25,5547526,146382.0,7.5,5548784,147511.0,0.0,274.75,0.007507753685562432,0,1,753
754,0,0.13,5550282,146512.0,3.9000000000000004,5551542,147645.0,0.0,143.39000000000087,0.0075283935786830194,0,1,754
755,0,0.28,5554413,147558.0,8.4,5555668,147574.0,0.0,-3.920000000004075,-9.4877946299181e-05,0,1,755
756,0,0.28,5557161,147838.0,8.4,5558414,147753.0,0.0,-32.20000000000291,-0.0007778784886159876,0,1,756
757,0,0.18,5581764,155218.0,5.3999999999999995,5583024,155699.0,0.0,81.18000000000174,0.0029055908464225137,0,1,757
758,0,0.15,5585661,155655.0,4.5,5586921,155880.0,0.0,29.25,0.0012527705502553724,0,1,758
759,0,0.15,5588420,156087.0,4.5,5589680,157150.0,0.0,154.95000000000073,0.006618104006099194,0,1,759
760,0,0.15,5592558,156837.0,4.5,5593818,157690.0,0.0,123.45000000000073,0.005247486243679775,0,1,760
761,0,0.13,5595318,157511.0,3.9000000000000004,5596578,158673.0,0.0,147.1600000000013,0.007186799652087854,0,1,761
762,0,0.17,5602215,156577.0,5.1000000000000005,5603475,156997.0,0.0,66.30000000000146,0.0024907872803796765,0,1,762
763,0,0.18,5606352,156699.0,5.3999999999999995,5607612,156705.0,0.0,-4.320000000001891,-0.00015315987976956144,0,1,763
764,0,0.05,5619907,163976.0,1.5,5621167,163601.0,0.0,-20.25000000000091,-0.0024698736400449953,0,1,764
765,0,0.03,5636458,157689.0,0.8999999999999999,5637718,152365.0,0.0,-160.62000000000026,-0.03395290730488499,0,1,765
766,0,0.03,5643358,146732.0,0.8999999999999999,5644618,148915.0,0.0,64.58999999999978,0.014673009295859067,0,1,766
767,0,0.04,5650232,162838.0,1.2,5651492,161920.0,0.0,-37.92000000000026,-0.005821736941008894,0,1,767
768,0,0.06,5654371,157555.99999999997,1.7999999999999998,5655631,158875.0,0.0,77.34000000000124,0.008181218106578111,0,1,768
769,0,0.06,5657131,161012.0,1.7999999999999998,5658391,162180.0,0.0,68.27999999999993,0.007067796189103911,0,1,769
770,0,0.05,5661270,164731.0,1.5,5662529,164572.0,0.0,-9.450000000000728,-0.001147325032932566,0,1,770
771,0,0.06,5666788,172501.0,1.7999999999999998,5668048,172160.0,0.0,-22.259999999999128,-0.0021507121697844386,0,1,771
772,0,0.05,5669548,170864.0,1.5,5670808,168370.0,0.0,-126.20000000000073,-0.014771982395355454,0,1,772
773,0,0.07,5680587,170459.0,2.1,5681847,171502.0,0.0,70.91000000000022,0.005942778028734201,0,1,773
774,0,0.06,5683347,168899.00000000003,1.7999999999999998,5684607,169879.0,0.0,56.999999999999275,0.005624663260291582,0,1,774
775,0,0.09,5697146,173000.0,2.6999999999999997,5698406,174392.0,0.0,122.57999999999883,0.007872832369942122,0,1,775
776,0,0.11,5707945,171095.0,3.3,5709205,171341.0,0.0,23.75999999999767,0.0012624565299978305,0,1,776
777,0,0.08,5717605,171395.0,2.4,5718865,168138.0,0.0,-262.95999999999947,-0.01917792234312549,0,1,777
778,0,0.08,5724504,172893.0,2.4,5725764,173115.0,0.0,15.360000000000218,0.0011105134389478041,0,1,778
779,0,0.1,5728644,172542.99999999997,3.0,5729904,172910.0,0.0,33.70000000000073,0.0019531363196421026,0,1,779
780,0,0.11,5731404,172324.0,3.3,5732664,174420.0,0.0,227.2600000000013,0.011989043894060095,0,1,780
781,0,0.11,5751862,180315.99999999997,3.3,5753121,179917.0,0.0,-47.189999999999415,-0.002379156591761101,0,1,781
782,0,0.15,5758755,179730.0,4.5,5760014,181006.0,0.0,186.89999999999782,0.006932621153953071,0,1,782
783,0,0.04,5769794,195004.0,1.2,5771054,196924.0,0.0,75.60000000000018,0.009692108879817873,0,1,783
784,0,0.05,5800154,192727.99999999997,1.5,5801414,196328.0,0.0,178.5,0.018523515005603754,0,1,784
785,0,0.07,5804294,197127.0,2.1,5805554,194361.0,0.0,-195.7200000000008,-0.014183749562464864,0,1,785
786,0,0.06,5807054,193098.99999999997,1.7999999999999998,5808314,193478.0,0.0,20.9400000000016,0.0018073630624706844,0,1,786
787,0,0.07,5810954,193064.0,2.1,5812214,194828.0,0.0,121.37999999999957,0.008981477644718816,0,1,787
788,0,0.08,5813714,194526.0,2.4,5814974,194224.0,0.0,-26.559999999999853,-0.0017067127273474917,0,1,788
789,0,0.1,5817850,195462.99999999997,3.0,5819110,195822.0,0.0,32.900000000001455,0.0016831830065025838,0,1,789
790,0,0.06,5824750,189860.0,1.7999999999999998,5826010,186195.0,0.0,-221.70000000000147,-0.0194617086274098,0,1,790
791,0,0.09,5834410,190558.00000000003,2.6999999999999997,5835670,190155.0,0.0,-38.97000000000044,-0.002272274058291989,0,1,791
792,0,0.07,5838549,187578.0,2.1,5839809,188703.0,0.0,76.65,0.005837571570226786,0,1,792
793,0,0.09,5845449,189199.0,2.6999999999999997,5846709,189908.0,0.0,61.11000000000131,0.003588813894365269,0,1,793
794,0,0.15,5859249,190466.0,4.5,5860509,187689.0,0.0,-421.0499999999993,-0.014737538458307496,0,1,794
795,0,0.1,5862009,186649.0,3.0,5863269,187759.0,0.0,108.0,0.00578626191407401,0,1,795
796,0,0.07,5868909,194607.0,2.1,5870169,195219.0,0.0,40.740000000000144,0.002990642679862502,0,1,796
797,0,0.07,5873049,187655.0,2.1,5874309,186366.0,0.0,-92.32999999999956,-0.007028856145586282,0,1,797
798,0,0.1,5875809,187566.0,3.0,5877069,188799.0,0.0,120.29999999999927,0.006413742362688294,0,1,798
799,0,0.1,5879948,188252.0,3.0,5881208,187019.0,0.0,-126.29999999999927,-0.006709092068078919,0,1,799
800,0,0.1,5882706,186304.0,3.0,5883966,187282.0,0.0,94.79999999999927,0.005088457574716553,0,1,800
801,0,0.12,5889366,180915.0,3.5999999999999996,5894569,182828.0,0.0,225.96000000000132,0.010408202747146511,0,1,801
802,0,0.11,5900207,186999.0,3.3,5901467,183799.0,0.0,-355.3,-0.017272819640746742,0,1,802
803,0,0.09,5909866,188355.00000000003,2.6999999999999997,5911126,188096.0,0.0,-26.01000000000131,-0.0015343367577182157,0,1,803
804,0,0.08,5934507,184681.0,2.4,5935767,182556.0,0.0,-172.4,-0.011668769391545422,0,1,804
805,0,0.12,5945307,185121.0,3.5999999999999996,5946567,184065.0,0.0,-130.32000000000116,-0.0058664333057838365,0,1,805
806,0,0.08,5952207,183640.0,2.4,5953467,183282.0,0.0,-31.040000000001235,-0.0021128294489218876,0,1,806
807,0,0.1,5959107,183604.0,3.0,5960367,184242.0,0.0,60.79999999999927,0.0033114746955403623,0,1,807
808,0,0.11,5961867,182663.0,3.3,5963127,182129.0,0.0,-62.0400000000016,-0.0030876532193165255,0,1,808
809,0,0.07,5965767,178829.0,2.1,5967027,177452.0,0.0,-98.48999999999941,-0.007867851411124546,0,1,809
810,0,0.09,5968527,177142.0,2.6999999999999997,5969787,178186.0,0.0,91.26000000000094,0.005724221246231896,0,1,810
811,0,0.06,5975426,176979.0,1.7999999999999998,5976686,172680.0,0.0,-259.7400000000005,-0.024460529215330682,0,1,811
812,0,0.06,5982326,169411.0,1.7999999999999998,5983586,169793.0,0.0,21.120000000000072,0.002077787156678145,0,1,812
813,0,0.1,5989226,172260.0,3.0,5990486,172343.0,0.0,5.299999999999272,0.0003076744456054378,0,1,813
814,0,0.14,6000266,172675.0,4.2,6001526,173295.0,0.0,82.59999999999927,0.0034168235123787157,0,1,814
815,0,0.11,6003026,172781.0,3.3,6004286,173167.0,0.0,39.15999999999913,0.0020604117350865665,0,1,815
816,0,0.11,6007163,168330.0,3.3,6008423,170782.0,0.0,266.42000000000115,0.014388403730767009,0,1,816
817,0,0.15,6015443,175478.0,4.5,6016703,174290.0,0.0,-182.70000000000073,-0.0069410410421819535,0,1,817
818,0,0.15,6033378,177538.0,4.5,6034638,178178.0,0.0,91.5,0.0034358841487456206,0,1,818
819,0,0.11,6040278,177863.0,3.3,6041538,178592.0,0.0,76.8899999999987,0.003929991060535289,0,1,819
820,0,0.1,6056836,187600.0,3.0,6058096,187937.0,0.0,30.700000000000728,0.001636460554371041,0,1,820
821,0,0.12,6067635,189915.0,3.5999999999999996,6068895,190888.0,0.0,113.1599999999984,0.0049653792486111506,0,1,821
822,0,0.12,6070395,187159.0,3.5999999999999996,6071655,189185.0,0.0,239.52000000000263,0.01066472892032989,0,1,822
823,0,0.12,6074534,189264.0,3.5999999999999996,6075794,188976.0,0.0,-38.16000000000131,-0.0016801927466396722,0,1,823
824,0,0.06,6084193,177584.0,1.7999999999999998,6085453,176177.0,0.0,-86.22000000000007,-0.008091945220290123,0,1,824
825,0,0.13,6091093,177612.0,3.9000000000000004,6092353,177928.0,0.0,37.17999999999811,0.0016102515595792257,0,1,825
826,0,0.11,6095233,176147.00000000003,3.3,6096493,176969.0,0.0,87.11999999999826,0.004496244613873549,0,1,826
827,0,0.13,6101893,179531.0,3.9000000000000004,6103153,180338.0,0.0,101.00999999999985,0.004327943363541665,0,1,827
828,0,0.11,6108793,180750.0,3.3,6110053,182737.0,0.0,215.2699999999997,0.010827109266943276,0,1,828
829,0,0.12,6115693,180939.0,3.5999999999999996,6116953,180352.0,0.0,-74.04000000000232,-0.003409989001818399,0,1,829
830,0,0.14,6122593,179938.0,4.2,6123853,180880.0,0.0,127.67999999999738,0.005068412453178212,0,1,830
831,0,0.15,6132251,180401.0,4.5,6133510,175999.0,0.0,-664.7999999999993,-0.02456749131102375,0,1,831
832,0,0.11,6136386,172870.0,3.3,6137646,175270.0,0.0,260.7,0.013709724070110486,0,1,832
833,0,0.12,6146045,178081.0,3.5999999999999996,6147305,178237.0,0.0,15.120000000001165,0.0007075431966352936,0,1,833
834,0,0.17,6150185,180242.0,5.1000000000000005,6151443,179077.0,0.0,-203.14999999999927,-0.0066299752554898166,0,1,834
835,0,0.18,6159841,180898.0,5.3999999999999995,6161101,182844.0,0.0,344.87999999999886,0.01059160410839254,0,1,835
836,0,0.14,6163741,179516.0,4.2,6165001,178863.0,0.0,-95.61999999999826,-0.0038046747922190084,0,1,836
837,0,0.11,6173401,175372.00000000003,3.3,6174661,175145.0,0.0,-28.270000000001165,-0.001465456287206684,0,1,837
838,0,0.15,6177541,177418.0,4.5,6178801,176841.0,0.0,-91.05000000000291,-0.003421298853554991,0,1,838
839,0,0.09,6180301,174461.0,2.6999999999999997,6181561,174667.0,0.0,15.839999999999055,0.0010088214557980838,0,1,839
840,0,0.11,6184441,173443.0,3.3,6185701,172574.0,0.0,-98.89000000000014,-0.005183259053406602,0,1,840
841,0,0.13,6191341,175961.0,3.9000000000000004,6192601,176431.0,0.0,57.200000000002184,0.002500554100056358,0,1,841
842,0,0.14,6194101,175515.0,4.2,6195361,175705.0,0.0,22.399999999998546,0.000911602996894793,0,1,842
843,0,0.14,6198241,176015.0,4.2,6199501,179184.0,0.0,439.45999999999987,0.017833707354486826,0,1,843
844,0,0.15,6200999,179579.0,4.5,6202259,176826.0,0.0,-417.4500000000007,-0.015497357708863537,0,1,844
845,0,0.14,6205136,176894.0,4.2,6206396,178522.0,0.0,223.71999999999827,0.00903365857519185,0,1,845
846,0,0.13,6212035,179200.0,3.9000000000000004,6213295,179810.0,0.0,75.39999999999927,0.0032366071428571114,0,1,846
847,0,0.17,6218935,178690.0,5.1000000000000005,6220195,177334.0,0.0,-235.62000000000043,-0.007756449717387668,0,1,847
848,0,0.13,6221695,179126.0,3.9000000000000004,6222955,181672.0,0.0,327.0799999999996,0.014045978808213195,0,1,848
849,0,0.13,6225835,182981.0,3.9000000000000004,6227095,185250.0,0.0,291.06999999999755,0.012236243107207749,0,1,849
850,0,0.11,6232735,185021.0,3.3,6233995,186672.0,0.0,178.31000000000057,0.008761167651239616,0,1,850
851,0,0.13,6235495,185946.0,3.9000000000000004,6236755,184694.0,0.0,-166.6599999999984,-0.0068944747399782074,0,1,851
852,0,0.08,6246080,177313.0,2.4,6247340,177839.0,0.0,39.67999999999993,0.0027973132257646032,0,1,852
853,0,0.14,6255740,177622.0,4.2,6257000,178266.0,0.0,85.95999999999985,0.003456779002601023,0,1,853
854,0,0.17,6272294,180642.0,5.1000000000000005,6273554,180428.0,0.0,-41.48000000000102,-0.0013507379236279823,0,1,854
855,0,0.16,6288854,182073.0,4.8,6290114,181630.0,0.0,-75.68000000000102,-0.002597859100470725,0,1,855
856,0,0.15,6295513,183885.0,4.5,6296773,183186.0,0.0,-109.35000000000218,-0.003964434293172442,0,1,856
857,0,0.15,6306553,180058.0,4.5,6307813,180762.0,0.0,101.09999999999854,0.0037432382898843165,0,1,857
858,0,0.2,6313453,182585.0,6.0,6314713,183321.0,0.0,141.20000000000437,0.0038666922255389097,0,1,858
859,0,0.12,6316213,182671.0,3.5999999999999996,6317473,186113.0,0.0,409.4399999999972,0.01867838901631883,0,1,859
860,0,0.1,6320353,185285.0,3.0,6321613,187225.0,0.0,191.0,0.010308443748819387,0,1,860
861,0,0.1,6327101,189815.0,3.0,6328361,190918.0,0.0,107.29999999999927,0.005652872533782855,0,1,861
862,0,0.03,6329861,190640.0,0.8999999999999999,6331121,189070.0,0.0,-48.00000000000036,-0.008392782207301785,0,1,862
863,0,0.03,6340901,204373.0,0.8999999999999999,6342161,199098.0,0.0,-159.15,-0.02595744056210948,0,1,863
864,0,0.05,6343661,199517.0,1.5,6344921,198253.0,0.0,-64.69999999999891,-0.006485662875845057,0,1,864
865,0,0.06,6347801,191598.0,1.7999999999999998,6349061,192774.0,0.0,68.7599999999995,0.005981273290952889,0,1,865
866,0,0.08,6350561,194098.0,2.4,6351821,192010.0,0.0,-169.43999999999906,-0.010912013518943978,0,1,866
867,0,0.1,6354701,192041.0,3.0,6355961,194665.0,0.0,259.3999999999978,0.013507532245718247,0,1,867
868,0,0.08,6357461,195818.0,2.4,6358721,195435.0,0.0,-33.03999999999942,-0.0021091013083577234,0,1,868
869,0,0.09,6364360,193529.0,2.6999999999999997,6365620,192252.0,0.0,-117.6300000000003,-0.006753509809899309,0,1,869
870,0,0.08,6368500,192271.0,2.4,6369760,192472.0,0.0,13.679999999999927,0.0008893696917371787,0,1,870
871,0,0.11,6371259,193104.0,3.3,6372519,194400.0,0.0,139.2600000000013,0.006556052696992356,0,1,871
872,0,0.08,6375399,196674.0,2.4,6376659,197805.0,0.0,88.07999999999956,0.005598096342170264,0,1,872
873,0,0.09,6380917,194973.0,2.6999999999999997,6382177,195766.0,0.0,68.66999999999898,0.003913362362993792,0,1,873
874,0,0.08,6397477,187784.0,2.4,6398737,188091.0,0.0,22.159999999999492,0.0014750990499722747,0,1,874
875,0,0.08,6401617,183840.0,2.4,6402877,185296.0,0.0,114.07999999999956,0.007756744995648359,0,1,875
876,0,0.07,6404377,181907.0,2.1,6405637,180959.0,0.0,-68.46000000000058,-0.005376373641476183,0,1,876
877,0,0.1,6408517,181421.0,3.0,6409777,181599.0,0.0,14.799999999999272,0.0008157820759448614,0,1,877
878,0,0.11,6422164,183769.0,3.3,6423424,184714.0,0.0,100.65000000000073,0.004979076993399358,0,1,878
879,0,0.14,6431824,184647.0,4.2,6433084,187192.0,0.0,352.0999999999993,0.013620584141632383,0,1,879
880,0,0.1,6435964,180862.0,3.0,6437224,183152.0,0.0,226.0,0.01249571496500094,0,1,880
881,0,0.12,6442713,183107.0,3.5999999999999996,6443973,183762.0,0.0,74.99999999999855,0.0034133047890030853,0,1,881
882,0,0.11,6445473,182414.0,3.3,6446733,182409.0,0.0,-3.8499999999992722,-0.00019187123795319098,0,1,882
883,0,0.15,6449613,181956.0,4.5,6450873,181829.0,0.0,-23.549999999999272,-0.0008628459627602012,0,1,883
884,0,0.09,6452373,180614.0,2.6999999999999997,6453633,180529.0,0.0,-10.350000000001454,-0.0006367169765356847,0,1,884
885,0,0.1,6456362,176796.0,3.0,6457622,173955.0,0.0,-287.1000000000022,-0.016239055182244062,0,1,885
886,0,0.12,6459122,173965.0,3.5999999999999996,6460382,174125.0,0.0,15.600000000000728,0.0007472767510706526,0,1,886
887,0,0.11,6463262,172555.0,3.3,6464522,173295.0,0.0,78.10000000000146,0.0041146301179334896,0,1,887
888,0,0.09,6483959,175949.0,2.6999999999999997,6485219,176509.0,0.0,47.69999999999963,0.00301223650034951,0,1,888
889,0,0.14,6490857,179357.0,4.2,6492117,179013.0,0.0,-52.35999999999986,-0.00208522667082968,0,1,889
890,0,0.12,6493617,178771.0,3.5999999999999996,6494877,180140.0,0.0,160.67999999999884,0.007490029143429249,0,1,890
891,0,0.16,6497757,177510.0,4.8,6499017,176438.0,0.0,-176.32000000000045,-0.006208100952059054,0,1,891
892,0,0.15,6500517,175722.0,4.5,6501777,174635.0,0.0,-167.54999999999927,-0.006356631497478945,0,1,892
893,0,0.13,6504656,174684.0,3.9000000000000004,6505916,175195.0,0.0,62.53000000000029,0.0027535435414806292,0,1,893
894,0,0.15,6507415,175713.0,4.5,6508675,173664.0,0.0,-311.8500000000022,-0.011831793891174896,0,1,894
895,0,0.14,6511554,172279.0,4.2,6512814,171000.0,0.0,-183.25999999999766,-0.007598140226028612,0,1,895
896,0,0.11,6514314,169545.0,3.3,6515574,170955.0,0.0,151.79999999999853,0.008139432009201019,0,1,896
897,0,0.13,6518303,170029.0,3.9000000000000004,6519563,171716.0,0.0,215.4100000000013,0.009745396373559864,0,1,897
898,0,0.1,6525203,170185.0,3.0,6526463,169547.0,0.0,-66.79999999999927,-0.003925140288509521,0,1,898
899,0,0.09,6527963,166251.0,2.6999999999999997,6529223,167310.0,0.0,92.60999999999949,0.0061894364545175325,0,1,899
900,0,0.09,6534863,167114.0,2.6999999999999997,6536123,164293.0,0.0,-256.5900000000012,-0.0170602103952991,0,1,900
901,0,0.1,6539003,162986.0,3.0,6540263,166049.0,0.0,303.3000000000011,0.018608960278797018,0,1,901
902,0,0.11,6548663,171173.0,3.3,6549923,169553.0,0.0,-181.4999999999971,-0.009639370695144525,0,1,902
903,0,0.1,6552799,166604.0,3.0,6554059,167503.0,0.0,86.89999999999782,0.005215961201411599,0,1,903
904,0,0.1,6562449,162655.0,3.0,6563709,165494.0,0.0,280.90000000000146,0.017269681227137283,0,1,904
905,0,0.11,6566589,165223.0,3.3,6567849,166450.0,0.0,131.67000000000115,0.007244754059664881,0,1,905
906,0,0.12,6573483,164662.0,3.5999999999999996,6574743,163669.0,0.0,-122.75999999999985,-0.006212726676464508,0,1,906
907,0,0.12,6590035,175990.0,3.5999999999999996,6591295,174842.0,0.0,-141.3599999999984,-0.0066935621342120956,0,1,907
908,0,0.17,6596779,175517.0,5.1000000000000005,6601980,176980.0,0.0,243.60999999999913,0.008164451306711002,0,1,908
909,0,0.14,6607618,177081.0,4.2,6608878,178695.0,0.0,221.75999999999914,0.008945059040777912,0,1,909
910,0,0.11,6617274,177645.0,3.3,6618534,179204.0,0.0,168.18999999999795,0.008607053393002793,0,1,910
911,0,0.1,6626929,181232.0,3.0,6628189,180425.0,0.0,-83.70000000000073,-0.004618389688355297,0,1,911
912,0,0.14,6629688,181490.0,4.2,6630948,182347.0,0.0,115.77999999999956,0.004556724888423587,0,1,912
913,0,0.09,6632445,183634.99999999997,2.6999999999999997,6633705,185520.0,0.0,166.95000000000147,0.01010156016010029,0,1,913
914,0,0.09,6635205,183271.0,2.6999999999999997,6636465,186680.0,0.0,304.1100000000013,0.018437177731337826,0,1,914
915,0,0.11,6646003,190856.0,3.3,6647263,190334.0,0.0,-60.71999999999825,-0.0028922328876219983,0,1,915
916,0,0.08,6662561,191504.0,2.4,6663821,186461.0,0.0,-405.83999999999867,-0.026490308296432365,0,1,916
917,0,0.09,6669460,186231.00000000003,2.6999999999999997,6670720,186412.0,0.0,13.589999999997236,0.0008108209696558,0,1,917
918,0,0.09,6676359,183426.0,2.6999999999999997,6677619,184167.0,0.0,63.98999999999869,0.0038762225638676383,0,1,918
919,0,0.13,6687244,182537.0,3.9000000000000004,6688504,183721.0,0.0,150.01999999999825,0.006322005949478662,0,1,919
920,0,0.13,6694141,181386.0,3.9000000000000004,6695401,181329.0,0.0,-11.309999999999855,-0.000479640104528458,0,1,920
921,0,0.08,6701039,190410.0,2.4,6702299,191664.0,0.0,97.9199999999997,0.006428233811249389,0,1,921
922,0,0.07,6707937,194084.0,2.1,6709197,197261.0,0.0,220.28999999999942,0.016214628717462497,0,1,922
923,0,0.06,6710697,199173.0,1.7999999999999998,6711957,197590.0,0.0,-96.77999999999956,-0.008098487244757034,0,1,923
924,0,0.13,6727251,200370.0,3.9000000000000004,6728511,201354.0,0.0,124.01999999999825,0.004761191795178851,0,1,924
925,0,0.1,6743805,198660.0,3.0,6745065,198908.0,0.0,21.80000000000291,0.0010973522601431043,0,1,925
926,0,0.09,6757605,201580.00000000003,2.6999999999999997,6758865,201082.0,0.0,-47.51999999999971,-0.0026193074709792478,0,1,926
927,0,0.11,6761745,198983.0,3.3,6763005,198289.0,0.0,-79.64000000000014,-0.003638501781559235,0,1,927
928,0,0.1,6771401,194204.0,3.0,6772661,194730.0,0.0,49.599999999998545,0.002554015365285913,0,1,928
929,0,0.13,6775389,195839.0,3.9000000000000004,6776648,196299.0,0.0,55.90000000000291,0.0021956811462477974,0,1,929
930,0,0.1,6789186,194390.0,3.0,6790446,194480.0,0.0,6.0,0.0003086578527702042,0,1,930
931,0,0.13,6795930,193638.0,3.9000000000000004,6797190,193347.0,0.0,-41.730000000001745,-0.001657732469866521,0,1,931
932,0,0.13,6798689,191351.0,3.9000000000000004,6799948,191901.0,0.0,67.6,0.0027175191140887687,0,1,932
933,0,0.13,6802824,191474.0,3.9000000000000004,6804083,190921.0,0.0,-75.79000000000306,-0.0030447998161631526,0,1,933
934,0,0.2,6809555,192600.0,6.0,6810815,191573.0,0.0,-211.40000000000146,-0.005488058151609591,0,1,934
935,0,0.12,6812315,191076.0,3.5999999999999996,6813573,192463.0,0.0,162.8399999999987,0.00710188616048059,0,1,935
936,0,0.16,6844040,192486.0,4.8,6845297,191541.0,0.0,-156.00000000000074,-0.00506530345064059,0,1,936
937,0,0.13,6846794,191244.0,3.9000000000000004,6848051,191345.0,0.0,9.230000000001018,0.0003712534772333136,0,1,937
938,0,0.15,6850929,190127.0,4.5,6852188,189216.0,0.0,-141.15000000000146,-0.004949323347025986,0,1,938
939,0,0.19,6860556,191674.0,5.7,6861815,191428.0,0.0,-52.439999999997966,-0.0014399449064556973,0,1,939
940,0,0.21,6867437,193990.0,6.3,6868696,194049.0,0.0,6.089999999999418,0.00014949224186812325,0,1,940
941,0,0.22,6871416,192622.00000000003,6.6,6872674,191663.0,0.0,-217.5800000000032,-0.005134408323036904,0,1,941
942,0,0.23,6885185,193167.0,6.9,6886443,193296.0,0.0,22.769999999998255,0.0005125099007594071,0,1,942
943,0,0.19,6892075,190072.0,5.7,6893335,187661.0,0.0,-463.7899999999965,-0.012842501788795728,0,1,943
944,0,0.13,6894835,186413.0,3.9000000000000004,6896094,184804.0,0.0,-213.0700000000019,-0.008792305257680605,0,1,944
945,0,0.11,6898972,182243.0,3.3,6900232,182320.0,0.0,5.170000000001164,0.00025789742267198513,0,1,945
946,0,0.16,6908624,186955.0,4.8,6909884,192838.0,0.0,936.4800000000025,0.031306999010457144,0,1,946
947,0,0.1,6919659,197035.0,3.0,6920919,198072.0,0.0,100.70000000000073,0.00511076712259247,0,1,947
948,0,0.11,6926558,198463.0,3.3,6927818,197840.0,0.0,-71.82999999999883,-0.003290285846732083,0,1,948
949,0,0.13,6929317,198476.0,3.9000000000000004,6930577,199259.0,0.0,97.89000000000087,0.003793909591084094,0,1,949
950,0,0.13,6940351,196241.0,3.9000000000000004,6941611,195932.0,0.0,-44.07000000000189,-0.0017274677564831737,0,1,950
951,0,0.08,6960581,201886.0,2.4,6961841,202642.0,0.0,58.079999999999565,0.0035960888818441818,0,1,951
952,0,0.1,6963341,202802.0,3.0,6964601,200267.0,0.0,-256.5,-0.012647804262285381,0,1,952
953,0,0.08,6970241,203555.0,2.4,6971501,201788.0,0.0,-143.75999999999877,-0.008828080862666034,0,1,953
954,0,0.12,6982657,206664.0,3.5999999999999996,6983917,206311.0,0.0,-45.96000000000058,-0.0018532497193512409,0,1,954
955,0,0.11,6985416,205946.99999999997,3.3,6986676,204095.0,0.0,-207.01999999999754,-0.009138273439282814,0,1,955
956,0,0.11,6999064,202806.0,3.3,7000324,200605.0,0.0,-245.4100000000006,-0.011000660729958707,0,1,956
957,0,0.12,7026660,199142.00000000003,3.5999999999999996,7027919,199094.0,0.0,-9.360000000002037,-0.00039168030852365133,0,1,957
958,0,0.16,7029419,200344.0,4.8,7030679,201186.0,0.0,129.92000000000115,0.00405302879048041,0,1,958
959,0,0.19,7033396,202415.0,5.7,7034656,202427.0,0.0,-3.4200000000011643,-8.892621594252465e-05,0,1,959
960,0,0.2,7040294,203008.00000000003,6.0,7041554,203364.0,0.0,65.19999999999709,0.001605848045397154,0,1,960
961,0,0.09,7047192,212794.99999999997,2.6999999999999997,7048451,214655.00000000003,0.0,164.7000000000051,0.008599826123734378,0,1,961
962,0,0.08,7054088,215865.99999999997,2.4,7055348,217253.00000000003,0.0,108.56000000000276,0.006286307246162131,0,1,962
963,0,0.12,7056847,216131.0,3.5999999999999996,7058107,215705.00000000003,0.0,-54.719999999995345,-0.0021098315373544807,0,1,963
964,0,0.08,7063743,218103.00000000003,2.4,7065003,216394.99999999997,0.0,-139.04000000000306,-0.007968712030554546,0,1,964
965,0,0.09,7067883,217826.0,2.6999999999999997,7069142,219323.99999999997,0.0,132.11999999999608,0.006739324047634151,0,1,965
966,0,0.06,7076161,228957.00000000003,1.7999999999999998,7077421,232316.0,0.0,199.73999999999722,0.014539848093746657,0,1,966
967,0,0.04,7087200,238473.99999999997,1.2,7088460,237255.00000000003,0.0,-49.9599999999984,-0.005237468235530751,0,1,967
968,0,0.07,7089960,237902.00000000003,2.1,7091220,238744.99999999997,0.0,56.90999999999476,0.0034173735403650453,0,1,968
969,0,0.06,7094100,232171.99999999997,1.7999999999999998,7095360,231889.0,0.0,-18.779999999997745,-0.0013481384490806921,0,1,969
970,0,0.07,7101000,229121.99999999997,2.1,7102260,230980.00000000003,0.0,127.96000000000495,0.007978282312480123,0,1,970
971,0,0.09,7117557,237821.99999999997,2.6999999999999997,7118817,241636.0,0.0,340.56000000000205,0.015911059531918927,0,1,971
972,0,0.07,7121697,242180.0,2.1,7122956,237906.0,0.0,-301.2800000000003,-0.017771905194483458,0,1,972
973,0,0.06,7124454,233082.00000000003,1.7999999999999998,7125714,233382.00000000003,0.0,16.2,0.0011583906093134604,0,1,973
974,0,0.07,7145003,230282.00000000003,2.1,7146263,233229.0,0.0,204.18999999999724,0.012667077756837095,0,1,974
975,0,0.1,7149143,232810.0,3.0,7157151,229866.0,0.0,-297.3999999999978,-0.012774365362312521,0,1,975
976,0,0.08,7179197,244421.0,2.4,7180457,239863.0,0.0,-367.0399999999994,-0.01877089120820221,0,1,976
977,0,0.05,7197137,238842.99999999997,1.5,7198397,238553.00000000003,0.0,-15.999999999998181,-0.00133979224846432,0,1,977
978,0,0.09,7204037,246544.99999999997,2.6999999999999997,7205297,244707.00000000003,0.0,-168.1199999999946,-0.007576710134052365,0,1,978
979,0,0.07,7206797,245467.99999999994,2.1,7208057,250776.00000000003,0.0,369.4600000000049,0.0215017843466361,0,1,979
980,0,0.09,7220597,252078.0,2.6999999999999997,7221857,250217.99999999997,0.0,-170.10000000000508,-0.007497679289743875,0,1,980
981,0,0.09,7275573,273447.0,2.6999999999999997,7276833,274239.0,0.0,68.57999999999883,0.0027866460410974963,0,1,981
982,0,0.07,7282473,274599.0,2.1,7283733,273403.0,0.0,-85.81999999999752,-0.004464692151100203,0,1,982
983,0,0.07,7293513,259880.0,2.1,7294773,257369.99999999997,0.0,-177.80000000000072,-0.00977374172695094,0,1,983
984,0,0.06,7296273,256673.99999999997,1.7999999999999998,7297533,256209.0,0.0,-29.699999999997818,-0.00192851632810477,0,1,984
985,0,0.08,7303173,266901.0,2.4,7304433,270570.0,0.0,291.12000000000046,0.013634268886216258,0,1,985
986,0,0.09,7309921,263861.0,2.6999999999999997,7315185,264988.0,0.0,98.73000000000029,0.004157492012840106,0,1,986
987,0,0.07,7323571,268053.0,2.1,7324831,264780.0,0.0,-231.21000000000058,-0.012322190014661309,0,1,987
988,0,0.07,7330471,259335.99999999997,2.1,7331731,262261.0,0.0,202.65,0.011163124286639726,0,1,988
989,0,0.11,7335789,263235.0,3.3,7337049,261526.00000000003,0.0,-191.28999999999434,-0.006606264364540994,0,1,989
990,0,0.08,7345448,264947.0,2.4,7346708,266324.0,0.0,107.75999999999985,0.005084035675059532,0,1,990
991,0,0.09,7355104,271436.0,2.6999999999999997,7356364,270070.0,0.0,-125.6399999999987,-0.0051430171384782624,0,1,991
992,0,0.05,7379780,289838.0,1.5,7381040,290081.0,0.0,10.649999999999636,0.0007348932852144739,0,1,992
993,0,0.05,7396187,287582.0,1.5,7397447,285449.0,0.0,-108.14999999999964,-0.0075213330458790625,0,1,993
994,0,0.06,7400327,291395.0,1.7999999999999998,7401587,292205.0,0.0,46.79999999999855,0.0026767789426722344,0,1,994
995,0,0.05,7403086,291006.0,1.5,7404339,290957.0,0.0,-3.9500000000007276,-0.0002714720658681077,0,1,995
996,0,0.05,7427918,311115.0,1.5,7429178,312390.0,0.0,62.25,0.004001735692589557,0,1,996
997,0,0.03,7434812,298186.0,0.8999999999999999,7436072,309307.0,0.0,332.7299999999992,0.03719490519340269,0,1,997
998,0,0.01,7447227,332714.0,0.3,7448487,329370.0,0.0,-33.7399999999996,-0.01014084168384847,0,1,998
999,0,0.02,7461008,338099.0,0.6,7462268,337157.0,0.0,-19.440000000000147,-0.002874897589167691,0,1,999
1000,0,0.04,7484315,331424.0,1.2,7485575,329472.0,0.0,-79.27999999999993,-0.005980254900067581,0,1,1000
1001,0,0.05,7495355,332409.0,1.5,7496615,334652.0,0.0,110.65000000000146,0.006657461139740588,0,1,1001
1002,0,0.04,7498115,338289.0,1.2,7499375,343224.0,0.0,196.20000000000147,0.014499436872023734,0,1,1002
1003,0,0.05,7504864,336550.0,1.5,7506124,336534.0,0.0,-2.2999999999992724,-0.00013668102807899406,0,1,1003
1004,0,0.05,7511764,332103.0,1.5,7513024,327049.0,0.0,-254.20000000000073,-0.015308503687109162,0,1,1004
1005,0,0.06,7518664,332861.0,1.7999999999999998,7523823,331555.0,0.0,-80.16000000000058,-0.004013687395038799,0,1,1005
1006,0,0.06,7529463,332645.0,1.7999999999999998,7530723,334685.0,0.0,120.59999999999782,0.006042477716484431,0,1,1006
1007,0,0.06,7539123,336850.0,1.7999999999999998,7540383,333735.0,0.0,-188.70000000000147,-0.009336499925783061,0,1,1007
1008,0,0.06,7559816,333286.0,1.7999999999999998,7561076,333895.0,0.0,34.740000000000876,0.0017372466890298861,0,1,1008
1009,0,0.09,7563956,331655.0,2.6999999999999997,7565216,334855.0,0.0,285.3,0.009558125160181515,0,1,1009
1010,0,0.09,7566716,333872.0,2.6999999999999997,7567976,337300.0,0.0,305.82000000000045,0.010177553074232057,0,1,1010
1011,0,0.04,7580363,354045.0,1.2,7581623,359450.0,0.0,214.99999999999892,0.015181685943877114,0,1,1011
1012,0,0.04,7584503,363520.0,1.2,7585763,364178.0,0.0,25.11999999999971,0.0017275528169013884,0,1,1012
1013,0,0.05,7594163,363974.0,1.5,7595423,368428.0,0.0,221.20000000000073,0.012154714347728173,0,1,1013
1014,0,0.04,7598303,376504.0,1.2,7599563,372986.0,0.0,-141.91999999999933,-0.009423538660943797,0,1,1014
1015,0,0.02,7614863,397485.0,0.6,7616123,401105.0,0.0,71.80000000000055,0.009031787363045217,0,1,1015
1016,0,0.01,7625903,412256.00000000006,0.3,7627163,410189.00000000006,0.0,-20.970000000000073,-0.005086645191337439,0,1,1016
1017,0,0.02,7628663,411570.0,0.6,7629923,410393.99999999994,0.0,-24.120000000000438,-0.0029302427290619384,0,1,1017
1018,0,0.02,7632803,393314.0,0.6,7634063,394543.0,0.0,23.980000000000835,0.0030484549240556956,0,1,1018
1019,0,0.03,7639703,393432.0,0.8999999999999999,7640963,398426.0,0.0,148.9199999999997,0.012617173997031229,0,1,1019
1020,0,0.04,7669757,420597.99999999994,1.2,7671017,420195.0,0.0,-17.31999999999898,-0.0010294865881434875,0,1,1020
1021,0,0.02,7692984,433864.99999999994,0.6,7694244,431331.00000000006,0.0,-51.27999999999847,-0.00590967236352304,0,1,1021
1022,0,0.03,7708163,460984.0,0.8999999999999999,7709423,458160.00000000006,0.0,-85.61999999999753,-0.006191104246568033,0,1,1022
1023,0,0.01,7735595,491988.0,0.3,7736855,503230.0,0.0,112.12000000000008,0.022789173719684235,0,1,1023
1024,0,0.01,7739582,485885.0,0.3,7740842,498451.0,0.0,125.35999999999986,0.02580034370272798,0,1,1024
1025,0,0.02,7742342,498751.0,0.6,7743602,509682.0,0.0,218.019999999999,0.021856597781257477,0,1,1025
1026,0,0.02,7746481,514639.99999999994,0.6,7747741,515189.99999999994,0.0,10.4,0.001010415047411783,0,1,1026
1027,0,0.02,7760277,518860.0,0.6,7761537,518297.99999999994,0.0,-11.8400000000016,-0.0011409628801605056,0,1,1027
1028,0,0.02,7763037,509459.0,0.6,7764297,501643.0,0.0,-156.9199999999997,-0.015400650493955323,0,1,1028
1029,0,0.02,7767177,499902.99999999994,0.6,7768437,484257.0,0.0,-313.5200000000001,-0.03135808346819284,0,1,1029
1030,0,0.02,7789254,476385.99999999994,0.6,7790514,475964.99999999994,0.0,-9.020000000000072,-0.0009467112803482967,0,1,1030
1031,0,0.02,7803054,469277.00000000006,0.6,7804314,471610.99999999994,0.0,46.07999999999847,0.00490968021019552,0,1,1031
1032,0,0.02,7816854,468518.0,0.6,7818114,472377.00000000006,0.0,76.5800000000003,0.0081725782147111,0,1,1032
1033,0,0.02,7823754,466177.00000000006,0.6,7825014,454566.0,0.0,-232.82000000000116,-0.02497120192544904,0,1,1033
1034,0,0.02,7827894,448380.0,0.6,7829154,454547.99999999994,0.0,122.75999999999877,0.013689281413086975,0,1,1034
1035,0,0.03,7841541,448452.00000000006,0.8999999999999999,7842801,444364.00000000006,0.0,-123.53999999999942,-0.009182699597727249,0,1,1035
1036,0,0.03,7844301,446899.0,0.8999999999999999,7845561,431827.00000000006,0.0,-453.059999999998,-0.033792870424860955,0,1,1036
1037,0,0.02,7848441,423647.0,0.6,7849701,408241.0,0.0,-308.7199999999999,-0.036435995061926546,0,1,1037
1038,0,0.03,7855341,433485.00000000006,0.8999999999999999,7856601,423552.00000000006,0.0,-298.88999999999976,-0.022983494238554947,0,1,1038
1039,0,0.02,7861880,410389.99999999994,0.6,7863140,398770.0,0.0,-232.99999999999872,-0.02838763127756509,0,1,1039
1040,0,0.02,7868660,401291.0,0.6,7869920,403836.0,0.0,50.299999999999635,0.006267272378398672,0,1,1040
1041,0,0.03,7875319,409745.0,0.8999999999999999,7876579,407966.0,0.0,-54.2700000000008,-0.00441494099989024,0,1,1041
1042,0,0.03,7878079,412048.0,0.8999999999999999,7879339,410793.99999999994,0.0,-38.5200000000008,-0.003116141808721379,0,1,1042
1043,0,0.03,7882219,404407.0,0.8999999999999999,7883479,405680.0,0.0,37.29000000000051,0.0030736362130230612,0,1,1043
1044,0,0.03,7884859,397776.0,0.8999999999999999,7886119,401516.0,0.0,111.30000000000072,0.009326857326736717,0,1,1044
1045,0,0.03,7891759,404889.0,0.8999999999999999,7893019,405357.0,0.0,13.139999999999054,0.0010817779687765498,0,1,1045
1046,0,0.03,7895899,401782.0,0.8999999999999999,7897159,404436.0,0.0,78.7200000000008,0.006530904819031283,0,1,1046
