id,col,size,entry_idx,entry_price,entry_fees,exit_idx,exit_price,exit_fees,pnl,return,direction,status,parent_id
0,0,0.24,3280,34908.0,7.199999999999999,3730,35293.0,0.0,85.19999999999963,0.01016958863297807,0,1,0
1,0,0.16,7820,36413.0,4.8,8265,36337.0,0.0,-16.959999999999855,-0.002911048251997888,0,1,1
2,0,0.2,13371,35235.0,6.0,13824,35600.0,0.0,67.0,0.00950759188307081,0,1,2
3,0,0.23,18005,34296.0,6.9,18457,34468.0,0.0,32.6600000000004,0.004140424539304926,0,1,3
4,0,0.23,21672,34351.0,6.9,22110,34331.0,0.0,-11.500000000000364,-0.0014555617012605624,0,1,4
5,0,0.23,28547,36083.0,6.9,29013,35553.0,0.0,-128.79999999999964,-0.015519773854723787,0,1,5
6,0,0.2,29505,35349.0,6.0,29962,34810.0,0.0,-113.80000000000018,-0.01609663639706925,0,1,6
7,0,0.15,34305,35810.0,4.5,35041,36132.0,0.0,43.80000000000018,0.00815414688634463,0,1,7
8,0,0.14,38980,36053.0,4.2,39716,36250.0,0.0,23.380000000000837,0.004632069453305023,0,1,8
9,0,0.14,42693,36919.0,4.2,43330,37490.0,0.0,75.7399999999996,0.01465370134619023,0,1,9
10,0,0.13,44637,37150.0,3.9000000000000004,45364,37305.0,0.0,16.250000000000547,0.0033647375504711765,0,1,10
11,0,0.15,46105,37244.0,4.5,46772,37664.0,0.0,58.5,0.010471485339920525,0,1,11
12,0,0.16,51942,37254.0,4.8,52618,37617.0,0.0,53.27999999999993,0.008938637461749062,0,1,12
13,0,0.17,53225,37606.0,5.1000000000000005,53848,38112.0,0.0,80.92000000000044,0.012657554645535356,0,1,13
14,0,0.16,55417,38440.0,4.8,56193,38804.0,0.0,53.439999999999785,0.008688865764828269,0,1,14
15,0,0.13,57057,38411.0,3.9000000000000004,57812,38020.0,0.0,-54.729999999999926,-0.01096040196818618,0,1,15
16,0,0.17,60911,38213.0,5.1000000000000005,61679,36885.0,0.0,-230.8599999999993,-0.03553764425718985,0,1,16
17,0,0.14,64274,36838.0,4.2,64937,37293.0,0.0,59.499999999999815,0.01153699983712467,0,1,17
18,0,0.15,67897,37108.0,4.5,68568,37120.0,0.0,-2.699999999999818,-0.00048507060472132124,0,1,18
19,0,0.16,71504,38364.0,4.8,72138,38827.0,0.0,69.27999999999993,0.011286622875612542,0,1,19
20,0,0.18,73560,38194.0,5.3999999999999995,74256,38576.0,0.0,63.35999999999931,0.009216107241975078,0,1,20
21,0,0.12,74982,38309.0,3.5999999999999996,75697,38338.0,0.0,-0.1200000000004362,-2.6103526586536715e-05,0,1,21
22,0,0.14,78498,37936.0,4.2,79118,38240.0,0.0,38.35999999999949,0.00722269084774347,0,1,22
23,0,0.13,82061,39410.0,3.9000000000000004,82797,39710.0,0.0,35.1,0.006851053032225323,0,1,23
24,0,0.14,85778,39374.0,4.2,86462,39534.0,0.0,18.199999999999637,0.00330167115355304,0,1,24
25,0,0.16,87842,39068.0,4.8,88483,39592.0,0.0,79.04000000000015,0.012644619637555055,0,1,25
26,0,0.2,88837,39540.0,6.0,89281,39750.0,0.0,36.0,0.004552352048558422,0,1,26
27,0,0.13,92175,40160.0,3.9000000000000004,92823,40590.0,0.0,51.99999999999964,0.009960159362549731,0,1,27
28,0,0.14,95766,40480.0,4.2,96392,40839.0,0.0,46.060000000000215,0.008127470355731262,0,1,28
29,0,0.14,97945,40731.0,4.2,98686,41177.0,0.0,58.24000000000051,0.010213351010287093,0,1,29
30,0,0.33,101991,41208.0,9.9,102146,41160.0,0.0,-25.740000000000144,-0.0018928363424577856,0,1,30
31,0,0.32,104115,41432.0,9.6,104406,41515.0,0.0,16.96000000000131,0.0012792044796293707,0,1,31
32,0,0.11,105942,42077.0,3.3,106733,41960.0,0.0,-16.16999999999989,-0.0034935950756945365,0,1,32
33,0,0.14,109867,42339.0,4.2,110572,41900.0,0.0,-65.66000000000004,-0.011077257374997053,0,1,33
34,0,0.11,111400,40855.0,3.3,112126,40609.0,0.0,-30.3600000000004,-0.006755599069881376,0,1,34
35,0,0.13,114705,40940.0,3.9000000000000004,115387,40740.0,0.0,-29.9,-0.0056179775280898875,0,1,35
36,0,0.1,118410,39871.0,3.0,119170,40147.0,0.0,24.59999999999991,0.006169897920794539,0,1,36
37,0,0.14,120479,39897.0,4.2,121109,40030.0,0.0,14.419999999999892,0.0025816477429380456,0,1,37
38,0,0.16,121769,39673.0,4.8,122519,40239.0,0.0,85.7599999999995,0.013510447911677888,0,1,38
39,0,0.14,124145,40569.0,4.2,124940,41092.0,0.0,69.01999999999934,0.012152135867287714,0,1,39
40,0,0.13,125814,41254.0,3.9000000000000004,126477,40920.0,0.0,-47.32000000000007,-0.008823386823095955,0,1,40
41,0,0.14,129208,40919.0,4.2,129929,39710.0,0.0,-173.4600000000002,-0.03027933233950002,0,1,41
42,0,0.13,133348,39490.0,3.9000000000000004,134193,39531.0,0.0,1.4299999999999269,0.00027855153203341194,0,1,42
43,0,0.13,135877,39275.0,3.9000000000000004,136817,39270.0,0.0,-4.549999999999637,-0.0008911521323996742,0,1,43
44,0,0.15,137715,39273.0,4.5,138514,40080.0,0.0,116.55000000000018,0.01978458482927205,0,1,44
45,0,0.16,150534,41589.0,4.8,151455,42133.0,0.0,82.23999999999997,0.012359037245425468,0,1,45
46,0,0.12,154793,42523.0,3.5999999999999996,155472,42054.0,0.0,-59.880000000000656,-0.011734825858947051,0,1,46
47,0,0.15,158389,41934.0,4.5,158476,41937.0,0.0,-4.049999999999272,-0.0006438689369007286,0,1,47
48,0,0.12,159835,40598.0,3.5999999999999996,160672,39930.0,0.0,-83.76000000000076,-0.01719296517069822,0,1,48
49,0,0.11,161592,39849.0,3.3,162411,40002.0,0.0,13.529999999999927,0.0030866521117217326,0,1,49
50,0,0.12,164162,39340.0,3.5999999999999996,165024,38944.0,0.0,-51.12000000000044,-0.01082867310625327,0,1,50
51,0,0.14,174181,38710.0,4.2,175047,37829.0,0.0,-127.54000000000015,-0.02353397055024544,0,1,51
52,0,0.13,176915,37770.0,3.9000000000000004,177784,37717.0,0.0,-10.790000000000328,-0.00219751125231672,0,1,52
53,0,0.13,178642,37413.0,3.9000000000000004,179398,37636.0,0.0,25.089999999999783,0.005158634699168693,0,1,53
54,0,0.13,181218,37509.0,3.9000000000000004,182072,38172.0,0.0,82.2900000000005,0.01687594977205481,0,1,54
55,0,0.15,182871,37895.0,4.5,183567,38374.0,0.0,67.34999999999945,0.01184852882966081,0,1,55
56,0,0.16,188868,39370.0,4.8,189726,39102.0,0.0,-47.680000000000106,-0.007569215138430294,0,1,56
57,0,0.16,190697,38780.0,4.8,191498,38911.0,0.0,16.160000000000036,0.002604435275915426,0,1,57
58,0,0.16,192935,39057.0,4.8,193742,38390.0,0.0,-111.51999999999934,-0.017845712676344723,0,1,58
59,0,0.13,204977,39203.0,3.9000000000000004,205811,39335.0,0.0,13.259999999999854,0.002601841695788559,0,1,59
60,0,0.13,208698,39220.0,3.9000000000000004,209565,40206.0,0.0,124.27999999999938,0.02437531871494123,0,1,60
61,0,0.15,213279,40111.0,4.5,214146,40474.0,0.0,49.94999999999982,0.008301962055296522,0,1,61
62,0,0.16,215016,40363.0,4.8,215700,40605.0,0.0,33.92000000000026,0.005252335059336561,0,1,62
63,0,0.13,217336,39941.0,3.9000000000000004,218201,39628.0,0.0,-44.5899999999996,-0.008587666808542524,0,1,63
64,0,0.12,219131,39349.0,3.5999999999999996,219981,38910.0,0.0,-56.28000000000029,-0.011918981422653751,0,1,64
65,0,0.14,221687,38697.0,4.2,222509,38768.0,0.0,5.7399999999996,0.0010595136573893877,0,1,65
66,0,0.14,223406,38700.0,4.2,224106,39052.0,0.0,45.07999999999974,0.008320413436692457,0,1,66
67,0,0.16,227584,39203.0,4.8,228307,39895.0,0.0,105.91999999999935,0.01688646277070622,0,1,67
68,0,0.15,229862,39707.0,4.5,230579,39409.0,0.0,-49.20000000000073,-0.00826050822273163,0,1,68
69,0,0.16,231305,39293.0,4.8,232085,39790.0,0.0,74.72000000000044,0.011885068587280247,0,1,69
70,0,0.14,237944,40275.0,4.2,238724,40566.0,0.0,36.53999999999978,0.0064804469273742615,0,1,70
71,0,0.15,243667,40530.0,4.5,244421,39984.0,0.0,-86.40000000000055,-0.014211695040710674,0,1,71
72,0,0.14,246081,39727.0,4.2,247008,39818.0,0.0,8.539999999999782,0.0015354796486016674,0,1,72
73,0,0.16,252356,40366.0,4.8,253154,40480.0,0.0,13.439999999999781,0.002080959223108523,0,1,73
74,0,0.15,264745,41720.0,4.5,265573,42200.0,0.0,67.5,0.010786193672099712,0,1,74
75,0,0.14,267250,41414.0,4.2,268204,41481.0,0.0,5.1799999999991995,0.0008934176848407368,0,1,75
76,0,0.14,273436,42316.0,4.2,274212,42322.0,0.0,-3.3599999999998547,-0.0005671613574061575,0,1,76
77,0,0.14,276093,42639.0,4.2,276900,42304.0,0.0,-51.10000000000055,-0.00856023827950946,0,1,77
78,0,0.12,280517,42022.0,3.5999999999999996,281490,42607.0,0.0,66.60000000000073,0.013207367569368572,0,1,78
79,0,0.13,290641,44224.0,3.9000000000000004,291521,44616.0,0.0,47.06000000000004,0.008185600578871207,0,1,79
80,0,0.15,293303,44680.0,4.5,294117,44885.0,0.0,26.25,0.00391674127126231,0,1,80
81,0,0.13,297314,45009.0,3.9000000000000004,298214,45294.0,0.0,33.15000000000018,0.005665533559954707,0,1,81
82,0,0.11,299280,44807.00000000001,3.3,300061,45547.0,0.0,78.09999999999964,0.015845738389090917,0,1,82
83,0,0.14,301885,44992.0,4.2,302923,43835.0,0.0,-166.18000000000046,-0.02638246799431017,0,1,83
84,0,0.09,304103,43686.0,2.6999999999999997,305071,43317.0,0.0,-35.91000000000004,-0.009133360802087636,0,1,84
85,0,0.14,306871,43483.0,4.2,307687,43935.0,0.0,59.07999999999974,0.009704942161304374,0,1,85
86,0,0.13,308567,43669.0,3.9000000000000004,309332,44061.0,0.0,47.06000000000004,0.008289633378369101,0,1,86
87,0,0.16,310851,44078.0,4.8,311492,43870.0,0.0,-38.08000000000065,-0.005399519034439041,0,1,87
88,0,0.16,312117,44106.0,4.8,312491,44184.0,0.0,7.680000000000473,0.0010882873078493392,0,1,88
89,0,0.17,313677,44318.0,5.1000000000000005,314375,43528.0,0.0,-139.40000000000018,-0.018502640010830837,0,1,89
90,0,0.11,317454,42562.0,3.3,318419,42545.0,0.0,-5.169999999999891,-0.0011042714158169026,0,1,90
91,0,0.14,319295,42097.0,4.2,320179,41776.0,0.0,-49.14000000000051,-0.008337886310188461,0,1,91
92,0,0.15,323525,42406.0,4.5,324305,42167.0,0.0,-40.349999999999454,-0.006343441965759477,0,1,92
93,0,0.14,327416,42205.0,4.2,328205,42652.0,0.0,58.379999999999924,0.009880345930576932,0,1,93
94,0,0.14,329837,42134.0,4.2,330708,42564.0,0.0,56.000000000000725,0.009493520672141386,0,1,94
95,0,0.16,331612,42567.0,4.8,332370,42602.0,0.0,0.7999999999994545,0.0001174618836186856,0,1,95
96,0,0.16,334264,42010.0,4.8,335042,42092.0,0.0,8.31999999999989,0.0012378005236848206,0,1,96
97,0,0.15,335996,41686.0,4.5,336841,41401.0,0.0,-47.25,-0.007556493786882887,0,1,97
98,0,0.15,338666,41160.0,4.5,339391,41213.0,0.0,3.449999999999818,0.0005587949465500192,0,1,98
99,0,0.14,349248,43299.0,4.2,350110,43438.0,0.0,15.260000000000037,0.0025173791542529907,0,1,99
100,0,0.14,352030,43174.0,4.2,352947,43199.0,0.0,-0.7000000000000002,-0.0001158104414694029,0,1,100
101,0,0.15,353865,42897.0,4.5,354707,43289.0,0.0,54.29999999999927,0.00843881856540073,0,1,101
102,0,0.15,361126,43967.0,4.5,361956,44278.0,0.0,42.149999999999636,0.0063911570041166686,0,1,102
103,0,0.16,362891,43799.0,4.8,363774,43853.0,0.0,3.8400000000003276,0.0005479577159296342,0,1,103
104,0,0.13,365710,42625.0,3.9000000000000004,366737,42397.0,0.0,-33.53999999999942,-0.00605278592375356,0,1,104
105,0,0.15,367843,42421.0,4.5,368023,42502.0,0.0,7.650000000000546,0.0012022347422268132,0,1,105
106,0,0.18,369618,42525.0,5.3999999999999995,370441,42536.0,0.0,-3.420000000000436,-0.00044679600235161484,0,1,106
107,0,0.16,374255,42425.0,4.8,375131,42601.0,0.0,23.359999999999854,0.003441367118444292,0,1,107
108,0,0.16,376092,42506.0,4.8,376938,42599.0,0.0,10.080000000000108,0.0014821436973603886,0,1,108
109,0,0.15,378747,42757.0,4.5,379655,42842.0,0.0,8.25,0.0012863390789812194,0,1,109
110,0,0.15,380644,42248.0,4.5,381604,42411.0,0.0,19.949999999999818,0.0031480780155273337,0,1,110
111,0,0.15,385379,43181.0,4.5,386044,43375.0,0.0,24.600000000000364,0.0037979666983164457,0,1,111
112,0,0.14,389547,43082.0,4.2,390430,43335.0,0.0,31.220000000000073,0.005176175665010921,0,1,112
113,0,0.14,392295,42635.0,4.2,393135,42872.0,0.0,28.98000000000029,0.00485516594347372,0,1,113
114,0,0.17,396708,42599.0,5.1000000000000005,397578,42692.0,0.0,10.70999999999949,0.0014789079555857412,0,1,114
115,0,0.14,398503,42121.0,4.2,399472,41953.0,0.0,-27.719999999999526,-0.004700743097267316,0,1,115
116,0,0.16,401277,41839.0,4.8,402159,42099.0,0.0,36.80000000000037,0.005497263318913031,0,1,116
117,0,0.16,403161,41963.0,4.8,404046,41700.0,0.0,-46.879999999999924,-0.006982341586635835,0,1,117
118,0,0.16,408314,41644.0,4.8,409180,41951.0,0.0,44.319999999999894,0.0066516184804533505,0,1,118
119,0,0.14,411280,41631.0,4.2,412314,41464.0,0.0,-27.5799999999992,-0.004732050635343717,0,1,119
120,0,0.15,416961,42375.0,4.5,417892,42345.0,0.0,-9.0,-0.001415929203539823,0,1,120
121,0,0.16,419029,42269.0,4.8,419907,42650.0,0.0,56.16000000000004,0.00830395798339209,0,1,121
122,0,0.16,422235,42600.0,4.8,423249,42757.0,0.0,20.31999999999989,0.002981220657276979,0,1,122
123,0,0.15,433172,43549.0,4.5,434165,43631.0,0.0,7.800000000000182,0.0011940572688236518,0,1,123
124,0,0.14,435364,43413.0,4.2,436290,42670.0,0.0,-108.22000000000044,-0.017805726395319445,0,1,124
125,0,0.14,438497,42238.0,4.2,439491,42265.0,0.0,-0.42000000000025484,-7.102609025052844e-05,0,1,125
126,0,0.14,440657,42407.0,4.2,441676,42287.0,0.0,-21.00000000000018,-0.003537151885301985,0,1,126
127,0,0.15,444192,42563.0,4.5,445255,42357.0,0.0,-35.399999999999636,-0.005544721941592406,0,1,127
128,0,0.13,446557,41815.0,3.9000000000000004,447617,42052.0,0.0,26.9100000000004,0.004950376659093701,0,1,128
129,0,0.16,449947,41965.0,4.8,450833,42257.0,0.0,41.91999999999935,0.006243297986417155,0,1,129
130,0,0.16,455564,42270.0,4.8,456630,42469.0,0.0,27.040000000000145,0.003998107404778824,0,1,130
131,0,0.16,461193,43116.0,4.8,462206,43596.0,0.0,72.00000000000018,0.01043696075702758,0,1,131
132,0,0.13,475736,43848.0,3.9000000000000004,476874,43623.0,0.0,-33.15,-0.005815544608648057,0,1,132
133,0,0.13,485297,43063.0,3.9000000000000004,486396,43415.0,0.0,41.85999999999931,0.00747741680793244,0,1,133
134,0,0.13,491052,44392.0,3.9000000000000004,492184,44410.0,0.0,-1.5599999999998548,-0.00027031897639211757,0,1,134
135,0,0.14,497117,44580.0,4.2,498227,45007.0,0.0,55.57999999999974,0.008905338716913371,0,1,135
136,0,0.1,503543,46413.0,3.0,504763,47112.0,0.0,66.89999999999964,0.01441406502488519,0,1,136
137,0,0.1,506279,46444.0,3.0,507416,46299.0,0.0,-17.5,-0.003767978640943932,0,1,137
138,0,0.11,510031,46262.0,3.3,511204,46882.0,0.0,64.90000000000073,0.012753447754096378,0,1,138
139,0,0.13,516363,46550.0,3.9000000000000004,517491,46435.0,0.0,-18.849999999999817,-0.003114930182599325,0,1,139
140,0,0.12,522584,47522.0,3.5999999999999996,523743,46964.0,0.0,-70.56000000000003,-0.01237321661546232,0,1,140
141,0,0.11,525167,47118.00000000001,3.3,526302,46852.0,0.0,-32.560000000000215,-0.006282100258924443,0,1,141
142,0,0.14,528908,47098.0,4.2,530092,46423.0,0.0,-98.7,-0.014968788483587413,0,1,142
143,0,0.13,531480,46024.0,3.9000000000000004,532615,46601.0,0.0,71.11000000000021,0.011885103424300401,0,1,143
144,0,0.12,541379,45905.0,3.5999999999999996,542529,46164.0,0.0,27.479999999999926,0.004988563337327076,0,1,144
145,0,0.12,543825,46002.0,3.5999999999999996,544931,45589.0,0.0,-53.1600000000004,-0.009630016086257192,0,1,145
146,0,0.13,549890,46560.0,3.9000000000000004,551008,46887.0,0.0,38.61000000000022,0.00637886597938148,0,1,146
147,0,0.1,565527,49842.00000000001,3.0,566703,49272.0,0.0,-60.0,-0.01203804020705429,0,1,147
148,0,0.07,578446,51403.0,2.1,579652,50464.0,0.0,-67.83000000000001,-0.01885103982257845,0,1,148
149,0,0.07,581124,49759.0,2.1,582322,50200.0,0.0,28.770000000000344,0.008259812295263267,0,1,149
150,0,0.08,584962,49050.0,2.4,586163,49462.0,0.0,30.560000000000038,0.007787971457696238,0,1,150
151,0,0.1,592979,51364.0,3.0,594090,51602.0,0.0,20.800000000000182,0.004049528852893112,0,1,151
152,0,0.12,598345,52402.0,3.5999999999999996,599363,53872.0,0.0,172.79999999999964,0.027479867180641906,0,1,152
153,0,0.09,601608,54176.99999999999,2.6999999999999997,602471,54683.00000000001,0.0,42.84000000000087,0.008786016206139316,0,1,153
154,0,0.11,603785,54627.0,3.3,604727,55576.0,0.0,101.08999999999942,0.01682318267523376,0,1,154
155,0,0.08,607028,55462.0,2.4,608211,54195.00000000001,0.0,-103.75999999999968,-0.023385380981572897,0,1,155
156,0,0.1,616056,55836.0,3.0,617231,55804.0,0.0,-6.199999999999818,-0.0011103947274159714,0,1,156
157,0,0.07,626365,54861.0,2.1,627581,55005.99999999999,0.0,8.049999999999637,0.002096206777127555,0,1,157
158,0,0.11,639055,55285.0,3.3,640241,55490.0,0.0,19.24999999999927,0.0031654155738445036,0,1,158
159,0,0.1,641646,54794.000000000015,3.0,642828,55798.0,0.0,97.39999999999873,0.017775668868854018,0,1,159
160,0,0.09,651851,55208.00000000001,2.6999999999999997,653053,54080.99999999999,0.0,-104.1300000000012,-0.020957107665555957,0,1,160
161,0,0.09,664451,55172.0,2.6999999999999997,665612,54941.0,0.0,-23.489999999999963,-0.004730660479953593,0,1,161
162,0,0.1,666945,54949.0,3.0,668033,55912.0,0.0,93.30000000000018,0.016979380880452814,0,1,162
163,0,0.1,670727,56384.0,3.0,671925,57246.0,0.0,83.19999999999982,0.014755959137343894,0,1,163
164,0,0.09,677294,58511.0,2.6999999999999997,678479,58854.0,0.0,28.16999999999989,0.005349421476303581,0,1,164
165,0,0.08,683808,59337.0,2.4,685028,59679.0,0.0,24.959999999999674,0.005258102027402733,0,1,165
166,0,0.11,686403,59571.0,3.3,686957,59872.0,0.0,29.809999999999672,0.004549193399472847,0,1,166
167,0,0.04,692367,61212.0,1.2,693482,63433.00000000001,0.0,87.64000000000014,0.035793635234921316,0,1,167
168,0,0.06,698597,63310.0,1.7999999999999998,699743,65332.00000000001,0.0,119.52000000000017,0.03146422366134896,0,1,168
169,0,0.04,718690,68234.0,1.2,719646,65900.0,0.0,-94.56000000000013,-0.03464548465574352,0,1,169
170,0,0.06,728517,65214.0,1.7999999999999998,729654,64319.00000000001,0.0,-55.49999999999936,-0.014184070905020232,0,1,170
171,0,0.05,731128,62845.00000000001,1.5,732358,63762.0,0.0,44.34999999999991,0.014114090221974669,0,1,171
172,0,0.07,735193,62929.0,2.1,736414,62603.0,0.0,-24.92000000000062,-0.005657169190675345,0,1,172
173,0,0.06,737930,61324.0,1.7999999999999998,739162,60524.0,0.0,-49.8,-0.013534668319092035,0,1,173
174,0,0.05,741600,56396.0,1.5,742756,55645.00000000001,0.0,-39.04999999999973,-0.013848499893609378,0,1,174
175,0,0.06,750792,58075.0,1.7999999999999998,751995,58254.0,0.0,8.939999999999781,0.002565647869134677,0,1,175
176,0,0.07,754733,57849.0,2.1,755871,57815.0,0.0,-4.480000000000109,-0.0011063285450051263,0,1,176
177,0,0.05,774013,63117.99999999999,1.5,775258,64391.99999999999,0.0,62.20000000000027,0.019709116258436667,0,1,177
178,0,0.05,776723,62912.00000000001,1.5,777968,62092.99999999999,0.0,-42.45000000000073,-0.013495040691760149,0,1,178
179,0,0.07,789842,64520.0,2.1,791051,64609.0,0.0,4.129999999999564,0.0009144451332919058,0,1,179
180,0,0.07,793688,64074.99999999999,2.1,794906,64995.00000000001,0.0,62.300000000000544,0.01388997268825607,0,1,180
181,0,0.06,796329,63664.0,1.7999999999999998,797544,63095.00000000001,0.0,-35.939999999999415,-0.009408771048001857,0,1,181
182,0,0.08,800255,62405.99999999999,2.4,801479,62850.0,0.0,33.12000000000044,0.006633977502163342,0,1,182
183,0,0.08,802951,61417.99999999999,2.4,804174,61397.0,0.0,-4.079999999999382,-0.0008303754599627516,0,1,183
184,0,0.09,806947,62391.0,2.6999999999999997,808156,62157.00000000001,0.0,-23.75999999999949,-0.004231379525893067,0,1,184
185,0,0.08,809610,61820.0,2.4,810803,62188.0,0.0,27.0399999999996,0.0054674862504043185,0,1,185
186,0,0.08,813538,61427.99999999999,2.4,814744,61777.0,0.0,25.520000000000074,0.005193071563456419,0,1,186
187,0,0.07,822510,61739.0,2.1,823746,60991.0,0.0,-54.459999999999674,-0.012601435073454305,0,1,187
188,0,0.06,826573,58563.0,1.7999999999999998,827796,58976.0,0.0,22.9800000000002,0.006539965507231586,0,1,188
189,0,0.06,829294,57504.0,1.7999999999999998,830455,57782.00000000001,0.0,14.880000000000745,0.004312743461324646,0,1,189
190,0,0.07,832837,57301.0,2.1,834071,57612.0,0.0,19.670000000000435,0.004903928378213403,0,1,190
191,0,0.08,841889,60057.00000000001,2.4,843133,59766.99999999999,0.0,-25.600000000000726,-0.005328271475431824,0,1,191
192,0,0.07,845913,57479.99999999999,2.1,847145,56635.0,0.0,-61.24999999999964,-0.015222686151704851,0,1,192
193,0,0.09,852326,57054.0,2.6999999999999997,853233,57204.99999999999,0.0,10.889999999999237,0.00212079784064205,0,1,193
194,0,0.09,858725,58858.00000000001,2.6999999999999997,859907,58866.99999999999,0.0,-1.8900000000014185,-0.0003567909205208427,0,1,194
195,0,0.09,878396,62386.0,2.6999999999999997,879597,61500.0,0.0,-82.43999999999978,-0.014682781393261271,0,1,195
196,0,0.08,885159,62127.0,2.4,886391,62164.0,0.0,0.5600000000000365,0.00011267242905661719,0,1,196
197,0,0.08,887850,61780.99999999999,2.4,889066,62074.0,0.0,21.04000000000051,0.004256972208284204,0,1,197
198,0,0.08,904478,63967.99999999999,2.4,905725,63079.0,0.0,-73.5199999999999,-0.014366558279139552,0,1,198
199,0,0.1,911294,62880.99999999999,3.0,912511,62804.0,0.0,-10.699999999998909,-0.0017016268825239594,0,1,199
200,0,0.1,920573,61815.0,3.0,921726,62004.99999999999,0.0,16.0,0.002588368518967888,0,1,200
201,0,0.08,931861,62227.0,2.4,933093,60614.0,0.0,-131.43999999999997,-0.0264033297443232,0,1,201
202,0,0.09,938743,61122.0,2.6999999999999997,940003,62540.0,0.0,124.91999999999989,0.0227086809986584,0,1,202
203,0,0.09,943059,62345.00000000001,2.6999999999999997,944291,63085.0,0.0,63.89999999999945,0.011388242842248679,0,1,203
204,0,0.08,945769,62735.0,2.4,946984,63500.0,0.0,58.79999999999982,0.011715948035386909,0,1,204
205,0,0.08,952527,64530.99999999999,2.4,953743,64525.0,0.0,-2.8799999999995634,-0.000557871410639763,0,1,205
206,0,0.09,969450,66347.0,2.6999999999999997,970679,66844.0,0.0,42.03000000000047,0.0070387508101346745,0,1,206
207,0,0.08,975849,65927.0,2.4,977079,67754.0,0.0,143.75999999999985,0.02725742108695979,0,1,207
208,0,0.08,978571,67494.0,2.4,979784,68265.0,0.0,59.27999999999938,0.010978753666992507,0,1,208
209,0,0.04,982626,66485.0,1.2,983877,66970.0,0.0,18.20000000000009,0.006843648943370719,0,1,209
210,0,0.05,985417,65725.0,1.5,986662,64234.0,0.0,-76.04999999999973,-0.023141879041460547,0,1,210
211,0,0.08,996331,64313.0,2.4,997552,64376.0,0.0,2.6399999999999637,0.0005131155442911938,0,1,211
212,0,0.1,1005670,66285.0,3.0,1006859,65609.0,0.0,-70.59999999999945,-0.010650976842422789,0,1,212
213,0,0.09,1012253,66089.0,2.6999999999999997,1013462,66331.0,0.0,19.079999999999746,0.0032077955484270783,0,1,213
214,0,0.11,1024671,67622.0,3.3,1025901,68422.0,0.0,84.7,0.011386826772352194,0,1,214
215,0,0.11,1028652,68680.0,3.3,1029877,68973.0,0.0,28.929999999999563,0.003829353523587595,0,1,215
216,0,0.09,1031355,68350.0,2.6999999999999997,1032573,69117.0,0.0,66.32999999999974,0.010782735918068722,0,1,216
217,0,0.12,1035300,68454.0,3.5999999999999996,1036529,68458.0,0.0,-3.120000000000436,-0.00037981710345638876,0,1,217
218,0,0.12,1037949,67422.0,3.5999999999999996,1039161,68101.0,0.0,77.88000000000048,0.009625938121088131,0,1,218
219,0,0.13,1041897,67322.0,3.9000000000000004,1043122,67244.0,0.0,-14.039999999999418,-0.0016042304150202834,0,1,219
220,0,0.14,1048337,68490.0,4.2,1049534,67994.0,0.0,-73.6399999999987,-0.007679953277850644,0,1,220
221,0,0.11,1050992,66563.0,3.3,1052223,67091.0,0.0,54.77999999999993,0.0074816339407779,0,1,221
222,0,0.12,1057662,65766.0,3.5999999999999996,1058851,66096.0,0.0,35.99999999999945,0.004561627588723588,0,1,222
223,0,0.12,1061528,65843.0,3.5999999999999996,1062728,66065.0,0.0,23.039999999999417,0.0029160275200096463,0,1,223
224,0,0.1,1064126,65370.00000000001,3.0,1065327,65527.0,0.0,12.699999999999818,0.0019427872112589592,0,1,224
225,0,0.11,1067800,65684.0,3.3,1068995,65320.00000000001,0.0,-43.33999999999905,-0.005998416661591733,0,1,225
226,0,0.14,1074210,66940.0,4.2,1075381,66945.0,0.0,-3.4999999999992726,-0.00037346877801008074,0,1,226
227,0,0.09,1076830,65835.0,2.6999999999999997,1078014,64865.0,0.0,-90.00000000000018,-0.015189488873699432,0,1,227
228,0,0.11,1080743,64638.0,3.3,1081961,65065.0,0.0,43.66999999999935,0.00614189795476336,0,1,228
229,0,0.1,1089850,65157.00000000001,3.0,1091025,65359.0,0.0,17.199999999999818,0.0026397777675460526,0,1,229
230,0,0.1,1093734,63997.00000000001,3.0,1094959,64320.00000000001,0.0,29.300000000000182,0.004578339609669231,0,1,230
231,0,0.15,1100170,65285.0,4.5,1101165,65377.0,0.0,9.299999999999272,0.0009496821628244643,0,1,231
232,0,0.13,1102488,64835.00000000001,3.9000000000000004,1103655,65512.0,0.0,84.1099999999984,0.009979177913163995,0,1,232
233,0,0.16,1112685,66427.0,4.8,1113867,67240.0,0.0,125.27999999999993,0.011787375615337131,0,1,233
234,0,0.12,1119221,68090.0,3.5999999999999996,1120444,67485.0,0.0,-76.19999999999945,-0.00932589220149795,0,1,234
235,0,0.08,1121895,66285.0,2.4,1123129,66077.0,0.0,-19.040000000000326,-0.0035905559327148538,0,1,235
236,0,0.12,1125966,66340.0,3.5999999999999996,1127179,66580.0,0.0,25.20000000000018,0.003165511003919227,0,1,236
237,0,0.1,1135256,66097.0,3.0,1136480,67250.0,0.0,112.29999999999927,0.01699018109747784,0,1,237
238,0,0.06,1141955,65239.99999999999,1.7999999999999998,1143146,65714.0,0.0,26.640000000000054,0.006805640711220124,0,1,238
239,0,0.11,1145961,65686.0,3.3,1147159,66043.0,0.0,35.97000000000044,0.004978229759766221,0,1,239
240,0,0.14,1148603,65910.0,4.2,1149792,66795.0,0.0,119.69999999999963,0.012972234865725948,0,1,240
241,0,0.14,1152554,66182.0,4.2,1153774,66731.0,0.0,72.65999999999876,0.007842011423045405,0,1,241
242,0,0.16,1155223,66446.0,4.8,1156425,67238.0,0.0,121.91999999999935,0.011467958944104925,0,1,242
243,0,0.12,1168484,70705.0,3.5999999999999996,1169712,70724.0,0.0,-1.3200000000011638,-0.0001555759847254041,0,1,243
244,0,0.08,1186137,73172.0,2.4,1187375,72737.0,0.0,-37.20000000000018,-0.006354889848575989,0,1,244
245,0,0.09,1213665,77945.0,2.6999999999999997,1214921,79413.0,0.0,129.4199999999999,0.018448906280069264,0,1,245
246,0,0.07,1216471,78859.0,2.1,1217716,80720.0,0.0,128.17000000000044,0.02321865608237495,0,1,246
247,0,0.05,1227743,80212.0,1.5,1229002,81091.0,0.0,42.44999999999982,0.010584451204308535,0,1,247
248,0,0.05,1230557,78557.0,1.5,1231813,78583.0,0.0,-0.20000000000027285,-5.0918441386578616e-05,0,1,248
249,0,0.06,1241688,81487.0,1.7999999999999998,1242947,80529.0,0.0,-59.28000000000047,-0.012124633377103192,0,1,249
250,0,0.06,1244514,79416.0,1.7999999999999998,1245765,78181.0,0.0,-75.90000000000036,-0.01592878009469132,0,1,250
251,0,0.06,1255722,80040.0,1.7999999999999998,1256978,81393.0,0.0,79.3800000000003,0.016529235382308907,0,1,251
252,0,0.07,1258528,79899.0,2.1,1259781,79404.0,0.0,-36.74999999999964,-0.0065707956294821564,0,1,252
253,0,0.1,1265502,79646.0,3.0,1266738,80974.0,0.0,129.80000000000018,0.016297114732692186,0,1,253
254,0,0.28,1268838,80972.0,8.4,1270025,82552.0,0.0,433.99999999999784,0.019142419601837574,0,1,254
255,0,0.04,1288982,89222.0,1.2,1290242,87700.0,0.0,-62.08000000000011,-0.017394812938512954,0,1,255
256,0,0.05,1291805,87953.0,1.5,1293064,88424.0,0.0,22.049999999999272,0.005014041590394704,0,1,256
257,0,0.06,1303047,92333.0,1.7999999999999998,1304307,93012.0,0.0,38.939999999999785,0.00702890624153874,0,1,257
258,0,0.06,1305878,92392.0,1.7999999999999998,1307129,90425.0,0.0,-119.81999999999952,-0.02161442549138445,0,1,258
259,0,0.05,1310089,88643.0,1.5,1311339,89999.0,0.0,66.29999999999927,0.014958880001804828,0,1,259
260,0,0.06,1317098,90671.0,1.7999999999999998,1318354,90473.0,0.0,-13.68000000000011,-0.0025145856999481842,0,1,260
261,0,0.05,1338069,96658.0,1.5,1339328,98874.0,0.0,109.30000000000018,0.022615820728755027,0,1,261
262,0,0.04,1340889,97725.0,1.2,1342146,97234.0,0.0,-20.839999999999872,-0.005331286774110993,0,1,262
263,0,0.05,1345102,97328.0,1.5,1346349,98157.0,0.0,39.94999999999982,0.008209353937202,0,1,263
264,0,0.04,1352103,98331.0,1.2,1353363,94361.0,0.0,-160.00000000000017,-0.0406789313644731,0,1,264
265,0,0.03,1354913,90956.0,0.8999999999999999,1355480,91824.0,0.0,25.139999999999965,0.009213245965082006,0,1,265
266,0,0.06,1361217,94960.0,1.7999999999999998,1362467,93013.0,0.0,-118.6199999999997,-0.020819292333614105,0,1,266
267,0,0.04,1365420,88493.0,1.2,1366678,90347.0,0.0,72.95999999999985,0.020611799803374235,0,1,267
268,0,0.07,1372396,91646.0,2.1,1373649,93425.0,0.0,122.43000000000066,0.019084302642777745,0,1,268
269,0,0.06,1375168,92813.0,1.7999999999999998,1376409,92456.0,0.0,-23.220000000000073,-0.004169674506804017,0,1,269
270,0,0.08,1379313,92685.0,2.4,1380564,94402.0,0.0,134.95999999999967,0.018201434967901987,0,1,270
271,0,0.07,1382092,94146.0,2.1,1383335,91786.0,0.0,-167.2999999999998,-0.025386102436640932,0,1,271
272,0,0.06,1386245,91669.0,1.7999999999999998,1387491,90380.0,0.0,-79.13999999999923,-0.014388724650645118,0,1,272
273,0,0.05,1389014,88687.0,1.5,1390257,88371.0,0.0,-17.300000000000182,-0.0039013609660942822,0,1,273
274,0,0.07,1393162,87151.0,2.1,1394407,87670.0,0.0,34.229999999999926,0.005610951107847287,0,1,274
275,0,0.05,1395952,85206.0,1.5,1397195,85650.0,0.0,20.699999999999818,0.004858812759664769,0,1,275
276,0,0.06,1407044,86600.0,1.7999999999999998,1408287,86342.0,0.0,-17.280000000000474,-0.0033256351039261884,0,1,276
277,0,0.06,1416750,92081.0,1.7999999999999998,1417986,92448.0,0.0,20.220000000000436,0.003659821244339302,0,1,277
278,0,0.08,1420752,90549.0,2.4,1422003,90256.0,0.0,-25.8399999999996,-0.0035671293995515685,0,1,278
279,0,0.06,1423547,87738.0,1.7999999999999998,1424778,88594.0,0.0,49.559999999999675,0.009414392851444011,0,1,279
280,0,0.07,1427672,88069.0,2.1,1428913,87839.0,0.0,-18.200000000000365,-0.0029522306373412346,0,1,280
281,0,0.06,1434581,86834.0,1.7999999999999998,1435834,88142.0,0.0,76.67999999999957,0.014717737291844125,0,1,281
282,0,0.06,1437355,86979.0,1.7999999999999998,1438595,86863.0,0.0,-8.760000000000037,-0.0016785660906655701,0,1,282
283,0,0.06,1441500,88120.0,1.7999999999999998,1442745,89320.0,0.0,70.2,0.01327734906945075,0,1,283
284,0,0.06,1458116,93330.0,1.7999999999999998,1459266,93202.0,0.0,-9.480000000000292,-0.001692917604200202,0,1,284
285,0,0.05,1462167,91657.0,1.5,1463414,92686.0,0.0,49.94999999999982,0.010899331202199464,0,1,285
286,0,0.04,1471916,95833.0,1.2,1473158,95418.0,0.0,-17.79999999999991,-0.004643494412154453,0,1,286
287,0,0.05,1476060,94618.99999999999,1.5,1477304,91877.0,0.0,-138.59999999999945,-0.029296441518088218,0,1,287
288,0,0.08,1483008,91863.0,2.4,1484243,90736.0,0.0,-92.55999999999986,-0.012594842319541036,0,1,288
289,0,0.06,1489930,87347.0,1.7999999999999998,1491157,87838.0,0.0,27.660000000000036,0.005277800038925214,0,1,289
290,0,0.07,1492698,87321.0,2.1,1493952,85652.0,0.0,-118.92999999999992,-0.019456946209960933,0,1,290
291,0,0.03,1496899,81460.0,0.8999999999999999,1498158,82680.0,0.0,35.700000000000365,0.014608396759145744,0,1,291
292,0,0.04,1499701,80421.0,1.2,1500960,78689.0,0.0,-70.4800000000002,-0.02190970020268344,0,1,292
293,0,0.05,1517767,80334.0,1.5,1519021,80069.0,0.0,-14.75,-0.0036721686956954712,0,1,293
294,0,0.05,1520576,79141.0,1.5,1521833,80109.0,0.0,46.90000000000009,0.011852263681277743,0,1,294
295,0,0.03,1524764,77687.0,0.8999999999999999,1526024,75232.0,0.0,-74.5500000000001,-0.03198733378814992,0,1,295
296,0,0.04,1527589,74841.0,1.2,1528842,76600.0,0.0,69.16000000000012,0.023102310231023146,0,1,296
297,0,0.04,1531763,77975.0,1.2,1533021,86647.0,0.0,345.6800000000001,0.1108303943571658,0,1,297
298,0,0.01,1534583,85330.0,0.3,1535842,87064.0,0.0,17.039999999999917,0.01996953005976786,0,1,298
299,0,0.03,1538811,88577.0,0.8999999999999999,1540069,87979.0,0.0,-18.840000000000053,-0.007089876604536186,0,1,299
300,0,0.03,1541627,87734.0,0.8999999999999999,1542886,87804.0,0.0,1.1999999999999091,0.00045592358720674965,0,1,300
301,0,0.02,1545849,87015.0,0.6,1547103,87105.0,0.0,1.2000000000001818,0.0006895362868471998,0,1,301
302,0,0.03,1548654,83228.0,0.8999999999999999,1549909,83608.0,0.0,10.50000000000009,0.00420531551881582,0,1,302
303,0,0.03,1559919,83949.0,0.8999999999999999,1561175,84492.0,0.0,15.389999999999963,0.0061108530179037135,0,1,303
304,0,0.02,1562743,79953.0,0.6,1564003,78373.0,0.0,-32.19999999999991,-0.020136830387852807,0,1,304
305,0,0.03,1566971,77473.0,0.8999999999999999,1568228,72701.0,0.0,-144.06000000000031,-0.06198288435971255,0,1,305
306,0,0.02,1569792,72480.0,0.6,1571050,73258.0,0.0,14.959999999999946,0.010320088300220713,0,1,306
307,0,0.03,1576847,73823.0,0.8999999999999999,1578106,72254.0,0.0,-47.97000000000016,-0.021659916286252325,0,1,307
308,0,0.03,1583929,73103.00000000001,0.8999999999999999,1585185,73626.0,0.0,14.7899999999996,0.00674390927868879,0,1,308
309,0,0.04,1588140,73126.0,1.2,1589390,71040.0,0.0,-84.64000000000006,-0.028936356425895052,0,1,309
310,0,0.05,1595188,73825.0,1.5,1596447,73438.0,0.0,-20.84999999999991,-0.005648493057907189,0,1,310
311,0,0.04,1611923,76754.0,1.2,1613181,75684.0,0.0,-43.99999999999973,-0.014331500638403123,0,1,311
312,0,0.04,1626012,84989.0,1.2,1627270,83827.0,0.0,-47.68000000000002,-0.014025344456341415,0,1,312
313,0,0.06,1630209,83713.0,1.7999999999999998,1631434,84577.0,0.0,50.04000000000015,0.009962610347257922,0,1,313
314,0,0.05,1636367,87353.0,1.5,1637605,87794.0,0.0,20.549999999999272,0.004705047336668293,0,1,314
315,0,0.05,1649682,82123.0,1.5,1650937,81014.0,0.0,-56.95000000000027,-0.013869439742824851,0,1,315
316,0,0.05,1663728,89898.0,1.5,1664985,88761.0,0.0,-58.350000000000364,-0.012981378896082306,0,1,316
317,0,0.04,1670768,89819.0,1.2,1672020,90618.0,0.0,30.760000000000037,0.008561662899831894,0,1,317
318,0,0.05,1673575,90962.0,1.5,1674826,91033.0,0.0,2.050000000000182,0.0004507376706757067,0,1,318
319,0,0.04,1687568,97589.0,1.2,1688824,99345.0,0.0,69.04000000000023,0.017686419575976862,0,1,319
320,0,0.04,1691796,96105.0,1.2,1693052,94813.0,0.0,-52.880000000000294,-0.013755787940273734,0,1,320
321,0,0.04,1694626,94402.0,1.2,1695886,94074.0,0.0,-14.31999999999989,-0.003792292536175052,0,1,321
322,0,0.04,1698861,91337.0,1.2,1700119,90537.0,0.0,-33.2,-0.009087226425216506,0,1,322
323,0,0.04,1705882,89508.0,1.2,1707133,90650.0,0.0,44.47999999999983,0.012423470527774007,0,1,323
324,0,0.05,1712946,91516.0,1.5,1714202,94490.0,0.0,147.19999999999982,0.03216923816600372,0,1,324
325,0,0.04,1720010,92912.0,1.2,1721261,93452.0,0.0,20.39999999999991,0.005489064921646265,0,1,325
326,0,0.06,1722821,93402.0,1.7999999999999998,1724070,92278.0,0.0,-69.2400000000005,-0.012355195820218073,0,1,326
327,0,0.05,1727027,91681.0,1.5,1728270,92445.0,0.0,36.69999999999982,0.008006020876735598,0,1,327
328,0,0.05,1729814,90618.99999999999,1.5,1731070,89144.0,0.0,-75.25,-0.016607996115604897,0,1,328
329,0,0.07,1736814,87815.0,2.1,1737471,88038.0,0.0,13.510000000000582,0.0021978021978022923,0,1,329
330,0,0.07,1740361,88917.0,2.1,1741601,89066.0,0.0,8.330000000000291,0.0013383267541640423,0,1,330
331,0,0.07,1743148,87558.0,2.1,1744374,86618.0,0.0,-67.90000000000018,-0.011078370908426442,0,1,331
332,0,0.06,1747317,88248.0,1.7999999999999998,1748546,88843.0,0.0,33.89999999999982,0.0064024113860937015,0,1,332
333,0,0.06,1754272,89034.0,1.7999999999999998,1755520,89858.0,0.0,47.6399999999996,0.008917941460565553,0,1,333
334,0,0.06,1757053,88576.0,1.7999999999999998,1758265,88458.0,0.0,-8.879999999999928,-0.00167088150289016,0,1,334
335,0,0.06,1761164,89634.0,1.7999999999999998,1762404,91098.0,0.0,86.04000000000015,0.015998393466764873,0,1,335
336,0,0.06,1763950,91105.0,1.7999999999999998,1765204,91472.0,0.0,20.219999999999526,0.0036990285933811767,0,1,336
337,0,0.08,1782029,95195.0,2.4,1783285,95023.0,0.0,-16.160000000000217,-0.0021219601869846387,0,1,337
338,0,0.07,1805941,93321.0,2.1,1807196,93514.0,0.0,11.410000000000219,0.001746659379989532,0,1,338
339,0,0.07,1817123,92737.0,2.1,1818369,93992.0,0.0,85.74999999999946,0.013209398621909185,0,1,339
340,0,0.08,1819912,92859.0,2.4,1821077,93127.0,0.0,19.0399999999996,0.002563025662563618,0,1,340
341,0,0.08,1823990,92295.0,2.4,1825244,90859.0,0.0,-117.28000000000011,-0.0158838506961374,0,1,341
342,0,0.1,1833766,93600.0,3.0,1835007,93548.0,0.0,-8.199999999998909,-0.0008760683760682595,0,1,342
343,0,0.09,1837920,94781.0,2.6999999999999997,1839161,95090.0,0.0,25.11000000000131,0.0029436279423092665,0,1,343
344,0,0.08,1840703,94754.0,2.4,1841958,95134.0,0.0,28.000000000000547,0.0036937754606666405,0,1,344
345,0,0.08,1844886,93716.0,2.4,1846141,92853.0,0.0,-71.43999999999997,-0.009528789107516322,0,1,345
346,0,0.07,1854656,96253.0,2.1,1855909,95467.0,0.0,-57.12000000000044,-0.008477657839236244,0,1,346
347,0,0.1,1858837,94548.0,3.0,1860082,94645.0,0.0,6.699999999998909,0.0007086347675253742,0,1,347
348,0,0.1,1868572,93988.0,3.0,1869816,95346.0,0.0,132.79999999999927,0.01412946333574491,0,1,348
349,0,0.08,1872775,94393.0,2.4,1874027,94516.0,0.0,7.439999999999236,0.0009852425497652415,0,1,349
350,0,0.06,1886627,99918.0,1.7999999999999998,1887883,98965.0,0.0,-58.98000000000029,-0.009838067215116444,0,1,350
351,0,0.07,1896485,101325.0,2.1,1897743,100609.0,0.0,-52.21999999999989,-0.00736244756970144,0,1,351
352,0,0.05,1903518,99307.0,1.5,1904774,98882.0,0.0,-22.75,-0.004581751538159444,0,1,352
353,0,0.06,1910544,100141.0,1.7999999999999998,1911801,100162.0,0.0,-0.540000000000691,-8.987327867718034e-05,0,1,353
354,0,0.05,1924596,105046.0,1.5,1925850,105184.99999999999,0.0,5.449999999999818,0.0010376406526664162,0,1,354
355,0,0.06,1928806,105523.0,1.7999999999999998,1930063,105753.0,0.0,11.999999999999272,0.0018953213991261418,0,1,355
356,0,0.07,1935855,103963.00000000001,2.1,1937110,102719.0,0.0,-89.18000000000083,-0.012254359724132736,0,1,356
357,0,0.07,1945743,108981.0,2.1,1946998,109508.0,0.0,34.78999999999942,0.004560427964507498,0,1,357
358,0,0.06,1952816,110458.99999999999,1.7999999999999998,1954073,111858.0,0.0,82.14000000000051,0.012393738853330274,0,1,358
359,0,0.06,1966879,118551.0,1.7999999999999998,1968077,117650.0,0.0,-55.85999999999949,-0.007853160243270757,0,1,359
360,0,0.04,1973872,120582.99999999999,1.2,1975132,115982.0,0.0,-185.23999999999995,-0.03840508197672971,0,1,360
361,0,0.03,1978112,113063.00000000001,0.8999999999999999,1979372,113006.0,0.0,-2.610000000000491,-0.0007694825009067189,0,1,361
362,0,0.04,1988040,110313.00000000001,1.2,1989299,111129.0,0.0,31.43999999999942,0.007125180169154908,0,1,362
363,0,0.04,1992282,108499.0,1.2,1993539,108825.0,0.0,11.839999999999964,0.002728135743186565,0,1,363
364,0,0.06,1998537,109329.0,1.7999999999999998,1999794,109095.0,0.0,-15.839999999999964,-0.002414729852097791,0,1,364
365,0,0.09,2001299,109608.99999999999,2.6999999999999997,2001845,109605.0,0.0,-3.059999999998763,-0.000310193506007593,0,1,365
366,0,0.06,2004806,111809.99999999999,1.7999999999999998,2006066,113728.0,0.0,113.28000000000084,0.01688578839102061,0,1,366
367,0,0.06,2007653,112695.0,1.7999999999999998,2008912,113580.0,0.0,51.30000000000037,0.007586849460934435,0,1,367
368,0,0.05,2011894,112974.00000000001,1.5,2013153,113744.0,0.0,37.0,0.006550179687361693,0,1,368
369,0,0.04,2021637,109423.0,1.2,2022896,109320.0,0.0,-5.319999999999891,-0.0012154665838077668,0,1,369
370,0,0.04,2028701,108548.0,1.2,2029961,108123.0,0.0,-18.2,-0.004191693997125695,0,1,370
371,0,0.04,2035784,106429.0,1.2,2037044,106696.0,0.0,9.480000000000292,0.0022268366704564294,0,1,371
372,0,0.03,2049757,110007.0,0.8999999999999999,2051016,111731.0,0.0,50.8199999999998,0.015399020062359608,0,1,372
373,0,0.06,2053997,110530.0,1.7999999999999998,2055257,109552.0,0.0,-60.48000000000029,-0.009119696010133039,0,1,373
374,0,0.07,2063868,113121.0,2.1,2065125,113142.0,0.0,-0.6300000000006549,-7.956082425022193e-05,0,1,374
375,0,0.07,2085061,108838.00000000001,2.1,2086317,110785.99999999999,0.0,134.25999999999786,0.017622521545783358,0,1,375
376,0,0.09,2089343,110227.00000000001,2.6999999999999997,2090601,111221.0,0.0,86.75999999999912,0.008745588648879043,0,1,376
377,0,0.06,2103235,115130.00000000001,1.7999999999999998,2104494,115427.0,0.0,16.01999999999971,0.002319117519325937,0,1,377
378,0,0.06,2113171,114103.0,1.7999999999999998,2114423,115541.00000000001,0.0,84.48000000000157,0.012339728140364638,0,1,378
379,0,0.05,2124443,117230.0,1.5,2125697,117520.0,0.0,13.0,0.002217862321931246,0,1,379
380,0,0.05,2134375,123478.0,1.5,2135634,122961.99999999999,0.0,-27.30000000000109,-0.004421840327831855,0,1,380
381,0,0.03,2141442,118255.00000000001,0.8999999999999999,2142701,117683.99999999999,0.0,-18.030000000000562,-0.005082237537524999,0,1,381
382,0,0.07,2148522,121114.00000000001,2.1,2149779,121402.0,0.0,18.059999999999853,0.002130224416665273,0,1,382
383,0,0.06,2155430,120613.00000000001,1.7999999999999998,2156686,121729.0,0.0,65.15999999999913,0.009004004543457051,0,1,383
384,0,0.05,2159682,123650.0,1.5,2160941,123198.0,0.0,-24.099999999999454,-0.0038980994743225967,0,1,384
385,0,0.05,2162514,121718.0,1.5,2163771,122740.00000000001,0.0,49.600000000000364,0.008149986033290124,0,1,385
386,0,0.04,2183626,120196.0,1.2,2184885,121063.00000000001,0.0,33.48000000000029,0.006963626077406962,0,1,386
387,0,0.06,2187698,119296.0,1.7999999999999998,2188951,120292.0,0.0,57.96000000000022,0.008097505364806898,0,1,387
388,0,0.06,2190528,119649.0,1.7999999999999998,2191784,120936.99999999999,0.0,75.47999999999884,0.010514087037919086,0,1,388
389,0,0.06,2197556,120845.0,1.7999999999999998,2198808,119234.99999999999,0.0,-98.40000000000127,-0.013571103479664209,0,1,389
390,0,0.07,2208815,116078.0,2.1,2210074,116289.00000000001,0.0,12.670000000000437,0.001559296335222921,0,1,390
391,0,0.08,2218690,119499.0,2.4,2219948,120489.00000000001,0.0,76.80000000000072,0.008033540029623754,0,1,391
392,0,0.12,2229894,122397.0,3.5999999999999996,2231145,122920.0,0.0,59.16000000000022,0.004027876500241034,0,1,392
393,0,0.07,2239707,123303.0,2.1,2240964,123770.0,0.0,30.590000000000508,0.0035441149039358915,0,1,393
394,0,0.06,2253673,124458.99999999999,1.7999999999999998,2254913,124543.0,0.0,3.2400000000008733,0.00043387782321900836,0,1,394
395,0,0.06,2274846,130641.00000000001,1.7999999999999998,2276092,131868.0,0.0,71.81999999999898,0.00916251406526269,0,1,395
396,0,0.04,2281865,133584.0,1.2,2283125,134671.0,0.0,42.28000000000047,0.007912624266379295,0,1,396
397,0,0.04,2293131,133300.0,1.2,2294389,134390.0,0.0,42.40000000000036,0.007951987996999317,0,1,397
398,0,0.04,2295960,132298.0,1.2,2297219,132724.0,0.0,15.839999999999964,0.0029932425282317124,0,1,398
399,0,0.03,2314316,139602.0,0.8999999999999999,2315576,140384.0,0.0,22.560000000000038,0.005386742310282098,0,1,399
400,0,0.04,2321374,133882.0,1.2,2322634,133513.0,0.0,-15.959999999999308,-0.002980236327512158,0,1,400
401,0,0.11,2331129,137194.0,3.3,2332309,136256.0,0.0,-106.48000000000029,-0.007055702144408667,0,1,401
402,0,0.05,2338087,138655.0,1.5,2339345,141326.0,0.0,132.05000000000018,0.019047275612130855,0,1,402
403,0,0.04,2342325,140032.0,1.2,2343585,138064.0,0.0,-79.91999999999935,-0.014268167276051073,0,1,403
404,0,0.05,2349395,139551.0,1.5,2350654,138096.0,0.0,-74.25,-0.010641270933207214,0,1,404
405,0,0.05,2352238,137027.0,1.5,2353498,137639.0,0.0,29.100000000000364,0.004247338115845835,0,1,405
406,0,0.07,2356467,138631.0,2.1,2357725,138336.0,0.0,-22.749999999999638,-0.002344352994640411,0,1,406
407,0,0.08,2359261,137822.0,2.4,2360018,138384.0,0.0,42.55999999999913,0.003860051370608387,0,1,407
408,0,0.09,2365778,140543.0,2.6999999999999997,2367030,142030.0,0.0,131.12999999999994,0.010366933963271024,0,1,408
409,0,0.05,2369977,138400.0,1.5,2371233,137645.0,0.0,-39.25,-0.005671965317919075,0,1,409
410,0,0.06,2372804,137030.0,1.7999999999999998,2374063,136888.0,0.0,-10.320000000000437,-0.001255199591330419,0,1,410
411,0,0.05,2379862,137593.0,1.5,2381121,135973.0,0.0,-82.5,-0.011991889122266394,0,1,411
412,0,0.05,2386778,134778.0,1.5,2388038,134256.0,0.0,-27.600000000000364,-0.004095623914882304,0,1,412
413,0,0.05,2391030,133144.0,1.5,2392288,134350.0,0.0,58.79999999999927,0.008832542209938002,0,1,413
414,0,0.05,2393860,131531.0,1.5,2395120,133496.0,0.0,96.75,0.014711360819882766,0,1,414
415,0,0.06,2419180,139918.0,1.7999999999999998,2420440,140973.0,0.0,61.499999999999275,0.007325719349904858,0,1,415
416,0,0.05,2422022,140276.0,1.5,2423282,140822.0,0.0,25.800000000000182,0.0036784624597222875,0,1,416
417,0,0.05,2429098,141422.0,1.5,2430357,142797.0,0.0,67.25,0.0095105429141152,0,1,417
418,0,0.05,2433333,142810.0,1.5,2434593,142835.0,0.0,-0.25,-3.501155381275821e-05,0,1,418
419,0,0.05,2436164,141225.0,1.5,2437424,141661.0,0.0,20.300000000000182,0.0028748451053284023,0,1,419
420,0,0.04,2440403,139395.0,1.2,2441663,139685.0,0.0,10.400000000000365,0.0018652031995409384,0,1,420
421,0,0.06,2450304,143167.0,1.7999999999999998,2451564,142821.0,0.0,-22.56000000000022,-0.0026263035476052697,0,1,421
422,0,0.07,2454547,141692.0,2.1,2455807,142216.0,0.0,34.58000000000029,0.0034864353668520743,0,1,422
423,0,0.05,2468692,145262.0,1.5,2469952,145545.0,0.0,12.649999999999636,0.0017416805496275193,0,1,423
424,0,0.06,2475770,149392.0,1.7999999999999998,2477030,150206.0,0.0,47.03999999999833,0.005247938309949476,0,1,424
425,0,0.07,2478576,150338.0,2.1,2479398,150631.0,0.0,18.410000000000217,0.0017493913714430355,0,1,425
426,0,0.03,2489417,153652.0,0.8999999999999999,2490677,151563.0,0.0,-63.57000000000007,-0.01379090412100072,0,1,426
427,0,0.02,2492257,147420.0,0.6,2493517,149063.0,0.0,32.260000000000126,0.010941527608194317,0,1,427
428,0,0.05,2503591,148685.0,1.5,2504851,149382.0,0.0,33.350000000000364,0.004485993879678564,0,1,428
429,0,0.05,2506428,149548.0,1.5,2507688,151313.0,0.0,86.75,0.011601626233717601,0,1,429
430,0,0.05,2513523,152162.0,1.5,2514783,153622.0,0.0,71.5,0.009397878576780011,0,1,430
431,0,0.09,2517658,153397.0,2.6999999999999997,2518918,153784.0,0.0,32.129999999999924,0.0023272945363990117,0,1,431
432,0,0.06,2520484,153349.0,1.7999999999999998,2521744,154125.0,0.0,44.75999999999949,0.004864720343790905,0,1,432
433,0,0.07,2524727,154533.0,2.1,2525987,153748.0,0.0,-57.05000000000073,-0.005273954430445343,0,1,433
434,0,0.05,2541704,152208.0,1.5,2542964,150062.0,0.0,-108.80000000000018,-0.01429622621675604,0,1,434
435,0,0.06,2548773,150207.0,1.7999999999999998,2550033,148759.0,0.0,-88.68000000000102,-0.009839754472161863,0,1,435
436,0,0.05,2562794,158629.0,1.5,2564054,159336.0,0.0,33.849999999999454,0.004267819881610482,0,1,436
437,0,0.05,2567034,159017.0,1.5,2568294,160120.0,0.0,53.649999999999636,0.00674770622008963,0,1,437
438,0,0.04,2569864,159094.0,1.2,2571124,160277.0,0.0,46.119999999999706,0.007247287766980481,0,1,438
439,0,0.02,2584014,164965.0,0.6,2585274,166102.0,0.0,22.13999999999978,0.006710514351529045,0,1,439
440,0,0.01,2591087,175902.0,0.3,2592347,174526.0,0.0,-14.059999999999992,-0.007993087059840134,0,1,440
441,0,0.01,2602394,183398.0,0.3,2603654,176220.0,0.0,-72.07999999999997,-0.03930250057252531,0,1,441
442,0,0.03,2612300,182502.0,0.8999999999999999,2613560,188169.0,0.0,169.1100000000002,0.03088733274155904,0,1,442
443,0,0.01,2616405,186859.0,0.3,2617665,181858.0,0.0,-50.310000000000215,-0.02692404433289283,0,1,443
444,0,0.02,2626307,178812.0,0.6,2627567,180712.0,0.0,37.4,0.010457911102163165,0,1,444
445,0,0.02,2633332,174180.0,0.6,2634592,164197.0,0.0,-200.25999999999985,-0.057486508209897764,0,1,445
446,0,0.02,2644521,162755.0,0.6,2645781,163774.0,0.0,19.780000000000108,0.006076618229854723,0,1,446
447,0,0.03,2651513,166304.0,0.8999999999999999,2652773,167700.0,0.0,40.98000000000011,0.008213873388493383,0,1,447
448,0,0.04,2654323,166506.0,1.2,2655583,167927.0,0.0,55.64000000000014,0.008354053307388344,0,1,448
449,0,0.02,2658515,165192.0,0.6,2659775,164207.0,0.0,-20.300000000000274,-0.006144365344568827,0,1,449
450,0,0.02,2661319,161209.0,0.6,2662579,163943.0,0.0,54.079999999999835,0.016773257076217775,0,1,450
451,0,0.03,2672521,171490.0,0.8999999999999999,2673781,173665.0,0.0,64.35,0.012508017960230917,0,1,451
452,0,0.03,2679537,178934.0,0.8999999999999999,2680797,176869.0,0.0,-62.84999999999982,-0.011708227614651179,0,1,452
453,0,0.02,2682349,175202.0,0.6,2683609,178801.0,0.0,71.38000000000002,0.02037077202315043,0,1,453
454,0,0.02,2689347,172129.0,0.6,2690607,172304.0,0.0,2.9,0.0008423914622172905,0,1,454
455,0,0.04,2702949,174486.0,1.2,2704209,174567.0,0.0,2.0399999999997815,0.00029228706027987654,0,1,455
456,0,0.03,2709943,170945.0,0.8999999999999999,2711203,171069.0,0.0,2.8200000000002547,0.0005498844657638919,0,1,456
457,0,0.02,2714136,162966.0,0.6,2715396,157208.0,0.0,-115.7600000000003,-0.03551661082679832,0,1,457
458,0,0.02,2716951,157553.0,0.6,2718211,159692.0,0.0,42.1800000000002,0.013385971704759731,0,1,458
459,0,0.04,2723971,160747.0,1.2,2725231,160746.0,0.0,-1.2399999999999636,-0.00019284963327464332,0,1,459
460,0,0.07,2726791,158965.0,2.1,2728051,155325.0,0.0,-256.8999999999993,-0.02308684301575812,0,1,460
461,0,0.03,2729593,154929.0,0.8999999999999999,2730853,156294.0,0.0,40.04999999999982,0.008616850299169258,0,1,461
462,0,0.05,2742198,164739.0,1.5,2743458,163785.0,0.0,-49.20000000000073,-0.005973084697612675,0,1,462
463,0,0.05,2746200,165425.0,1.5,2747460,166185.0,0.0,36.5,0.004412875925646063,0,1,463
464,0,0.04,2749014,165486.0,1.2,2750274,166635.0,0.0,44.76000000000003,0.0067619013088720545,0,1,464
465,0,0.06,2753192,166656.0,1.7999999999999998,2754452,171124.0,0.0,266.28000000000173,0.026629704301075446,0,1,465
466,0,0.03,2769893,173027.0,0.8999999999999999,2771153,171967.0,0.0,-32.69999999999927,-0.006299594860917521,0,1,466
467,0,0.04,2774068,171932.0,1.2,2775328,172950.0,0.0,39.52000000000025,0.005746457901961277,0,1,467
468,0,0.04,2795085,167426.0,1.2,2796345,168464.0,0.0,40.320000000000434,0.006020570281796201,0,1,468
469,0,0.03,2802125,167625.0,0.8999999999999999,2803385,164279.0,0.0,-101.28000000000011,-0.020140193885160352,0,1,469
470,0,0.05,2809167,164825.0,1.5,2810427,164942.0,0.0,4.350000000000364,0.0005278325496739407,0,1,470
471,0,0.04,2812004,164424.0,1.2,2813264,166268.0,0.0,72.56000000000022,0.011032452683306606,0,1,471
472,0,0.05,2816222,168027.0,1.5,2817482,166275.0,0.0,-89.10000000000036,-0.01060543841168388,0,1,472
473,0,0.05,2819053,166065.0,1.5,2820313,166855.0,0.0,38.0,0.004576521241682474,0,1,473
474,0,0.04,2823261,164659.0,1.2,2824521,161830.0,0.0,-114.36000000000077,-0.01736315658421355,0,1,474
475,0,0.05,2836503,165011.0,1.5,2837763,164010.0,0.0,-51.55000000000109,-0.0062480683105976065,0,1,475
476,0,0.05,2839326,164120.0,1.5,2840586,164233.0,0.0,4.149999999999636,0.0005057275164513327,0,1,476
477,0,0.06,2850561,166175.0,1.7999999999999998,2851821,165355.0,0.0,-51.000000000000725,-0.005115089514066569,0,1,477
478,0,0.06,2853376,163475.0,1.7999999999999998,2854636,164215.0,0.0,42.59999999999964,0.0043431717387979445,0,1,478
479,0,0.05,2857578,160605.0,1.5,2858838,159096.0,0.0,-76.94999999999982,-0.009582516110955426,0,1,479
480,0,0.05,2864616,154378.0,1.5,2865876,153942.0,0.0,-23.300000000000182,-0.003018564821412401,0,1,480
481,0,0.04,2871659,156818.0,1.2,2872919,156125.0,0.0,-28.920000000000254,-0.004610440128046566,0,1,481
482,0,0.03,2874477,155851.0,0.8999999999999999,2875737,157285.0,0.0,42.12000000000044,0.009008604372124751,0,1,482
483,0,0.04,2878565,155345.0,1.2,2879825,156479.0,0.0,44.15999999999967,0.007106762367633279,0,1,483
484,0,0.03,2881380,156012.0,0.8999999999999999,2882640,162205.0,0.0,184.88999999999996,0.0395033715355229,0,1,484
485,0,0.03,2888399,159035.0,0.8999999999999999,2889659,159424.0,0.0,10.770000000000072,0.002257364731034064,0,1,485
486,0,0.06,2899652,161921.0,1.7999999999999998,2900912,160650.0,0.0,-78.06000000000022,-0.00803478239388346,0,1,486
487,0,0.03,2902465,156599.0,0.8999999999999999,2903725,157273.0,0.0,19.319999999999347,0.0041124145109482065,0,1,487
488,0,0.06,2906675,157129.0,1.7999999999999998,2907935,157491.0,0.0,19.919999999999344,0.0021129135932895205,0,1,488
489,0,0.05,2909494,155181.0,1.5,2910754,159868.0,0.0,232.85000000000036,0.030010117217958432,0,1,489
490,0,0.05,2916431,160596.0,1.5,2917691,158385.0,0.0,-112.05000000000018,-0.01395427034297245,0,1,490
491,0,0.04,2920667,156913.0,1.2,2921927,157646.0,0.0,28.11999999999971,0.004480189659237875,0,1,491
492,0,0.04,2923476,156951.0,1.2,2924736,158835.0,0.0,74.16000000000058,0.011812603933711887,0,1,492
493,0,0.05,2927707,158315.0,1.5,2928967,157733.0,0.0,-30.599999999999454,-0.0038657107665097373,0,1,493
494,0,0.07,2941806,161437.0,2.1,2943066,159935.0,0.0,-107.24000000000123,-0.009489770003159235,0,1,494
495,0,0.04,2944630,158964.0,1.2,2945890,160294.0,0.0,51.999999999999815,0.008177952240758884,0,1,495
496,0,0.07,2948849,161195.0,2.1,2950109,161298.0,0.0,5.109999999999127,0.00045286764477798645,0,1,496
497,0,0.06,2955893,159923.0,1.7999999999999998,2957153,160412.0,0.0,27.540000000000145,0.0028701312506643974,0,1,497
498,0,0.07,2972819,165571.0,2.1,2974079,169207.0,0.0,252.42000000000044,0.021779176305029298,0,1,498
499,0,0.05,2979762,170066.0,1.5,2981022,173665.0,0.0,178.4499999999989,0.02098597015276409,0,1,499
500,0,0.05,2993837,176725.0,1.5,2995097,177315.0,0.0,28.0,0.0031687650304144856,0,1,500
501,0,0.06,2998051,176165.0,1.7999999999999998,2999311,175145.0,0.0,-63.000000000000725,-0.005960321289700066,0,1,501
502,0,0.06,3005094,177445.0,1.7999999999999998,3006354,177849.0,0.0,22.4400000000016,0.0021076953422188662,0,1,502
503,0,0.06,3012141,176425.0,1.7999999999999998,3013401,176293.0,0.0,-9.720000000000073,-0.0009182372112795875,0,1,503
504,0,0.07,3022064,174255.0,2.1,3023324,172239.0,0.0,-143.21999999999898,-0.011741413445812088,0,1,504
505,0,0.06,3026284,170845.0,1.7999999999999998,3027544,170089.0,0.0,-47.15999999999876,-0.0046006614182444875,0,1,505
506,0,0.1,3033360,171055.0,3.0,3034620,172131.0,0.0,104.60000000000218,0.006114992253953534,0,1,506
507,0,0.07,3036218,171585.0,2.1,3037478,167795.0,0.0,-267.3999999999993,-0.022263018329107962,0,1,507
508,0,0.06,3047567,172625.0,1.7999999999999998,3048827,172525.0,0.0,-7.8,-0.0007530774800868935,0,1,508
509,0,0.05,3050420,171550.0,1.5,3051680,171175.0,0.0,-20.25,-0.002360827747012533,0,1,509
510,0,0.06,3054662,172637.0,1.7999999999999998,3055922,172925.0,0.0,15.480000000000654,0.0014944652652676479,0,1,510
511,0,0.13,3057305,172965.0,3.9000000000000004,3058462,174878.0,0.0,244.78999999999868,0.010886595554013759,0,1,511
512,0,0.09,3061371,174165.0,2.6999999999999997,3062631,171905.0,0.0,-206.09999999999962,-0.013148451181350995,0,1,512
513,0,0.05,3068416,169505.0,1.5,3069676,169375.0,0.0,-8.0,-0.0009439249579658417,0,1,513
514,0,0.08,3075514,170908.0,2.4,3076774,171138.0,0.0,16.000000000001457,0.001170220235448418,0,1,514
515,0,0.05,3078389,169661.0,1.5,3079649,169435.0,0.0,-12.800000000001091,-0.001508891259629625,0,1,515
516,0,0.04,3082650,167625.0,1.2,3083910,166915.0,0.0,-29.599999999999635,-0.004414615958240065,0,1,516
517,0,0.05,3085512,164861.0,1.5,3086772,165504.0,0.0,30.649999999999636,0.003718283887638633,0,1,517
518,0,0.1,3088220,165150.0,3.0,3089480,166005.0,0.0,82.5,0.004995458673932788,0,1,518
519,0,0.05,3096617,166105.0,1.5,3097877,165645.0,0.0,-24.5,-0.0029499413021883748,0,1,519
520,0,0.06,3116996,166771.0,1.7999999999999998,3118256,165905.0,0.0,-53.76000000000094,-0.005372636729407485,0,1,520
521,0,0.07,3123891,166291.0,2.1,3125117,166765.0,0.0,31.08000000000029,0.002670018221070317,0,1,521
522,0,0.06,3127993,167476.0,1.7999999999999998,3129253,167752.0,0.0,14.75999999999949,0.0014688671809691628,0,1,522
523,0,0.06,3130754,167111.0,1.7999999999999998,3132014,166865.0,0.0,-16.56000000000022,-0.0016515968428170715,0,1,523
524,0,0.06,3137636,163517.0,1.7999999999999998,3138896,160895.0,0.0,-159.12000000000154,-0.016218497159316926,0,1,524
525,0,0.08,3141532,160507.0,2.4,3142792,156468.0,0.0,-325.51999999999896,-0.025350919274548692,0,1,525
526,0,0.05,3151190,158079.0,1.5,3152450,157555.0,0.0,-27.700000000000728,-0.003504576825511387,0,1,526
527,0,0.07,3155328,157724.0,2.1,3156588,158348.0,0.0,41.58000000000029,0.0037660723795998334,0,1,527
528,0,0.08,3158088,157975.0,2.4,3159348,157810.0,0.0,-15.599999999998909,-0.001234372527298537,0,1,528
529,0,0.08,3175918,160015.0,2.4,3177174,160539.0,0.0,39.520000000000074,0.003087210574008692,0,1,529
530,0,0.08,3181428,157585.0,2.4,3182686,155795.0,0.0,-145.60000000000073,-0.01154932258780981,0,1,530
531,0,0.04,3184183,155355.0,1.2,3185443,157942.0,0.0,102.28000000000047,0.016459077596472672,0,1,531
532,0,0.06,3191039,156145.0,1.7999999999999998,3192292,148795.0,0.0,-442.8,-0.047263761247558364,0,1,532
533,0,0.03,3202057,141275.0,0.8999999999999999,3203317,143055.0,0.0,52.49999999999964,0.01238718810829933,0,1,533
534,0,0.05,3215832,144955.0,1.5,3217090,147282.0,0.0,114.85000000000036,0.015846297126694543,0,1,534
535,0,0.04,3218577,145648.0,1.2,3219834,144389.0,0.0,-51.559999999999675,-0.008850104361199549,0,1,535
536,0,0.04,3222697,142715.0,1.2,3223955,139274.0,0.0,-138.84000000000032,-0.02432119959359568,0,1,536
537,0,0.04,3225452,138455.0,1.2,3226711,135559.0,0.0,-117.04000000000015,-0.021133220179841854,0,1,537
538,0,0.03,3229569,137385.0,0.8999999999999999,3230829,136485.0,0.0,-27.900000000000453,-0.0067692979582925,0,1,538
539,0,0.04,3236227,138075.0,1.2,3237484,139464.0,0.0,54.3600000000004,0.009842476914720334,0,1,539
540,0,0.06,3243077,139955.0,1.7999999999999998,3244333,140205.0,0.0,13.2,0.0015719338358758173,0,1,540
541,0,0.05,3249917,137730.0,1.5,3251177,138883.0,0.0,56.150000000000546,0.008153633921440579,0,1,541
542,0,0.05,3252673,138624.0,1.5,3253932,139040.0,0.0,19.299999999999272,0.002784510618651788,0,1,542
543,0,0.07,3256804,136789.0,2.1,3258063,135151.0,0.0,-116.75999999999985,-0.012193962964858267,0,1,543
544,0,0.02,3259552,127988.00000000001,0.6,3260812,129415.00000000001,0.0,27.939999999999962,0.01091508578929273,0,1,544
545,0,0.05,3263681,127673.0,1.5,3264938,122425.0,0.0,-263.90000000000055,-0.04133998574483259,0,1,545
546,0,0.03,3266437,120258.0,0.8999999999999999,3267687,123272.0,0.0,89.52000000000007,0.02481331803289596,0,1,546
547,0,0.04,3270541,124320.0,1.2,3271791,125276.0,0.0,37.03999999999978,0.007448519948519904,0,1,547
548,0,0.06,3297709,132743.0,1.7999999999999998,3298966,132337.0,0.0,-26.160000000000583,-0.00328454231108239,0,1,548
549,0,0.04,3300466,130305.0,1.2,3301724,130749.0,0.0,16.56000000000022,0.003177161275469134,0,1,549
550,0,0.05,3304586,128231.0,1.5,3305841,128483.99999999999,0.0,11.149999999999636,0.0017390490598996554,0,1,550
551,0,0.05,3311464,132114.0,1.5,3312713,133507.0,0.0,68.14999999999964,0.01031684757103708,0,1,551
552,0,0.04,3327991,140484.0,1.2,3329251,139404.0,0.0,-44.39999999999982,-0.0079012556590074,0,1,552
553,0,0.04,3334641,136708.0,1.2,3335901,138920.0,0.0,87.28000000000047,0.015961026421277554,0,1,553
554,0,0.06,3338766,136538.0,1.7999999999999998,3340024,136366.0,0.0,-12.1199999999988,-0.0014794416206475856,0,1,554
555,0,0.04,3341518,132274.0,1.2,3342774,132354.0,0.0,1.9999999999998181,0.00037800323570766326,0,1,555
556,0,0.05,3345630,130664.00000000001,1.5,3346890,136634.0,0.0,297.0,0.04546011143084552,0,1,556
557,0,0.05,3355259,132174.0,1.5,3356518,133588.0,0.0,69.19999999999982,0.010471045742733035,0,1,557
558,0,0.03,3359386,128944.0,0.8999999999999999,3360646,131600.0,0.0,78.78000000000029,0.020365429954088674,0,1,558
559,0,0.06,3366266,131925.0,1.7999999999999998,3367526,130604.0,0.0,-81.06000000000022,-0.010240667045669916,0,1,559
560,0,0.04,3369023,128754.0,1.2,3370282,127005.0,0.0,-71.16000000000004,-0.01381704646069249,0,1,560
561,0,0.06,3386599,134404.0,1.7999999999999998,3387857,134274.0,0.0,-9.600000000000183,-0.0011904407606916688,0,1,561
562,0,0.06,3389359,132294.0,1.7999999999999998,3390618,131536.0,0.0,-47.27999999999956,-0.005956430374771287,0,1,562
563,0,0.08,3393487,131264.0,2.4,3394744,131765.0,0.0,37.67999999999993,0.003588188688444654,0,1,563
564,0,0.05,3396227,130935.99999999999,1.5,3397486,128781.0,0.0,-109.24999999999909,-0.01668754200525434,0,1,564
565,0,0.06,3400362,126743.0,1.7999999999999998,3401621,127336.99999999999,0.0,33.83999999999851,0.004449949898613534,0,1,565
566,0,0.06,3410021,124414.0,1.7999999999999998,3411281,124320.0,0.0,-7.440000000000327,-0.0009966724002122387,0,1,566
567,0,0.07,3414160,124349.99999999999,2.1,3415420,123824.0,0.0,-38.91999999999971,-0.004471250502613557,0,1,567
568,0,0.04,3423321,122614.00000000001,1.2,3424581,122866.00000000001,0.0,8.879999999999928,0.001810559968682191,0,1,568
569,0,0.05,3430217,122785.0,1.5,3431475,123752.0,0.0,46.850000000000364,0.007631225312538236,0,1,569
570,0,0.06,3434347,123383.99999999999,1.7999999999999998,3435606,121963.00000000001,0.0,-87.0599999999984,-0.011760033715878667,0,1,570
571,0,0.04,3437108,119150.0,1.2,3438368,120199.0,0.0,40.76000000000003,0.00855224506924046,0,1,571
572,0,0.06,3451847,122934.99999999999,1.7999999999999998,3453107,122502.0,0.0,-27.779999999998655,-0.0037662179200388633,0,1,572
573,0,0.08,3458745,124339.00000000001,2.4,3460004,124067.0,0.0,-24.160000000000217,-0.0024288437256211057,0,1,573
574,0,0.09,3465335,124290.00000000001,2.6999999999999997,3466593,123622.0,0.0,-62.8200000000008,-0.005615898302357461,0,1,574
575,0,0.06,3472233,125246.0,1.7999999999999998,3473492,126983.99999999999,0.0,102.47999999999975,0.013637162065055938,0,1,575
576,0,0.06,3474993,124469.0,1.7999999999999998,3476253,124502.0,0.0,0.18000000000047311,2.4102386939783282e-05,0,1,576
577,0,0.08,3479131,125294.0,2.4,3480389,125778.0,0.0,36.31999999999935,0.0036234775807300573,0,1,577
578,0,0.08,3481888,125653.0,2.4,3483147,126710.99999999999,0.0,82.23999999999941,0.008181261092055046,0,1,578
579,0,0.08,3492680,132064.0,2.4,3493938,131008.99999999999,0.0,-86.80000000000146,-0.008215713593409394,0,1,579
580,0,0.07,3506453,133623.0,2.1,3507711,133735.0,0.0,5.740000000000146,0.0006136668088577721,0,1,580
581,0,0.06,3522521,133024.0,1.7999999999999998,3523780,133306.0,0.0,15.120000000000072,0.0018943949963916378,0,1,581
582,0,0.08,3551906,128354.0,2.4,3553166,128454.0,0.0,5.6,0.0005453667201645449,0,1,582
583,0,0.08,3558800,129533.99999999999,2.4,3560057,128986.99999999999,0.0,-46.16000000000022,-0.004454428953016218,0,1,583
584,0,0.08,3561558,128404.0,2.4,3562815,129829.0,0.0,111.6,0.010864147534344724,0,1,584
585,0,0.1,3565693,130789.00000000001,3.0,3566948,128920.0,0.0,-189.90000000000146,-0.014519569688582482,0,1,585
586,0,0.09,3568448,129022.0,2.6999999999999997,3569707,128874.0,0.0,-16.01999999999971,-0.001379609678969453,0,1,586
587,0,0.09,3572585,129403.99999999999,2.6999999999999997,3573845,130604.0,0.0,105.3,0.009041451578003772,0,1,587
588,0,0.08,3575342,129633.99999999999,2.4,3576601,129308.99999999999,0.0,-28.4,-0.0027384791027045374,0,1,588
589,0,0.1,3582237,129346.0,3.0,3583496,129282.0,0.0,-9.399999999999636,-0.0007267329488348798,0,1,589
590,0,0.09,3586120,126391.00000000001,2.6999999999999997,3587378,125867.0,0.0,-49.860000000001676,-0.004383223489014397,0,1,590
591,0,0.1,3588877,125579.00000000001,3.0,3590136,125065.00000000001,0.0,-54.399999999999636,-0.004331934479490969,0,1,591
592,0,0.08,3613684,131747.0,2.4,3614944,131916.0,0.0,11.120000000000436,0.0010550524869636915,0,1,592
593,0,0.09,3616441,131569.0,2.6999999999999997,3617700,131591.0,0.0,-0.7200000000004363,-6.080459682755701e-05,0,1,593
594,0,0.09,3623339,131967.0,2.6999999999999997,3635380,129841.00000000001,0.0,-194.03999999999832,-0.01633741768775513,0,1,594
595,0,0.08,3641008,130717.0,2.4,3642263,130531.0,0.0,-17.280000000001017,-0.0016524247037494183,0,1,595
596,0,0.08,3643765,129306.99999999999,2.4,3645025,130717.0,0.0,110.40000000000109,0.010672276056207426,0,1,596
597,0,0.08,3647897,129900.0,2.4,3649150,129707.0,0.0,-17.840000000000508,-0.0017167051578137517,0,1,597
598,0,0.07,3650644,128286.99999999999,2.1,3651904,129293.0,0.0,68.32000000000008,0.007607941568514355,0,1,598
599,0,0.1,3654777,128818.0,3.0,3656030,130678.0,0.0,183.0,0.014206089211135088,0,1,599
600,0,0.1,3661669,130871.0,3.0,3662929,131147.0,0.0,24.600000000000364,0.0018797136111132614,0,1,600
601,0,0.09,3664429,131246.0,2.6999999999999997,3665689,130420.0,0.0,-77.04000000000015,-0.006522103530774284,0,1,601
602,0,0.12,3668571,129546.0,3.5999999999999996,3669829,129121.0,0.0,-54.6,-0.0035122659132663307,0,1,602
603,0,0.09,3671330,127671.0,2.6999999999999997,3672590,128051.0,0.0,31.50000000000073,0.0027414213094595335,0,1,603
604,0,0.11,3675232,128063.00000000001,3.3,3676492,128196.0,0.0,11.32999999999738,0.0008042916377093787,0,1,604
605,0,0.09,3681888,126658.0,2.6999999999999997,3683148,126985.99999999999,0.0,26.81999999999862,0.0023527925594907916,0,1,605
606,0,0.07,3684650,125823.0,2.1,3685910,126860.99999999999,0.0,70.55999999999986,0.008011253904294111,0,1,606
607,0,0.08,3688792,125503.0,2.4,3690051,125031.0,0.0,-40.16000000000022,-0.003999904384755765,0,1,607
608,0,0.08,3691552,124068.0,2.4,3692812,123055.0,0.0,-83.44000000000088,-0.008406680207628163,0,1,608
609,0,0.09,3695693,123458.99999999999,2.6999999999999997,3696953,122229.0,0.0,-113.39999999999891,-0.01020581731586995,0,1,609
610,0,0.08,3698453,122574.0,2.4,3699713,121750.0,0.0,-68.32000000000008,-0.006967219801915585,0,1,610
611,0,0.06,3709498,120853.0,1.7999999999999998,3710758,121458.99999999999,0.0,34.559999999999675,0.0047661208244726624,0,1,611
612,0,0.07,3712260,121448.0,2.1,3713520,119179.0,0.0,-160.92999999999992,-0.0189299123904881,0,1,612
613,0,0.09,3723065,123000.0,2.6999999999999997,3724325,123779.0,0.0,67.40999999999876,0.006089430894308831,0,1,613
614,0,0.07,3725827,123808.0,2.1,3727087,123772.0,0.0,-4.620000000000436,-0.00053308348410447,0,1,614
615,0,0.09,3729967,124844.0,2.6999999999999997,3731227,124152.0,0.0,-64.97999999999884,-0.005783217455384217,0,1,615
616,0,0.08,3732727,123218.0,2.4,3733987,123108.99999999999,0.0,-11.120000000001165,-0.0011280819360808855,0,1,616
617,0,0.11,3736869,122818.0,3.3,3738129,121133.99999999999,0.0,-188.5400000000016,-0.013955609112670901,0,1,617
618,0,0.07,3739629,119993.99999999999,2.1,3740889,117175.0,0.0,-199.42999999999992,-0.023742853809357124,0,1,618
619,0,0.07,3746480,114047.0,2.1,3747740,117515.00000000001,0.0,240.66000000000022,0.0301454663428236,0,1,619
620,0,0.06,3753383,116077.0,1.7999999999999998,3754643,119072.0,0.0,177.8999999999998,0.025543389301928864,0,1,620
621,0,0.07,3766950,118933.99999999997,2.1,3772138,121047.0,0.0,145.81000000000168,0.017513915280744145,0,1,621
622,0,0.07,3773640,120430.0,2.1,3774900,119109.99999999999,0.0,-94.50000000000145,-0.011209831437349669,0,1,622
623,0,0.04,3784685,119750.0,1.2,3785944,118913.00000000001,0.0,-34.679999999999566,-0.007240083507306799,0,1,623
624,0,0.05,3787446,119654.00000000001,1.5,3788706,119508.0,0.0,-8.800000000000182,-0.0014709077841108832,0,1,624
625,0,0.07,3791581,117818.99999999999,2.1,3794023,119521.0,0.0,117.04000000000124,0.014191259474278493,0,1,625
626,0,0.05,3798283,118668.0,1.5,3799541,118744.0,0.0,2.300000000000182,0.0003876360939765028,0,1,626
627,0,0.07,3805185,120809.99999999997,2.1,3806445,122073.0,0.0,86.31000000000168,0.010206108765830843,0,1,627
628,0,0.05,3809326,123301.0,1.5,3810586,122798.0,0.0,-26.649999999999636,-0.004322754884388551,0,1,628
629,0,0.04,3825653,126068.0,1.2,3826913,128439.00000000001,0.0,93.64000000000014,0.0185693435288892,0,1,629
630,0,0.04,3829795,126141.0,1.2,3831055,126558.0,0.0,15.479999999999382,0.0030679953385495955,0,1,630
631,0,0.05,3832555,126533.0,1.5,3833815,123538.00000000001,0.0,-151.2499999999991,-0.023906806919933785,0,1,631
632,0,0.07,3836695,123343.99999999999,2.1,3837955,121935.99999999999,0.0,-100.65999999999948,-0.011658451160980613,0,1,632
633,0,0.07,3843325,120934.99999999997,2.1,3844585,121123.0,0.0,11.060000000001674,0.0013064869558029018,0,1,633
634,0,0.07,3846087,120879.0,2.1,3847347,120079.0,0.0,-58.1,-0.006866370502734139,0,1,634
635,0,0.08,3852990,121006.99999999999,2.4,3854250,121076.0,0.0,3.1200000000004366,0.0003222954043981378,0,1,635
636,0,0.06,3857130,120458.99999999999,1.7999999999999998,3858390,119924.0,0.0,-33.89999999999945,-0.004690392581708224,0,1,636
637,0,0.07,3859889,120007.00000000001,2.1,3861149,116531.0,0.0,-245.4200000000006,-0.029214962460523203,0,1,637
638,0,0.07,3863923,116238.00000000001,2.1,3865183,115373.0,0.0,-62.65000000000109,-0.007699719540941993,0,1,638
639,0,0.07,3866684,115379.0,2.1,3867944,115519.0,0.0,7.700000000000182,0.0009533797311469383,0,1,639
640,0,0.08,3870824,114936.99999999999,2.4,3872083,117077.0,0.0,168.80000000000072,0.01835788301417306,0,1,640
641,0,0.09,3884625,118302.00000000001,2.6999999999999997,3885885,120433.0,0.0,189.08999999999907,0.01775963212794365,0,1,641
642,0,0.09,3890148,120948.0,2.6999999999999997,3891408,120318.0,0.0,-59.40000000000073,-0.0054568905645402,0,1,642
643,0,0.09,3892909,119433.0,2.6999999999999997,3894169,120869.0,0.0,126.53999999999978,0.011772290740415109,0,1,643
644,0,0.08,3897051,119248.0,2.4,3898311,120272.0,0.0,79.52000000000007,0.00833556956930096,0,1,644
645,0,0.08,3899812,119832.99999999999,2.4,3901072,120440.00000000001,0.0,46.16000000000131,0.004815034256006412,0,1,645
646,0,0.06,3913619,118388.00000000001,1.7999999999999998,3914879,117851.0,0.0,-34.02000000000116,-0.004789336757103924,0,1,646
647,0,0.09,3920460,118420.0,2.6999999999999997,3921720,118835.99999999999,0.0,34.73999999999869,0.0032595845296401406,0,1,647
648,0,0.08,3931497,120864.00000000001,2.4,3932757,121013.00000000001,0.0,9.520000000000072,0.000984577707175014,0,1,648
649,0,0.11,3934257,120623.0,3.3,3935517,120519.0,0.0,-14.74000000000051,-0.0011108992480704726,0,1,649
650,0,0.1,3938157,118748.0,3.0,3939415,118767.0,0.0,-1.1000000000003638,-9.263313908447837e-05,0,1,650
651,0,0.09,3947819,117659.99999999999,2.6999999999999997,3949079,117086.99999999999,0.0,-54.26999999999971,-0.005124936257011703,0,1,651
652,0,0.11,3951961,117693.0,3.3,3953221,118641.00000000001,0.0,100.98000000000248,0.007799954117917145,0,1,652
653,0,0.11,3954723,118163.00000000001,3.3,3955983,118097.0,0.0,-10.560000000002038,-0.0008124370572854321,0,1,653
654,0,0.1,3958864,118171.0,3.0,3960123,118708.99999999999,0.0,50.79999999999927,0.004298855049039043,0,1,654
655,0,0.11,3965766,117800.0,3.3,3967026,117439.00000000001,0.0,-43.009999999999124,-0.003319185059422683,0,1,655
656,0,0.15,3968527,117377.0,4.5,3969787,117432.0,0.0,3.75,0.0002129889160568084,0,1,656
657,0,0.09,3975263,116588.0,2.6999999999999997,3980423,115879.0,0.0,-66.51000000000131,-0.006338559714550508,0,1,657
658,0,0.07,3981923,115828.0,2.1,3983183,116305.0,0.0,31.289999999999417,0.0038591704941809547,0,1,658
659,0,0.11,3986063,115593.0,3.3,3987323,114922.0,0.0,-77.10999999999949,-0.00606438106113688,0,1,659
660,0,0.14,3988824,114523.0,4.2,3990084,113385.99999999999,0.0,-163.3800000000021,-0.010190092819783055,0,1,660
661,0,0.06,3992947,110285.99999999999,1.7999999999999998,3994207,109377.0,0.0,-56.33999999999905,-0.008514226647081083,0,1,661
662,0,0.07,3995708,109084.99999999999,2.1,3996968,109878.0,0.0,53.410000000001126,0.00699454553788345,0,1,662
663,0,0.09,3999848,109538.0,2.6999999999999997,4001108,109728.0,0.0,14.400000000000365,0.0014606803118552836,0,1,663
664,0,0.07,4002607,108823.0,2.1,4003867,109489.00000000001,0.0,44.5200000000008,0.0058443527563108106,0,1,664
665,0,0.08,4006747,108715.0,2.4,4008007,108467.0,0.0,-22.240000000000144,-0.002557144828220593,0,1,665
666,0,0.1,4016408,111468.0,3.0,4017668,111508.99999999999,0.0,1.0999999999985448,9.868303010716481e-05,0,1,666
667,0,0.1,4020548,111753.0,3.0,4021808,113276.0,0.0,149.29999999999927,0.013359820318022715,0,1,667
668,0,0.05,4027450,114329.00000000001,1.5,4028710,112397.0,0.0,-98.10000000000036,-0.017161000271147364,0,1,668
669,0,0.07,4030210,112593.0,2.1,4031470,113418.0,0.0,55.65,0.007060829714103007,0,1,669
670,0,0.09,4037108,112488.0,2.6999999999999997,4038368,112194.0,0.0,-29.160000000000945,-0.002880307232771589,0,1,670
671,0,0.12,4047906,110548.0,3.5999999999999996,4049166,111988.00000000001,0.0,169.2000000000011,0.012754640518146046,0,1,671
672,0,0.09,4054805,112498.0,2.6999999999999997,4056065,112973.0,0.0,40.05,0.003955625877793383,0,1,672
673,0,0.08,4061705,112630.0,2.4,4062965,111600.0,0.0,-84.79999999999964,-0.009411346888040448,0,1,673
674,0,0.11,4064465,111375.0,3.3,4065725,113755.0,0.0,258.49999999999926,0.021099887766554373,0,1,674
675,0,0.07,4071365,113976.0,2.1,4072625,115765.00000000001,0.0,123.13000000000139,0.015433073629536215,0,1,675
676,0,0.06,4078264,118204.0,1.7999999999999998,4079524,117469.0,0.0,-45.90000000000036,-0.006471862204324778,0,1,676
677,0,0.09,4085164,116625.0,2.6999999999999997,4086424,116433.99999999999,0.0,-19.890000000002328,-0.0018949624866025797,0,1,677
678,0,0.06,4092063,114648.0,1.7999999999999998,4093322,114146.0,0.0,-31.9200000000008,-0.004640290279813109,0,1,678
679,0,0.08,4096201,111993.0,2.4,4097461,110719.0,0.0,-104.32000000000008,-0.011643584866911333,0,1,679
680,0,0.08,4098962,110539.00000000001,2.4,4100222,108760.99999999999,0.0,-144.6400000000016,-0.016356218167343832,0,1,680
681,0,0.09,4103093,109008.99999999997,2.6999999999999997,4104353,108458.0,0.0,-52.28999999999833,-0.005329835151225876,0,1,681
682,0,0.07,4105853,108393.0,2.1,4107113,108191.00000000001,0.0,-16.23999999999942,-0.002140359617318385,0,1,682
683,0,0.06,4109993,106920.99999999999,1.7999999999999998,4111252,106997.0,0.0,2.7600000000004004,0.0004302241842108349,0,1,683
684,0,0.14,4119413,107183.0,4.2,4134277,107714.00000000001,0.0,70.14000000000196,0.0046742487148149795,0,1,684
685,0,0.07,4137157,106119.0,2.1,4138417,107338.00000000001,0.0,83.23000000000084,0.011204402604623223,0,1,685
686,0,0.06,4139917,105280.0,1.7999999999999998,4141177,106614.00000000001,0.0,78.24000000000088,0.012386018237082205,0,1,686
687,0,0.1,4144057,107349.00000000001,3.0,4145317,106945.0,0.0,-43.400000000001455,-0.004042888149866459,0,1,687
688,0,0.12,4149367,106895.0,3.5999999999999996,4150627,106024.0,0.0,-108.12000000000043,-0.008428832031432748,0,1,688
689,0,0.09,4154887,107763.0,2.6999999999999997,4156147,109366.00000000001,0.0,141.57000000000045,0.014596846784146739,0,1,689
690,0,0.06,4161787,108645.0,1.7999999999999998,4163047,109451.0,0.0,46.559999999999675,0.007142528418242851,0,1,690
691,0,0.06,4164547,107684.99999999999,1.7999999999999998,4165807,108793.0,0.0,64.68000000000139,0.01001067929609531,0,1,691
692,0,0.08,4168448,108779.0,2.4,4169708,110160.99999999999,0.0,108.15999999999948,0.012428869542834496,0,1,692
693,0,0.08,4178108,111417.0,2.4,4179368,111769.0,0.0,25.759999999999856,0.0028900437096672695,0,1,693
694,0,0.05,4189148,118918.0,1.5,4190408,119650.0,0.0,35.099999999999454,0.00590322743403008,0,1,694
695,0,0.04,4195809,120252.0,1.2,4197069,120767.0,0.0,19.400000000000365,0.004033196953065306,0,1,695
696,0,0.04,4205469,123358.99999999999,1.2,4206729,122428.0,0.0,-38.439999999999785,-0.007790270673400357,0,1,696
697,0,0.05,4209609,123215.00000000001,1.5,4210869,124089.00000000001,0.0,42.19999999999982,0.006849815363389167,0,1,697
698,0,0.05,4216509,126321.0,1.5,4217769,125090.00000000001,0.0,-63.04999999999927,-0.009982504888339907,0,1,698
699,0,0.05,4223409,123255.0,1.5,4224669,126091.00000000001,0.0,140.3000000000011,0.022765810717618122,0,1,699
700,0,0.05,4226169,125889.00000000001,1.5,4227429,125333.0,0.0,-29.300000000000182,-0.004654894391090592,0,1,700
701,0,0.06,4230309,124754.99999999999,1.7999999999999998,4231569,121980.0,0.0,-168.2999999999991,-0.02248406877479849,0,1,701
702,0,0.06,4249628,125600.0,1.7999999999999998,4250888,124306.0,0.0,-79.44000000000032,-0.010541401273885394,0,1,702
703,0,0.06,4252388,122797.0,1.7999999999999998,4253648,123383.0,0.0,33.35999999999986,0.004527797910372384,0,1,703
704,0,0.04,4259288,124959.99999999999,1.2,4260548,123348.0,0.0,-65.67999999999957,-0.013140204865556893,0,1,704
705,0,0.05,4270327,128498.0,1.5,4271587,127907.0,0.0,-31.050000000000182,-0.004832760042957895,0,1,705
706,0,0.05,4273086,127711.99999999999,1.5,4274346,128902.0,0.0,58.00000000000091,0.009082936607366717,0,1,706
707,0,0.05,4279985,126508.99999999999,1.5,4281245,127368.0,0.0,41.45000000000073,0.006552893470029916,0,1,707
708,0,0.06,4286884,125657.0,1.7999999999999998,4288144,125250.0,0.0,-26.220000000000073,-0.003477721097909398,0,1,708
709,0,0.07,4291024,122749.99999999999,2.1,4292284,122423.0,0.0,-24.98999999999942,-0.002908350305498914,0,1,709
710,0,0.08,4293783,121975.0,2.4,4295043,121014.00000000001,0.0,-79.2799999999992,-0.00812461569993843,0,1,710
711,0,0.08,4300444,120803.0,2.4,4301704,124399.0,0.0,285.2800000000003,0.02951913445858136,0,1,711
712,0,0.03,4314243,128178.0,0.8999999999999999,4315503,129800.0,0.0,47.76000000000031,0.01242022812027033,0,1,712
713,0,0.05,4318382,126851.0,1.5,4319642,126580.0,0.0,-15.050000000000182,-0.002372862649880597,0,1,713
714,0,0.04,4321141,125845.0,1.2,4322401,131853.0,0.0,239.11999999999972,0.04750288052763314,0,1,714
715,0,0.05,4325280,131261.0,1.5,4326540,131753.0,0.0,23.100000000000364,0.0035197050151987816,0,1,715
716,0,0.05,4334700,136105.0,1.5,4335960,136651.0,0.0,25.800000000000182,0.003791190624885226,0,1,716
717,0,0.05,4338840,133373.0,1.5,4340100,134373.0,0.0,48.5,0.00727283633119147,0,1,717
718,0,0.05,4341600,133405.0,1.5,4342860,132863.0,0.0,-28.599999999999454,-0.004287695363741907,0,1,718
719,0,0.07,4355398,133583.0,2.1,4356658,135117.0,0.0,105.2799999999992,0.011258917676650385,0,1,719
720,0,0.06,4369198,133866.0,1.7999999999999998,4370458,133480.0,0.0,-24.960000000000765,-0.003107585197137531,0,1,720
721,0,0.06,4373339,134661.0,1.7999999999999998,4374599,134647.0,0.0,-2.6400000000001453,-0.00032674642249799437,0,1,721
722,0,0.09,4380238,133809.0,2.6999999999999997,4381498,132403.0,0.0,-129.23999999999904,-0.010731714608135398,0,1,722
723,0,0.11,4382998,132128.0,3.3,4384258,132082.0,0.0,-8.359999999999491,-0.0005751998062484513,0,1,723
724,0,0.08,4387138,131211.0,2.4,4388398,130827.0,0.0,-33.12000000000116,-0.0031552232663421094,0,1,724
725,0,0.08,4396559,133807.0,2.4,4397819,132849.0,0.0,-79.03999999999942,-0.007383769160058837,0,1,725
726,0,0.07,4400700,131984.0,2.1,4401960,132258.0,0.0,17.08000000000029,0.001848708934416324,0,1,726
727,0,0.06,4403460,131599.0,1.7999999999999998,4404720,131094.0,0.0,-32.10000000000018,-0.004065380436021573,0,1,727
728,0,0.14,4407599,131516.0,4.2,4408859,133398.0,0.0,259.2799999999996,0.014081936798564409,0,1,728
729,0,0.1,4414498,132722.0,3.0,4415758,132290.0,0.0,-46.20000000000073,-0.0034809602025286483,0,1,729
730,0,0.08,4417258,132193.0,2.4,4418518,131746.0,0.0,-38.16000000000022,-0.0036083605032036694,0,1,730
731,0,0.05,4421398,126794.00000000001,1.5,4422658,126636.99999999999,0.0,-9.350000000001273,-0.0014748331939999167,0,1,731
732,0,0.06,4424158,125557.0,1.7999999999999998,4425418,125504.0,0.0,-4.980000000000291,-0.000661054341852743,0,1,732
733,0,0.08,4428297,125418.0,2.4,4429557,125514.00000000001,0.0,5.280000000000291,0.0005262402525953502,0,1,733
734,0,0.1,4437957,126608.99999999999,3.0,4439217,126691.00000000001,0.0,5.200000000002547,0.0004107132984229041,0,1,734
735,0,0.1,4444857,126864.00000000001,3.0,4446117,127491.00000000001,0.0,59.70000000000073,0.004705826712069675,0,1,735
736,0,0.04,4455894,127336.99999999999,1.2,4457154,127455.0,0.0,3.5200000000002545,0.000691079576242619,0,1,736
737,0,0.03,4458654,126079.0,0.8999999999999999,4459914,122769.0,0.0,-100.20000000000019,-0.026491326866488522,0,1,737
738,0,0.04,4462794,122698.0,1.2,4464054,122472.0,0.0,-10.239999999999963,-0.002086423576586408,0,1,738
739,0,0.05,4465555,121469.00000000001,1.5,4466815,120811.99999999999,0.0,-34.35000000000127,-0.005655764022096382,0,1,739
740,0,0.07,4469690,121284.99999999997,2.1,4470934,118783.0,0.0,-177.2399999999976,-0.020876448035618302,0,1,740
741,0,0.06,4472196,118602.0,1.7999999999999998,4477403,117276.0,0.0,-81.3600000000004,-0.011433196742044878,0,1,741
742,0,0.08,4483046,116930.0,2.4,4484306,117301.0,0.0,27.280000000000292,0.0029162746942615553,0,1,742
743,0,0.08,4485807,117053.0,2.4,4487067,115842.0,0.0,-99.2799999999992,-0.010602034975609255,0,1,743
744,0,0.08,4489948,115852.0,2.4,4491208,114251.0,0.0,-130.47999999999993,-0.014078306805234258,0,1,744
745,0,0.05,4492708,112800.0,1.5,4493968,113353.0,0.0,26.150000000000546,0.004636524822695132,0,1,745
746,0,0.09,4496849,113198.0,2.6999999999999997,4498109,113154.0,0.0,-6.660000000000945,-0.0006537217972049904,0,1,746
747,0,0.11,4499608,112873.0,3.3,4500867,113213.00000000001,0.0,34.10000000000146,0.002746449549493796,0,1,747
748,0,0.06,4517538,119622.0,1.7999999999999998,4518798,119821.0,0.0,10.139999999999599,0.0014127836016785652,0,1,748
749,0,0.07,4524172,120367.0,2.1,4525432,120743.0,0.0,24.219999999999708,0.0028745420256382215,0,1,749
750,0,0.09,4528313,120915.00000000001,2.6999999999999997,4529573,119988.00000000001,0.0,-86.1300000000003,-0.007914650787743482,0,1,750
751,0,0.08,4531074,118828.0,2.4,4532334,119064.00000000001,0.0,16.48000000000102,0.001733598141852196,0,1,751
752,0,0.07,4537975,121470.00000000001,2.1,4539235,121882.0,0.0,26.740000000000144,0.0031448094179632995,0,1,752
753,0,0.09,4542115,123197.0,2.6999999999999997,4543375,124038.00000000001,0.0,72.9900000000005,0.006582952506960443,0,1,753
754,0,0.06,4544876,122647.0,1.7999999999999998,4546136,123401.0,0.0,43.439999999999785,0.005903120337227951,0,1,754
755,0,0.1,4555650,123480.0,3.0,4556910,123794.0,0.0,28.400000000001455,0.002299967606090173,0,1,755
756,0,0.07,4562552,124592.0,2.1,4563812,124968.0,0.0,24.219999999999708,0.002777064337999196,0,1,756
757,0,0.07,4565313,123528.0,2.1,4566573,123415.00000000001,0.0,-10.009999999999854,-0.0011576322777022043,0,1,757
758,0,0.1,4569455,121615.00000000001,3.0,4570715,120849.0,0.0,-79.60000000000036,-0.0065452452411298235,0,1,758
759,0,0.1,4572217,119975.0,3.0,4573477,120423.0,0.0,41.80000000000109,0.0034840591789957152,0,1,759
760,0,0.1,4576237,119875.0,3.0,4577497,122024.0,0.0,211.90000000000146,0.017676746611053302,0,1,760
761,0,0.08,4585895,124464.00000000001,2.4,4587155,124790.00000000001,0.0,23.67999999999993,0.00237819771178814,0,1,761
762,0,0.1,4590035,125088.00000000003,3.0,4591295,125289.00000000001,0.0,17.099999999998545,0.0013670376055255932,0,1,762
763,0,0.1,4592795,124353.0,3.0,4594055,124724.0,0.0,34.100000000000364,0.0027421935940427945,0,1,763
764,0,0.11,4596935,125551.0,3.3,4598195,125624.0,0.0,4.729999999998836,0.00034249030274541357,0,1,764
765,0,0.11,4599694,125148.0,3.3,4600954,125452.0,0.0,30.13999999999869,0.002189407741234283,0,1,765
766,0,0.1,4616253,126350.0,3.0,4617513,126948.0,0.0,56.80000000000109,0.004495449149188847,0,1,766
767,0,0.09,4619013,126411.99999999999,2.6999999999999997,4620273,126852.0,0.0,36.90000000000218,0.0032433629718699513,0,1,767
768,0,0.13,4623153,125636.99999999999,3.9000000000000004,4624413,123957.0,0.0,-222.29999999999964,-0.01361064017765465,0,1,768
769,0,0.08,4625913,122806.99999999999,2.4,4627173,122929.0,0.0,7.360000000000218,0.0007491429641633029,0,1,769
770,0,0.07,4630052,122368.99999999999,2.1,4631312,121958.99999999999,0.0,-30.80000000000073,-0.003595681912902863,0,1,770
771,0,0.06,4639711,124694.0,1.7999999999999998,4640971,125492.0,0.0,46.08000000000011,0.006159077421527916,0,1,771
772,0,0.08,4643851,125226.0,2.4,4645111,125714.00000000001,0.0,36.640000000000875,0.0036573874435022356,0,1,772
773,0,0.1,4646611,125604.00000000001,3.0,4647871,126723.0,0.0,108.89999999999964,0.008670106047578072,0,1,773
774,0,0.11,4650512,126170.0,3.3,4651772,126803.0,0.0,66.3299999999992,0.004779266069588593,0,1,774
775,0,0.09,4653271,126576.0,2.6999999999999997,4654531,127804.0,0.0,107.81999999999861,0.00946466944760448,0,1,775
776,0,0.07,4660171,127778.0,2.1,4661431,126734.99999999999,0.0,-75.11000000000021,-0.008397376700214457,0,1,776
777,0,0.08,4667071,125464.00000000001,2.4,4668331,125407.0,0.0,-6.96000000000131,-0.0006934260026781895,0,1,777
778,0,0.12,4671211,124474.0,3.5999999999999996,4672471,124625.0,0.0,14.5200000000008,0.0009720905570641795,0,1,778
779,0,0.08,4680869,124655.0,2.4,4682129,124135.99999999999,0.0,-43.920000000000435,-0.0044041554690947456,0,1,779
780,0,0.11,4684770,122507.0,3.3,4686030,122523.0,0.0,-1.5399999999997815,-0.0001142791840466097,0,1,780
781,0,0.09,4687528,122486.99999999999,2.6999999999999997,4688788,121217.0,0.0,-116.99999999999928,-0.010613371214904375,0,1,781
782,0,0.12,4694423,121760.99999999999,3.5999999999999996,4695683,122819.0,0.0,123.36000000000095,0.00844276903113483,0,1,782
783,0,0.1,4705463,124939.00000000001,3.0,4706723,126105.0,0.0,113.59999999999854,0.009092437109309225,0,1,783
784,0,0.08,4708223,125905.0,2.4,4709483,126919.0,0.0,78.7200000000008,0.00781541638537,0,1,784
785,0,0.09,4712363,126866.00000000001,2.6999999999999997,4713623,126660.99999999999,0.0,-21.150000000002546,-0.0018523481468638427,0,1,785
786,0,0.09,4726161,127172.0,2.6999999999999997,4727421,128164.00000000001,0.0,86.58000000000065,0.007564558236089762,0,1,786
787,0,0.1,4733059,128389.00000000001,3.0,4734319,129014.00000000001,0.0,59.5,0.004634353410338891,0,1,787
788,0,0.11,4735819,128576.0,3.3,4737079,129114.00000000001,0.0,55.880000000000294,0.003950970632155322,0,1,788
789,0,0.06,4739959,131159.0,1.7999999999999998,4741219,130817.0,0.0,-22.320000000000437,-0.0028362521824656125,0,1,789
790,0,0.08,4763178,129179.0,2.4,4764438,129689.00000000001,0.0,38.40000000000109,0.003715774235750499,0,1,790
791,0,0.07,4767317,129447.0,2.1,4768577,128380.0,0.0,-76.7900000000005,-0.008474510803649424,0,1,791
792,0,0.12,4774217,127231.0,3.5999999999999996,4775477,127520.0,0.0,31.08000000000029,0.002035667408100246,0,1,792
793,0,0.1,4776976,126880.0,3.0,4778236,127463.00000000001,0.0,55.30000000000291,0.004358448928121289,0,1,793
794,0,0.1,4788013,128557.0,3.0,4789273,128075.0,0.0,-51.20000000000073,-0.003982669166206486,0,1,794
795,0,0.09,4794911,127658.99999999999,2.6999999999999997,4796171,127749.0,0.0,5.4000000000021835,0.00047000211500970767,0,1,795
796,0,0.08,4797671,126673.0,2.4,4798931,127282.0,0.0,46.31999999999935,0.0045708240903743645,0,1,796
797,0,0.13,4801810,127039.00000000001,3.9000000000000004,4803070,127523.0,0.0,59.019999999998255,0.0035737057124189146,0,1,797
798,0,0.09,4804570,127744.0,2.6999999999999997,4805830,127006.0,0.0,-69.12000000000008,-0.006012024048096199,0,1,798
799,0,0.09,4808710,127758.0,2.6999999999999997,4809970,128079.0,0.0,26.18999999999942,0.002277743859484287,0,1,799
800,0,0.09,4828971,129394.0,2.6999999999999997,4830231,128505.0,0.0,-82.71000000000022,-0.007102338593752435,0,1,800
801,0,0.08,4831730,127490.0,2.4,4832990,128064.00000000001,0.0,43.520000000000074,0.004267001333437923,0,1,801
802,0,0.09,4835869,126618.0,2.6999999999999997,4837129,126463.00000000001,0.0,-16.649999999998908,-0.0014610876810563101,0,1,802
803,0,0.09,4838629,124703.00000000001,2.6999999999999997,4839889,124788.00000000001,0.0,4.949999999999637,0.00044104792988136583,0,1,803
804,0,0.11,4842767,124334.99999999999,3.3,4844027,125516.00000000001,0.0,126.6100000000035,0.009257248562351968,0,1,804
805,0,0.09,4845526,125349.0,2.6999999999999997,4846786,125565.00000000001,0.0,16.74000000000051,0.0014838570710576525,0,1,805
806,0,0.14,4849665,126167.99999999999,4.2,4850925,126547.0,0.0,48.86000000000131,0.0027661530657536724,0,1,806
807,0,0.1,4867600,131033.99999999999,3.0,4868860,131742.0,0.0,67.80000000000109,0.005174229589266991,0,1,807
808,0,0.08,4877019,132793.0,2.4,4878279,133214.0,0.0,31.280000000000292,0.002944432311944181,0,1,808
809,0,0.05,4883918,134673.0,1.5,4885178,134953.0,0.0,12.5,0.0018563483400533141,0,1,809
810,0,0.07,4888058,133849.0,2.1,4889318,134567.0,0.0,48.16000000000022,0.005140120583642785,0,1,810
811,0,0.05,4894958,132527.0,1.5,4896218,131520.0,0.0,-51.850000000000364,-0.007824820602594243,0,1,811
812,0,0.07,4908528,132989.0,2.1,4909788,132462.0,0.0,-38.99000000000124,-0.004188316326914389,0,1,812
813,0,0.08,4915428,131744.0,2.4,4916688,131749.0,0.0,-2.0000000000003637,-0.00018976196259415644,0,1,813
814,0,0.09,4925088,132096.0,2.6999999999999997,4926348,132355.0,0.0,20.60999999999949,0.001733587693798407,0,1,814
815,0,0.11,4931988,131616.0,3.3,4933248,131349.0,0.0,-32.6700000000008,-0.0022565645514223747,0,1,815
816,0,0.1,4936128,131128.0,3.0,4937388,133345.0,0.0,218.6999999999989,0.016678360075651186,0,1,816
817,0,0.09,4943027,134534.0,2.6999999999999997,4944287,132566.0,0.0,-179.8200000000008,-0.014851264364398657,0,1,817
818,0,0.09,4948546,133324.0,2.6999999999999997,4949806,133333.0,0.0,-1.890000000000509,-0.00015751102577184645,0,1,818
819,0,0.08,4951306,132890.0,2.4,4952566,133314.0,0.0,31.520000000000074,0.0029648581533599284,0,1,819
820,0,0.07,4958206,133819.0,2.1,4959466,134433.0,0.0,40.87999999999956,0.00436410375208299,0,1,820
821,0,0.08,4965105,134552.0,2.4,4966365,133553.0,0.0,-82.32000000000008,-0.007647600927522452,0,1,821
822,0,0.1,4972001,131719.0,3.0,4973261,132373.0,0.0,62.399999999999636,0.004737357556616709,0,1,822
823,0,0.09,4976127,130466.00000000001,2.6999999999999997,4977387,130451.0,0.0,-4.050000000000363,-0.00034491744975705574,0,1,823
824,0,0.08,4989923,129222.0,2.4,4991183,129045.0,0.0,-16.559999999999853,-0.0016018944142638107,0,1,824
825,0,0.1,4992683,129048.0,3.0,4993943,129168.0,0.0,9.0,0.0006974149153803236,0,1,825
826,0,0.11,4996821,129203.0,3.3,4998081,129315.00000000001,0.0,9.020000000001527,0.0006346601859091034,0,1,826
827,0,0.06,5003478,130052.0,1.7999999999999998,5004738,130209.99999999999,0.0,7.679999999998654,0.0009842216959368374,0,1,827
828,0,0.09,5006238,129990.00000000001,2.6999999999999997,5007498,129297.0,0.0,-65.0700000000008,-0.005561966305100461,0,1,828
829,0,0.12,5013137,129683.99999999999,3.5999999999999996,5014397,129840.00000000001,0.0,15.120000000002983,0.0009715924863516307,0,1,829
830,0,0.13,5017275,129551.0,3.9000000000000004,5018535,130006.0,0.0,55.24999999999782,0.0032805613233397135,0,1,830
831,0,0.1,5024171,127465.00000000001,3.0,5025431,126941.00000000001,0.0,-55.399999999999636,-0.0043462911387439395,0,1,831
832,0,0.11,5026931,126763.00000000001,3.3,5028191,127013.00000000001,0.0,24.2,0.001735522194962252,0,1,832
833,0,0.11,5031070,125854.0,3.3,5032330,125182.0,0.0,-77.22000000000007,-0.005577891842929113,0,1,833
834,0,0.11,5033828,124889.00000000001,3.3,5035088,125244.0,0.0,35.749999999999275,0.0026023108520365555,0,1,834
835,0,0.1,5044622,125504.00000000001,3.0,5045882,124216.00000000001,0.0,-131.79999999999927,-0.010501657317694995,0,1,835
836,0,0.09,5051520,122800.0,2.6999999999999997,5052780,122764.00000000001,0.0,-5.939999999999781,-0.0005374592833876023,0,1,836
837,0,0.07,5054280,122304.0,2.1,5055540,123058.99999999999,0.0,50.74999999999854,0.005927851909994597,0,1,837
838,0,0.1,5058419,122478.0,3.0,5059679,123205.0,0.0,69.69999999999891,0.0056908179428141305,0,1,838
839,0,0.11,5061178,122329.0,3.3,5062438,122310.99999999999,0.0,-5.280000000001382,-0.00039238447138464764,0,1,839
840,0,0.1,5068073,120931.0,3.0,5069333,121356.0,0.0,39.5,0.0032663254252424936,0,1,840
841,0,0.13,5074969,121176.0,3.9000000000000004,5076229,121122.0,0.0,-10.920000000000437,-0.0006932065755595444,0,1,841
842,0,0.12,5079107,119429.0,3.5999999999999996,5080367,117458.0,0.0,-240.12000000000043,-0.016754724564385565,0,1,842
843,0,0.07,5081867,117479.0,2.1,5083127,118422.0,0.0,63.91000000000022,0.007771601733075725,0,1,843
844,0,0.1,5088760,118530.0,3.0,5090020,120564.00000000001,0.0,200.40000000000146,0.016907112123513156,0,1,844
845,0,0.09,5092898,120216.00000000001,2.6999999999999997,5094158,120629.0,0.0,34.46999999999825,0.0031859319890861497,0,1,845
846,0,0.09,5095654,119975.0,2.6999999999999997,5096914,119930.0,0.0,-6.750000000001091,-0.0006251302354658231,0,1,846
847,0,0.1,5099553,119183.99999999999,3.0,5100813,119696.0,0.0,48.20000000000073,0.004044167002282247,0,1,847
848,0,0.09,5109208,120221.0,2.6999999999999997,5110468,119398.0,0.0,-76.76999999999971,-0.007095266218048402,0,1,848
849,0,0.11,5113346,119917.0,3.3,5114606,120344.0,0.0,43.66999999999935,0.0033106231810334985,0,1,849
850,0,0.1,5122989,118358.0,3.0,5124249,119167.0,0.0,77.89999999999964,0.006581726625999056,0,1,850
851,0,0.09,5129887,119958.0,2.6999999999999997,5131147,120306.0,0.0,28.61999999999971,0.002650927824738632,0,1,851
852,0,0.1,5140923,122532.0,3.0,5142183,122352.0,0.0,-21.0,-0.0017138380178239154,0,1,852
853,0,0.09,5150577,123160.99999999999,2.6999999999999997,5151837,123395.0,0.0,18.36000000000131,0.0016563684932731514,0,1,853
854,0,0.11,5154710,122240.00000000001,3.3,5155967,121674.0,0.0,-65.56000000000203,-0.004875654450261931,0,1,854
855,0,0.09,5161584,122786.99999999999,2.6999999999999997,5162843,122610.99999999999,0.0,-18.540000000000145,-0.001677702036860593,0,1,855
856,0,0.09,5164341,122300.0,2.6999999999999997,5165599,120980.0,0.0,-121.5000000000011,-0.011038430089942862,0,1,856
857,0,0.11,5175350,122158.99999999999,3.3,5176607,122513.00000000001,0.0,35.64000000000415,0.0026522810435582952,0,1,857
858,0,0.11,5181789,121442.0,3.3,5183046,122007.0,0.0,58.84999999999964,0.0044053951680637395,0,1,858
859,0,0.1,5191411,123733.99999999999,3.0,5192671,124840.00000000001,0.0,107.60000000000218,0.00869607383580925,0,1,859
860,0,0.12,5195543,124307.0,3.5999999999999996,5196803,124579.0,0.0,29.039999999999417,0.0019467930205056443,0,1,860
861,0,0.13,5198296,124239.00000000001,3.9000000000000004,5199556,123828.0,0.0,-57.33000000000211,-0.003549610025837427,0,1,861
862,0,0.11,5220121,128513.00000000001,3.3,5221380,129363.00000000001,0.0,90.2,0.006380677441192719,0,1,862
863,0,0.11,5222878,128790.00000000001,3.3,5224138,128826.0,0.0,0.6599999999991271,4.6587467971054146e-05,0,1,863
864,0,0.11,5227003,128957.0,3.3,5228263,129307.0,0.0,35.2,0.00248144730414014,0,1,864
865,0,0.12,5229756,129224.0,3.5999999999999996,5231015,128058.99999999999,0.0,-143.40000000000109,-0.009247508202810693,0,1,865
866,0,0.13,5236387,128133.99999999999,3.9000000000000004,5237636,129956.0,0.0,232.96000000000058,0.013985359077216075,0,1,866
867,0,0.13,5254270,131020.00000000001,3.9000000000000004,5255530,130568.0,0.0,-62.660000000002036,-0.0036788276598993712,0,1,867
868,0,0.07,5263667,132579.0,2.1,5264927,132830.0,0.0,15.46999999999971,0.0016669306602101073,0,1,868
869,0,0.09,5270499,131415.0,2.6999999999999997,5271759,129020.0,0.0,-218.25000000000108,-0.018452992428566083,0,1,869
870,0,0.1,5277373,128591.00000000001,3.0,5278632,130009.99999999999,0.0,138.89999999999782,0.010801689076218226,0,1,870
871,0,0.11,5284233,129630.0,3.3,5285485,130177.0,0.0,56.870000000000076,0.003988274319216236,0,1,871
872,0,0.12,5288349,130665.00000000001,3.5999999999999996,5289598,131430.0,0.0,88.19999999999746,0.005625071748363975,0,1,872
873,0,0.09,5291087,130908.99999999999,2.6999999999999997,5292345,131236.0,0.0,26.73000000000211,0.0022687515755221072,0,1,873
874,0,0.1,5295212,131625.0,3.0,5296472,130916.00000000001,0.0,-73.89999999999782,-0.0056144349477681155,0,1,874
875,0,0.08,5297961,129093.0,2.4,5299221,129213.00000000001,0.0,7.200000000000363,0.0006971718063721855,0,1,875
876,0,0.1,5311701,129202.0,3.0,5312959,129015.00000000001,0.0,-21.69999999999891,-0.0016795405643874636,0,1,876
877,0,0.1,5315832,127654.00000000001,3.0,5317089,127409.99999999999,0.0,-27.400000000001455,-0.002146427060648429,0,1,877
878,0,0.12,5321326,127148.0,3.5999999999999996,5322585,127577.0,0.0,47.87999999999956,0.0031380753138075027,0,1,878
879,0,0.11,5330935,127057.0,3.3,5332190,127811.99999999999,0.0,79.74999999999746,0.005706100411626096,0,1,879
880,0,0.13,5341929,129673.99999999999,3.9000000000000004,5343187,129624.0,0.0,-10.4,-0.0006169316902385984,0,1,880
881,0,0.12,5344679,128615.00000000001,3.5999999999999996,5345939,127788.00000000001,0.0,-102.83999999999978,-0.00666329743809041,0,1,881
882,0,0.15,5348800,127445.0,4.5,5350057,127376.0,0.0,-14.850000000002183,-0.0007768056808820633,0,1,882
883,0,0.13,5355435,127925.0,3.9000000000000004,5356693,128033.0,0.0,10.140000000000873,0.0006097322649990753,0,1,883
884,0,0.11,5369195,132696.0,3.3,5370455,133290.0,0.0,62.04000000000015,0.004250316512931824,0,1,884
885,0,0.03,5382976,141709.0,0.8999999999999999,5384236,140919.0,0.0,-24.599999999999817,-0.00578650614992692,0,1,885
886,0,0.07,5396539,139573.0,2.1,5397799,141805.0,0.0,154.1399999999998,0.015776690334090383,0,1,886
887,0,0.05,5399299,140456.0,1.5,5400559,141485.0,0.0,49.94999999999982,0.007112547701771347,0,1,887
888,0,0.06,5403434,140501.0,1.7999999999999998,5404694,142632.0,0.0,126.06000000000058,0.014953630223272502,0,1,888
889,0,0.06,5410330,141680.0,1.7999999999999998,5411590,142435.0,0.0,43.500000000001094,0.005117165443252529,0,1,889
890,0,0.06,5413084,141583.0,1.7999999999999998,5414344,141665.0,0.0,3.120000000000073,0.0003672757322559998,0,1,890
891,0,0.03,5431011,150148.0,0.8999999999999999,5432271,151370.0,0.0,35.759999999999856,0.007938833684098324,0,1,891
892,0,0.07,5440663,149748.0,2.1,5441922,152845.0,0.0,214.69000000000088,0.02048107487245247,0,1,892
893,0,0.04,5447560,152746.0,1.2,5448818,152410.0,0.0,-14.639999999999599,-0.0023961347596663084,0,1,893
894,0,0.04,5454225,151802.0,1.2,5455485,150536.0,0.0,-51.83999999999942,-0.008537436924414603,0,1,894
895,0,0.05,5458365,148739.0,1.5,5459625,149571.0,0.0,40.099999999999454,0.0053919953744477845,0,1,895
896,0,0.04,5461123,149681.0,1.2,5462382,148693.0,0.0,-40.71999999999953,-0.006801130403992412,0,1,896
897,0,0.07,5468022,149806.0,2.1,5469282,151645.0,0.0,126.62999999999957,0.012075617799020022,0,1,897
898,0,0.06,5474921,150547.0,1.7999999999999998,5476181,149625.0,0.0,-57.119999999999706,-0.006323606581333372,0,1,898
899,0,0.05,5488716,149309.0,1.5,5489973,148575.0,0.0,-38.20000000000073,-0.005116905210000833,0,1,899
900,0,0.07,5492847,148100.0,2.1,5494106,148948.0,0.0,57.25999999999876,0.005523295070897921,0,1,900
901,0,0.07,5506617,148717.0,2.1,5507877,149630.0,0.0,61.80999999999985,0.005937451669950294,0,1,901
902,0,0.06,5513508,148438.0,1.7999999999999998,5514768,149112.0,0.0,38.64000000000051,0.004338511701855378,0,1,902
903,0,0.05,5516268,146861.0,1.5,5517527,145842.0,0.0,-52.44999999999982,-0.007142808506002249,0,1,903
904,0,0.07,5530037,146505.0,2.1,5531297,146203.0,0.0,-23.23999999999942,-0.002266134261629239,0,1,904
905,0,0.15,5536685,145601.0,4.5,5551542,147645.0,0.0,302.1000000000022,0.01383232258020216,0,1,905
906,0,0.12,5554413,147558.0,3.5999999999999996,5555668,147574.0,0.0,-1.679999999998108,-9.487794629897555e-05,0,1,906
907,0,0.04,5574870,155266.0,1.2,5576130,156020.0,0.0,28.959999999999855,0.004662965491479115,0,1,907
908,0,0.08,5581764,155218.0,2.4,5583024,155699.0,0.0,36.079999999999565,0.0029055908464224157,0,1,908
909,0,0.06,5585661,155655.0,1.7999999999999998,5586921,155880.0,0.0,11.7,0.0012527705502553726,0,1,909
910,0,0.06,5592558,156837.0,1.7999999999999998,5593818,157690.0,0.0,49.380000000000294,0.005247486243679775,0,1,910
911,0,0.05,5595318,157511.0,1.5,5596578,158673.0,0.0,56.600000000000364,0.007186799652087837,0,1,911
912,0,0.05,5599455,155403.0,1.5,5600715,155690.0,0.0,12.849999999999454,0.0016537647278365866,0,1,912
913,0,0.08,5606352,156699.0,2.4,5607612,156705.0,0.0,-1.9200000000004365,-0.0001531598797695292,0,1,913
914,0,0.02,5619907,163976.0,0.6,5621167,163601.0,0.0,-8.1,-0.0024698736400448843,0,1,914
915,0,0.02,5622667,164563.0,0.6,5623927,157822.0,0.0,-135.42000000000016,-0.04114533643650157,0,1,915
916,0,0.02,5633698,165295.0,0.6,5634958,163631.0,0.0,-33.8800000000002,-0.010248343870050577,0,1,916
917,0,0.01,5636458,157689.0,0.3,5637718,152365.0,0.0,-53.540000000000006,-0.033952907304884934,0,1,917
918,0,0.01,5643358,146732.0,0.3,5644618,148915.0,0.0,21.530000000000154,0.014673009295859223,0,1,918
919,0,0.02,5654371,157556.0,0.6,5655631,158875.0,0.0,25.780000000000108,0.008181218106578013,0,1,919
920,0,0.02,5661270,164731.0,0.6,5662529,164572.0,0.0,-3.7799999999998364,-0.001147325032932428,0,1,920
921,0,0.02,5669548,170864.0,0.6,5670808,168370.0,0.0,-50.48000000000011,-0.014771982395355402,0,1,921
922,0,0.02,5673688,168551.0,0.6,5674948,171785.0,0.0,64.0800000000003,0.01900908330416322,0,1,922
923,0,0.03,5680587,170459.0,0.8999999999999999,5681847,171502.0,0.0,30.389999999999965,0.005942778028734176,0,1,923
924,0,0.03,5683347,168899.00000000003,0.8999999999999999,5684607,169879.0,0.0,28.499999999999638,0.005624663260291582,0,1,924
925,0,0.04,5704045,172722.0,1.2,5705305,173512.0,0.0,30.400000000000365,0.004400134319889818,0,1,925
926,0,0.04,5707945,171095.0,1.2,5709205,171341.0,0.0,8.640000000000146,0.0012624565299979758,0,1,926
927,0,0.04,5714845,173060.0,1.2,5716105,169745.0,0.0,-133.80000000000035,-0.019328556569975782,0,1,927
928,0,0.03,5724504,172893.0,0.8999999999999999,5725764,173115.0,0.0,5.759999999999854,0.0011105134389477603,0,1,928
929,0,0.04,5728644,172543.0,1.2,5729904,172910.0,0.0,13.480000000000292,0.0019531363196421026,0,1,929
930,0,0.05,5731404,172324.0,1.5,5732664,174420.0,0.0,103.29999999999927,0.01198904389405994,0,1,930
931,0,0.05,5751862,180316.0,1.5,5753121,179917.0,0.0,-21.450000000000728,-0.0023791565917612107,0,1,931
932,0,0.06,5758755,179730.0,1.7999999999999998,5760014,181006.0,0.0,74.7599999999995,0.006932621153953105,0,1,932
933,0,0.03,5772554,195625.0,0.8999999999999999,5773814,197389.0,0.0,52.020000000000074,0.008863897763578288,0,1,933
934,0,0.01,5783594,192682.0,0.3,5784854,190790.0,0.0,-19.219999999999846,-0.009974984689799694,0,1,934
935,0,0.03,5797394,192811.0,0.8999999999999999,5798654,195212.0,0.0,71.12999999999974,0.012297016249072881,0,1,935
936,0,0.02,5800154,192728.0,0.6,5801414,196328.0,0.0,71.4,0.018523515005603754,0,1,936
937,0,0.03,5804294,197127.0,0.8999999999999999,5805554,194361.0,0.0,-83.87999999999957,-0.014183749562464735,0,1,937
938,0,0.02,5807054,193099.0,0.6,5808314,193478.0,0.0,6.979999999999928,0.0018073630624705274,0,1,938
939,0,0.03,5813714,194526.0,0.8999999999999999,5814974,194224.0,0.0,-9.9600000000004,-0.0017067127273475697,0,1,939
940,0,0.04,5817850,195463.0,1.2,5819110,195822.0,0.0,13.159999999999673,0.0016831830065024676,0,1,940
941,0,0.04,5820610,194598.0,1.2,5821870,195059.0,0.0,17.24000000000051,0.0022148223517200216,0,1,941
942,0,0.03,5824750,189860.0,0.8999999999999999,5826010,186195.0,0.0,-110.85000000000073,-0.0194617086274098,0,1,942
943,0,0.03,5838549,187578.0,0.8999999999999999,5839809,188703.0,0.0,32.85,0.005837571570226786,0,1,943
944,0,0.04,5845449,189199.0,1.2,5846709,189908.0,0.0,27.159999999999673,0.003588813894365149,0,1,944
945,0,0.05,5855109,190650.0,1.5,5856369,190366.0,0.0,-15.699999999998909,-0.0016469971151323272,0,1,945
946,0,0.06,5859249,190466.0,1.7999999999999998,5860509,187689.0,0.0,-168.419999999999,-0.014737538458307432,0,1,946
947,0,0.04,5862009,186649.0,1.2,5863269,187759.0,0.0,43.20000000000054,0.005786261914074083,0,1,947
948,0,0.03,5873049,187655.0,0.8999999999999999,5874309,186366.0,0.0,-39.57000000000007,-0.007028856145586329,0,1,948
949,0,0.04,5879948,188252.0,1.2,5881208,187019.0,0.0,-50.51999999999971,-0.00670909206807892,0,1,949
950,0,0.04,5882706,186304.0,1.2,5883966,187282.0,0.0,37.91999999999989,0.0050884575747165775,0,1,950
951,0,0.04,5886846,180901.0,1.2,5888106,180661.0,0.0,-10.799999999999454,-0.0014925290628575096,0,1,951
952,0,0.05,5889366,180915.0,1.5,5904227,183918.0,0.0,148.64999999999964,0.016433131581129218,0,1,952
953,0,0.03,5914005,186418.0,0.8999999999999999,5915265,187234.0,0.0,23.579999999999565,0.004216331040993818,0,1,953
954,0,0.04,5919328,187864.0,1.2,5920588,189313.0,0.0,56.76000000000003,0.007553336456159779,0,1,954
955,0,0.03,5927608,191639.0,0.8999999999999999,5928868,184768.0,0.0,-207.03000000000011,-0.036010415416486224,0,1,955
956,0,0.03,5934507,184681.0,0.8999999999999999,5935767,182556.0,0.0,-64.65,-0.011668769391545424,0,1,956
957,0,0.05,5945307,185121.0,1.5,5946567,184065.0,0.0,-54.30000000000109,-0.0058664333057839016,0,1,957
958,0,0.03,5948067,184380.0,0.8999999999999999,5949327,184166.0,0.0,-7.320000000000073,-0.0013233539429439334,0,1,958
959,0,0.03,5952207,183640.0,0.8999999999999999,5953467,183282.0,0.0,-11.639999999999782,-0.002112829448921764,0,1,959
960,0,0.03,5954967,179580.0,0.8999999999999999,5956227,181107.0,0.0,44.9100000000004,0.008336117607751495,0,1,960
961,0,0.04,5959107,183604.0,1.2,5960367,184242.0,0.0,24.320000000000437,0.0033114746955404616,0,1,961
962,0,0.05,5961867,182662.99999999997,1.5,5963127,182129.0,0.0,-28.19999999999891,-0.003087653219316327,0,1,962
963,0,0.03,5965767,178829.0,0.8999999999999999,5967027,177452.0,0.0,-42.2100000000004,-0.007867851411124668,0,1,963
964,0,0.04,5968527,177142.0,1.2,5969787,178186.0,0.0,40.560000000000215,0.005724221246231867,0,1,964
965,0,0.04,5972667,180570.0,1.2,5973927,180257.0,0.0,-13.720000000000436,-0.0018995403444648108,0,1,965
966,0,0.03,5975426,176979.0,0.8999999999999999,5976686,172680.0,0.0,-129.87000000000026,-0.024460529215330682,0,1,966
967,0,0.02,5982326,169411.0,0.6,5983586,169793.0,0.0,7.039999999999873,0.0020777871566781,0,1,967
968,0,0.04,5989226,172260.0,1.2,5990486,172343.0,0.0,2.119999999999709,0.0003076744456054378,0,1,968
969,0,0.05,5993366,173175.0,1.5,5994626,174506.0,0.0,65.05000000000109,0.007512631730908167,0,1,969
970,0,0.04,5996126,173485.0,1.2,5997386,174250.0,0.0,29.399999999999455,0.004236677522552303,0,1,970
971,0,0.06,6000266,172675.0,1.7999999999999998,6001526,173295.0,0.0,35.39999999999891,0.003416823512378641,0,1,971
972,0,0.05,6003026,172781.0,1.5,6004286,173167.0,0.0,17.799999999999272,0.002060411735086528,0,1,972
973,0,0.05,6007163,168330.0,1.5,6008423,170782.0,0.0,121.10000000000036,0.01438840373076699,0,1,973
974,0,0.05,6029239,178371.0,1.5,6030499,177629.0,0.0,-38.600000000000364,-0.004328057812088328,0,1,974
975,0,0.07,6033378,177538.0,2.1,6034638,178178.0,0.0,42.69999999999927,0.0034358841487455616,0,1,975
976,0,0.04,6036138,177185.0,1.2,6037398,176836.0,0.0,-15.160000000000036,-0.002139007252306916,0,1,976
977,0,0.04,6040278,177863.0,1.2,6041538,178592.0,0.0,27.959999999999855,0.003929991060535335,0,1,977
978,0,0.05,6063735,189616.0,1.5,6064995,190380.0,0.0,36.69999999999891,0.003870981351784544,0,1,978
979,0,0.05,6067635,189915.0,1.5,6068895,190888.0,0.0,47.149999999999636,0.004965379248611183,0,1,979
980,0,0.05,6070395,187159.0,1.5,6071655,189185.0,0.0,99.79999999999927,0.010664728920329694,0,1,980
981,0,0.05,6074534,189264.0,1.5,6075794,188976.0,0.0,-15.899999999999636,-0.001680192746639576,0,1,981
982,0,0.05,6081433,185982.0,1.5,6082693,182793.0,0.0,-160.95000000000073,-0.017308126592896163,0,1,982
983,0,0.03,6084193,177584.0,0.8999999999999999,6085453,176177.0,0.0,-43.110000000000035,-0.008091945220290123,0,1,983
984,0,0.04,6088333,177899.0,1.2,6089593,177513.0,0.0,-16.6399999999996,-0.002338405499749802,0,1,984
985,0,0.05,6091093,177612.0,1.5,6092353,177928.0,0.0,14.299999999999272,0.0016102515595792257,0,1,985
986,0,0.04,6095233,176147.0,1.2,6096493,176969.0,0.0,31.68000000000011,0.004496244613873655,0,1,986
987,0,0.05,6101893,179531.0,1.5,6103153,180338.0,0.0,38.849999999998545,0.00432794336354151,0,1,987
988,0,0.04,6104653,180296.0,1.2,6105913,180801.0,0.0,18.99999999999982,0.0026345565070772254,0,1,988
989,0,0.05,6108793,180750.0,1.5,6110053,182737.0,0.0,97.85000000000036,0.010827109266943332,0,1,989
990,0,0.05,6115693,180939.0,1.5,6116953,180352.0,0.0,-30.850000000000364,-0.0034099890018183324,0,1,990
991,0,0.08,6129491,181060.0,2.4,6130751,181180.0,0.0,7.1999999999985445,0.0004970727935489992,0,1,991
992,0,0.06,6132251,180401.0,1.7999999999999998,6133510,175999.0,0.0,-265.919999999999,-0.024567491311023683,0,1,992
993,0,0.05,6136386,172870.0,1.5,6137646,175270.0,0.0,118.5,0.013709724070110488,0,1,993
994,0,0.06,6143285,178625.0,1.7999999999999998,6144545,178635.0,0.0,-1.199999999999636,-0.00011196641007694295,0,1,994
995,0,0.05,6146045,178081.0,1.5,6147305,178237.0,0.0,6.299999999999272,0.0007075431966351572,0,1,995
996,0,0.07,6150185,180242.0,2.1,6151443,179077.0,0.0,-83.64999999999927,-0.006629975255489783,0,1,996
997,0,0.08,6159841,180898.0,2.4,6161101,182844.0,0.0,153.28000000000029,0.010591604108392595,0,1,997
998,0,0.06,6163741,179516.0,1.7999999999999998,6165001,178863.0,0.0,-40.98000000000029,-0.003804674792219105,0,1,998
999,0,0.05,6173401,175372.0,1.5,6174661,175145.0,0.0,-12.850000000000364,-0.001465456287206665,0,1,999
1000,0,0.04,6180301,174461.0,1.2,6181561,174667.0,0.0,7.0399999999997815,0.0010088214557981126,0,1,1000
1001,0,0.05,6184441,173442.99999999997,1.5,6185701,172574.0,0.0,-44.94999999999891,-0.005183259053406469,0,1,1001
1002,0,0.06,6191341,175961.0,1.7999999999999998,6192601,176431.0,0.0,26.399999999998908,0.002500554100056159,0,1,1002
1003,0,0.06,6194101,175515.0,1.7999999999999998,6195361,175705.0,0.0,9.599999999999635,0.0009116029968948177,0,1,1003
1004,0,0.06,6205136,176894.0,1.7999999999999998,6206396,178522.0,0.0,95.8800000000003,0.009033658575191951,0,1,1004
1005,0,0.05,6207896,178367.99999999997,1.5,6209156,179409.0,0.0,50.55000000000109,0.005668057050592157,0,1,1005
1006,0,0.06,6212035,179200.0,1.7999999999999998,6213295,179810.0,0.0,34.80000000000037,0.003236607142857177,0,1,1006
1007,0,0.07,6218935,178690.0,2.1,6220195,177334.0,0.0,-97.02000000000007,-0.007756449717387659,0,1,1007
1008,0,0.05,6232735,185021.0,1.5,6233995,186672.0,0.0,81.04999999999927,0.008761167651239509,0,1,1008
1009,0,0.06,6235495,185946.0,1.7999999999999998,6236755,184694.0,0.0,-76.9200000000008,-0.0068944747399783445,0,1,1009
1010,0,0.04,6239635,179071.0,1.2,6240895,178805.0,0.0,-11.840000000000327,-0.0016529756353625554,0,1,1010
1011,0,0.03,6246080,177313.0,0.8999999999999999,6247340,177839.0,0.0,14.880000000000654,0.0027973132257647316,0,1,1011
1012,0,0.04,6248840,176888.0,1.2,6250100,178280.0,0.0,54.47999999999938,0.0076997874361176815,0,1,1012
1013,0,0.06,6255740,177622.0,1.7999999999999998,6257000,178266.0,0.0,36.83999999999942,0.003456779002600975,0,1,1013
1014,0,0.06,6259877,177237.0,1.7999999999999998,6261137,177786.0,0.0,31.14000000000051,0.0029282824692361555,0,1,1014
1015,0,0.07,6266777,179045.0,2.1,6268037,180486.0,0.0,98.76999999999899,0.007880700382585301,0,1,1015
1016,0,0.07,6272294,180642.0,2.1,6273554,180428.0,0.0,-17.079999999999565,-0.0013507379236279147,0,1,1016
1017,0,0.05,6281954,179126.0,1.5,6283214,179572.0,0.0,20.799999999999272,0.0023223875930908156,0,1,1017
1018,0,0.07,6288854,182073.0,2.1,6290114,181630.0,0.0,-33.11000000000022,-0.0025978591004707074,0,1,1018
1019,0,0.05,6292753,181417.0,1.5,6294013,184245.0,0.0,139.89999999999964,0.015423030917719908,0,1,1019
1020,0,0.06,6295513,183885.0,1.7999999999999998,6296773,183186.0,0.0,-43.74000000000051,-0.003964434293172409,0,1,1020
1021,0,0.04,6302413,179716.0,1.2,6303673,178871.0,0.0,-35.000000000000185,-0.00486879298448666,0,1,1021
1022,0,0.06,6306553,180058.0,1.7999999999999998,6307813,180762.0,0.0,40.439999999999785,0.0037432382898843508,0,1,1022
1023,0,0.06,6309313,180561.0,1.7999999999999998,6310573,180799.0,0.0,12.479999999998835,0.0011519652638165528,0,1,1023
1024,0,0.05,6316213,182671.0,1.5,6317473,186113.0,0.0,170.59999999999854,0.018678389016318794,0,1,1024
1025,0,0.04,6320353,185285.0,1.2,6321613,187225.0,0.0,76.39999999999945,0.01030844374881931,0,1,1025
1026,0,0.04,6327101,189815.0,1.2,6328361,190918.0,0.0,42.91999999999989,0.005652872533782879,0,1,1026
1027,0,0.01,6329861,190640.0,0.3,6331121,189070.0,0.0,-16.000000000000046,-0.008392782207301745,0,1,1027
1028,0,0.02,6347801,191598.0,0.6,6349061,192774.0,0.0,22.91999999999998,0.005981273290952927,0,1,1028
1029,0,0.04,6354701,192041.0,1.2,6355961,194665.0,0.0,103.76000000000003,0.013507532245718367,0,1,1029
1030,0,0.03,6361600,191958.0,0.8999999999999999,6362860,193420.0,0.0,42.959999999999674,0.0074599652007209345,0,1,1030
1031,0,0.03,6368500,192271.0,0.8999999999999999,6369760,192472.0,0.0,5.129999999999745,0.0008893696917371392,0,1,1031
1032,0,0.04,6380917,194973.0,1.2,6382177,195766.0,0.0,30.520000000000255,0.003913362362993883,0,1,1032
1033,0,0.04,6383677,195118.0,1.2,6384937,193268.0,0.0,-75.2,-0.009635195112701032,0,1,1033
1034,0,0.03,6397477,187784.0,0.8999999999999999,6398737,188091.0,0.0,8.310000000000036,0.001475099049972315,0,1,1034
1035,0,0.03,6401617,183840.0,0.8999999999999999,6402877,185296.0,0.0,42.78000000000029,0.007756744995648443,0,1,1035
1036,0,0.03,6404377,181907.0,0.8999999999999999,6405637,180959.0,0.0,-29.340000000000508,-0.005376373641476232,0,1,1036
1037,0,0.04,6408517,181421.0,1.2,6409777,181599.0,0.0,5.919999999999891,0.0008157820759448866,0,1,1037
1038,0,0.05,6422164,183769.0,1.5,6423424,184714.0,0.0,45.75,0.004979076993399322,0,1,1038
1039,0,0.06,6431824,184647.0,1.7999999999999998,6433084,187192.0,0.0,150.90000000000072,0.013620584141632476,0,1,1039
1040,0,0.04,6435964,180862.0,1.2,6437224,183152.0,0.0,90.39999999999945,0.012495714965000864,0,1,1040
1041,0,0.05,6442713,183107.0,1.5,6443973,183762.0,0.0,31.25,0.003413304789003151,0,1,1041
1042,0,0.04,6445473,182414.0,1.2,6446733,182409.0,0.0,-1.399999999999818,-0.00019187123795320231,0,1,1042
1043,0,0.06,6449613,181956.0,1.7999999999999998,6450873,181829.0,0.0,-9.419999999998982,-0.0008628459627601346,0,1,1043
1044,0,0.04,6452373,180614.0,1.2,6453633,180529.0,0.0,-4.600000000000546,-0.0006367169765356707,0,1,1044
1045,0,0.04,6456362,176796.0,1.2,6457622,173955.0,0.0,-114.84000000000033,-0.01623905518224399,0,1,1045
1046,0,0.05,6459122,173965.0,1.5,6460382,174125.0,0.0,6.5,0.0007472767510706177,0,1,1046
1047,0,0.05,6463262,172555.0,1.5,6464522,173295.0,0.0,35.5,0.004114630117933412,0,1,1047
1048,0,0.04,6466022,171030.0,1.2,6467282,170538.0,0.0,-20.87999999999938,-0.0030520961234870173,0,1,1048
1049,0,0.06,6477060,171808.0,1.7999999999999998,6478320,173429.0,0.0,95.46000000000022,0.009260337120506635,0,1,1049
1050,0,0.04,6483959,175949.0,1.2,6485219,176509.0,0.0,21.200000000000546,0.003012236500349611,0,1,1050
1051,0,0.05,6493617,178771.0,1.5,6494877,180140.0,0.0,66.94999999999891,0.0074900291434291805,0,1,1051
1052,0,0.07,6497757,177510.0,2.1,6499017,176438.0,0.0,-77.13999999999905,-0.006208100952058962,0,1,1052
1053,0,0.06,6500517,175722.0,1.7999999999999998,6501777,174635.0,0.0,-67.01999999999934,-0.00635663149747891,0,1,1053
1054,0,0.06,6511554,172279.0,1.7999999999999998,6512814,171000.0,0.0,-78.53999999999978,-0.007598140226028688,0,1,1054
1055,0,0.04,6514314,169545.0,1.2,6515574,170955.0,0.0,55.19999999999963,0.008139432009201043,0,1,1055
1056,0,0.05,6518303,170029.0,1.5,6519563,171716.0,0.0,82.85000000000036,0.009745396373559846,0,1,1056
1057,0,0.05,6521063,170912.99999999997,1.5,6522323,171554.0,0.0,30.55000000000109,0.0035749182332533037,0,1,1057
1058,0,0.04,6525203,170185.0,1.2,6526463,169547.0,0.0,-26.720000000000436,-0.0039251402885096265,0,1,1058
1059,0,0.04,6527963,166251.0,1.2,6529223,167310.0,0.0,41.16000000000058,0.006189436454517654,0,1,1059
1060,0,0.06,6532103,166514.0,1.7999999999999998,6533363,167232.0,0.0,41.27999999999993,0.004131784714798748,0,1,1060
1061,0,0.04,6539003,162986.0,1.2,6540263,166049.0,0.0,121.31999999999952,0.01860896027879688,0,1,1061
1062,0,0.05,6548663,171172.99999999997,1.5,6549923,169553.0,0.0,-82.5,-0.00963937069514468,0,1,1062
1063,0,0.04,6552799,166604.0,1.2,6554059,167503.0,0.0,34.76000000000003,0.005215961201411736,0,1,1063
1064,0,0.03,6555558,166546.0,0.8999999999999999,6556818,164279.0,0.0,-68.91000000000022,-0.013791985397427783,0,1,1064
1065,0,0.05,6559690,165245.0,1.5,6560950,162938.0,0.0,-116.84999999999945,-0.014142636690973943,0,1,1065
1066,0,0.04,6562449,162655.0,1.2,6563709,165494.0,0.0,112.3600000000004,0.017269681227137255,0,1,1066
1067,0,0.05,6569347,166212.99999999997,1.5,6570607,164494.0,0.0,-87.44999999999891,-0.01052264263324757,0,1,1067
1068,0,0.05,6576241,163012.0,1.5,6577500,168055.0,0.0,250.64999999999964,0.030752337251245262,0,1,1068
1069,0,0.05,6590035,175990.0,1.5,6591295,174842.0,0.0,-58.899999999999636,-0.006693562134212129,0,1,1069
1070,0,0.07,6594171,174095.0,2.1,6595431,175100.0,0.0,68.25000000000037,0.005600390591343836,0,1,1070
1071,0,0.05,6600720,174875.0,1.5,6601980,176980.0,0.0,103.75,0.011865618298784845,0,1,1071
1072,0,0.06,6607618,177081.0,1.7999999999999998,6608878,178695.0,0.0,95.04000000000015,0.008945059040777964,0,1,1072
1073,0,0.04,6617274,177645.0,1.2,6618534,179204.0,0.0,61.15999999999967,0.008607053393002852,0,1,1073
1074,0,0.05,6624174,179342.99999999997,1.5,6625434,179770.0,0.0,19.850000000000364,0.0022136353244899846,0,1,1074
1075,0,0.04,6635205,183271.0,1.2,6636465,186680.0,0.0,135.15999999999968,0.0184371777313377,0,1,1075
1076,0,0.05,6646003,190856.0,1.5,6647263,190334.0,0.0,-27.600000000000364,-0.0028922328876221193,0,1,1076
1077,0,0.04,6655661,193064.0,1.2,6656921,192655.0,0.0,-17.56000000000058,-0.0022738573737207065,0,1,1077
1078,0,0.03,6662561,191504.0,0.8999999999999999,6663821,186461.0,0.0,-152.18999999999997,-0.026490308296432445,0,1,1078
1079,0,0.04,6669460,186231.0,1.2,6670720,186412.0,0.0,6.040000000000691,0.0008108209696560577,0,1,1079
1080,0,0.03,6673599,185482.0,0.8999999999999999,6674859,183736.0,0.0,-53.28000000000011,-0.009575053104883512,0,1,1080
1081,0,0.04,6676359,183426.0,1.2,6677619,184167.0,0.0,28.440000000000328,0.0038762225638677627,0,1,1081
1082,0,0.05,6680348,183542.0,1.5,6681608,182463.0,0.0,-55.45000000000073,-0.006042213771235001,0,1,1082
1083,0,0.05,6683107,182312.0,1.5,6684367,181081.0,0.0,-63.04999999999927,-0.0069167142042212545,0,1,1083
1084,0,0.05,6694141,181386.0,1.5,6695401,181329.0,0.0,-4.350000000000364,-0.0004796401045285042,0,1,1084
1085,0,0.03,6701039,190410.0,0.8999999999999999,6702299,191664.0,0.0,36.71999999999989,0.00642823381124939,0,1,1085
1086,0,0.03,6703799,191986.0,0.8999999999999999,6705059,197620.0,0.0,168.11999999999952,0.029189628410404844,0,1,1086
1087,0,0.03,6707937,194084.0,0.8999999999999999,6709197,197261.0,0.0,94.4100000000004,0.016214628717462612,0,1,1087
1088,0,0.04,6743805,198660.0,1.2,6745065,198908.0,0.0,8.720000000000073,0.001097352260142967,0,1,1088
1089,0,0.04,6757605,201580.0,1.2,6758865,201082.0,0.0,-21.120000000000072,-0.002619307470979273,0,1,1089
1090,0,0.05,6761745,198983.00000000003,1.5,6763005,198289.0,0.0,-36.20000000000073,-0.0036385017815593014,0,1,1090
1091,0,0.05,6764505,195837.0,1.5,6765765,197606.0,0.0,86.95000000000073,0.008879833739283253,0,1,1091
1092,0,0.04,6771401,194204.0,1.2,6772661,194730.0,0.0,19.839999999999964,0.0025540153652859835,0,1,1092
1093,0,0.04,6789186,194390.0,1.2,6790446,194480.0,0.0,2.399999999999454,0.000308657852770134,0,1,1093
1094,0,0.06,6795930,193638.0,1.7999999999999998,6797190,193347.0,0.0,-19.259999999999128,-0.001657732469866377,0,1,1094
1095,0,0.05,6798689,191351.0,1.5,6799948,191901.0,0.0,26.0,0.0027175191140887687,0,1,1095
1096,0,0.05,6802824,191474.0,1.5,6804083,190921.0,0.0,-29.149999999999636,-0.0030447998161629917,0,1,1096
1097,0,0.05,6805583,190801.0,1.5,6806843,191990.0,0.0,57.94999999999891,0.006074391643649551,0,1,1097
1098,0,0.05,6812315,191076.0,1.5,6813573,192463.0,0.0,67.84999999999854,0.0071018861604804934,0,1,1098
1099,0,0.06,6826104,197045.0,1.7999999999999998,6827362,196235.0,0.0,-50.39999999999854,-0.004262985612423435,0,1,1099
1100,0,0.04,6833002,194676.0,1.2,6834262,195899.0,0.0,47.72000000000007,0.006128130843041781,0,1,1100
1101,0,0.05,6837142,195107.0,1.5,6838402,193516.0,0.0,-81.04999999999927,-0.0083082616205466,0,1,1101
1102,0,0.06,6839902,193532.0,1.7999999999999998,6841162,194122.0,0.0,33.59999999999964,0.0028935783229646467,0,1,1102
1103,0,0.07,6844040,192486.0,2.1,6845297,191541.0,0.0,-68.24999999999963,-0.005065303450640538,0,1,1103
1104,0,0.06,6846794,191244.0,1.7999999999999998,6848051,191345.0,0.0,4.259999999999491,0.00037125347723322835,0,1,1104
1105,0,0.06,6850929,190127.0,1.7999999999999998,6852188,189216.0,0.0,-56.45999999999985,-0.004949323347025923,0,1,1105
1106,0,0.06,6853688,188971.0,1.7999999999999998,6854947,188916.0,0.0,-5.100000000001091,-0.0004498044673522296,0,1,1106
1107,0,0.08,6860556,191674.0,2.4,6861815,191428.0,0.0,-22.08000000000029,-0.0014399449064557718,0,1,1107
1108,0,0.09,6867437,193990.0,2.6999999999999997,6868696,194049.0,0.0,2.61000000000131,0.00014949224186821256,0,1,1108
1109,0,0.09,6871416,192622.0,2.6999999999999997,6872674,191663.0,0.0,-89.01000000000131,-0.0051344083230369045,0,1,1109
1110,0,0.09,6878293,191333.00000000003,2.6999999999999997,6879551,190872.0,0.0,-44.190000000001604,-0.002566206561335566,0,1,1110
1111,0,0.1,6885185,193167.0,3.0,6886443,193296.0,0.0,9.900000000001455,0.0005125099007595218,0,1,1111
1112,0,0.07,6887941,191995.0,2.1,6889200,192534.0,0.0,35.62999999999956,0.002651110706007936,0,1,1112
1113,0,0.08,6892075,190072.0,2.4,6893335,187661.0,0.0,-195.2799999999992,-0.012842501788795773,0,1,1113
1114,0,0.05,6894835,186412.99999999997,1.5,6896094,184804.0,0.0,-81.94999999999891,-0.00879230525768041,0,1,1114
1115,0,0.05,6898972,182242.99999999997,1.5,6900232,182320.0,0.0,2.350000000000364,0.00025789742267196697,0,1,1115
1116,0,0.06,6901730,182098.99999999997,1.7999999999999998,6902989,182934.0,0.0,48.30000000000037,0.00442067227167643,0,1,1116
1117,0,0.07,6908624,186955.0,2.1,6909884,192838.0,0.0,409.7100000000013,0.03130699901045716,0,1,1117
1118,0,0.04,6919659,197035.0,1.2,6920919,198072.0,0.0,40.27999999999956,0.005110767122592377,0,1,1118
1119,0,0.04,6926558,198463.0,1.2,6927818,197840.0,0.0,-26.120000000000072,-0.0032902858467321453,0,1,1119
1120,0,0.06,6929317,198476.0,1.7999999999999998,6930577,199259.0,0.0,45.179999999999566,0.0037939095910840244,0,1,1120
1121,0,0.06,6933457,196880.0,1.7999999999999998,6934717,194962.0,0.0,-116.87999999999992,-0.009894351889475817,0,1,1121
1122,0,0.08,6949800,199407.0,2.4,6957702,207075.0,0.0,611.0400000000005,0.03830357008530296,0,1,1122
1123,0,0.03,6960581,201886.0,0.8999999999999999,6961841,202642.0,0.0,21.780000000000292,0.0035960888818442572,0,1,1123
1124,0,0.04,6963341,202802.0,1.2,6964601,200267.0,0.0,-102.59999999999964,-0.012647804262285338,0,1,1124
1125,0,0.05,6967481,198244.0,1.5,6968741,202387.0,0.0,205.64999999999964,0.020747160065373946,0,1,1125
1126,0,0.05,6982657,206664.0,1.5,6983917,206311.0,0.0,-19.149999999999636,-0.001853249719351182,0,1,1126
1127,0,0.04,6985416,205946.99999999997,1.2,6986676,204095.0,0.0,-75.27999999999902,-0.009138273439282805,0,1,1127
1128,0,0.05,6992316,203067.0,1.5,6993576,202348.0,0.0,-37.44999999999891,-0.003688437806241182,0,1,1128
1129,0,0.05,6999064,202806.0,1.5,7000324,200605.0,0.0,-111.55000000000109,-0.011000660729958787,0,1,1129
1130,0,0.06,7022522,203420.0,1.7999999999999998,7023782,202504.0,0.0,-56.759999999999124,-0.004650476845934448,0,1,1130
1131,0,0.05,7026660,199142.0,1.5,7027919,199094.0,0.0,-3.899999999999636,-0.0003916803085235295,0,1,1131
1132,0,0.07,7036156,202466.0,2.1,7037415,203646.0,0.0,80.50000000000037,0.00567996601898593,0,1,1132
1133,0,0.08,7040294,203008.0,2.4,7041554,203364.0,0.0,26.079999999999565,0.0016058480453971988,0,1,1133
1134,0,0.03,7054088,215866.0,0.8999999999999999,7055348,217253.00000000003,0.0,40.71000000000149,0.006286307246162201,0,1,1134
1135,0,0.05,7056847,216131.0,1.5,7058107,215705.00000000003,0.0,-22.799999999999272,-0.002109831537354592,0,1,1135
1136,0,0.03,7063743,218103.00000000003,0.8999999999999999,7065003,216394.99999999997,0.0,-52.14000000000251,-0.007968712030554752,0,1,1136
1137,0,0.04,7067883,217826.00000000003,1.2,7069142,219323.99999999997,0.0,58.71999999999825,0.006739324047634149,0,1,1137
1138,0,0.03,7076161,228957.00000000003,0.8999999999999999,7077421,232316.0,0.0,99.86999999999861,0.014539848093746657,0,1,1138
1139,0,0.03,7089960,237902.0,0.8999999999999999,7091220,238744.99999999997,0.0,24.389999999999056,0.0034173735403652283,0,1,1139
1140,0,0.02,7094100,232171.99999999997,0.6,7095360,231889.0,0.0,-6.259999999999854,-0.0013481384490808225,0,1,1140
1141,0,0.03,7101000,229121.99999999997,0.8999999999999999,7102260,230980.00000000003,0.0,54.8400000000016,0.007978282312480049,0,1,1141
1142,0,0.03,7103760,230380.00000000003,0.8999999999999999,7105020,230126.00000000003,0.0,-8.519999999999891,-0.001232745898081415,0,1,1142
1143,0,0.04,7107900,231432.0,1.2,7109159,230813.0,0.0,-25.960000000000218,-0.0028042794427737107,0,1,1143
1144,0,0.04,7117557,237821.99999999997,1.2,7118817,241636.0,0.0,151.36000000000132,0.01591105953191897,0,1,1144
1145,0,0.03,7121697,242180.00000000003,0.8999999999999999,7122956,237906.0,0.0,-129.12000000000117,-0.0177719051944836,0,1,1145
1146,0,0.02,7124454,233082.0,0.6,7125714,233382.00000000003,0.0,5.4,0.0011583906093134604,0,1,1146
1147,0,0.03,7135343,232761.0,0.8999999999999999,7136603,235396.0,0.0,78.15000000000018,0.011191737447424637,0,1,1147
1148,0,0.03,7145003,230282.00000000003,0.8999999999999999,7146263,233229.0,0.0,87.50999999999894,0.012667077756837114,0,1,1148
1149,0,0.04,7155891,232051.00000000003,1.2,7157151,229866.0,0.0,-88.60000000000146,-0.009545315469444373,0,1,1149
1150,0,0.06,7165397,235728.00000000006,1.7999999999999998,7166657,238867.0,0.0,186.5399999999965,0.013188929613791917,0,1,1150
1151,0,0.03,7179197,244421.0,0.8999999999999999,7180457,239863.0,0.0,-137.6400000000007,-0.018770891208202335,0,1,1151
1152,0,0.02,7186097,236311.0,0.6,7187357,238634.0,0.0,45.860000000000035,0.009703314699696593,0,1,1152
1153,0,0.02,7197137,238842.99999999997,0.6,7198397,238553.00000000003,0.0,-6.399999999999272,-0.00133979224846432,0,1,1153
1154,0,0.04,7204037,246544.99999999997,1.2,7205297,244707.00000000003,0.0,-74.71999999999862,-0.007576710134052467,0,1,1154
1155,0,0.03,7206797,245467.99999999997,0.8999999999999999,7208057,250776.00000000003,0.0,158.3400000000016,0.021501784346636032,0,1,1155
1156,0,0.03,7213697,248498.0,0.8999999999999999,7214957,251071.0,0.0,76.2900000000005,0.010233482764448876,0,1,1156
1157,0,0.03,7224584,249296.0,0.8999999999999999,7225844,249328.00000000003,0.0,0.06000000000003647,8.022591618001154e-06,0,1,1157
1158,0,0.03,7238383,257056.0,0.8999999999999999,7239643,254875.0,0.0,-66.32999999999939,-0.008601238640607415,0,1,1158
1159,0,0.02,7259081,262186.0,0.6,7260341,260905.00000000003,0.0,-26.219999999999892,-0.005000266986032796,0,1,1159
1160,0,0.03,7282473,274599.0,0.8999999999999999,7283733,273403.0,0.0,-36.7799999999992,-0.004464692151100235,0,1,1160
1161,0,0.03,7293513,259880.00000000003,0.8999999999999999,7294773,257369.99999999997,0.0,-76.200000000002,-0.009773741726951156,0,1,1161
1162,0,0.02,7296273,256673.99999999997,0.6,7297533,256209.0,0.0,-9.899999999999272,-0.0019285163281047696,0,1,1162
1163,0,0.04,7309921,263861.0,1.2,7315185,264988.0,0.0,43.879999999999924,0.004157492012840086,0,1,1163
1164,0,0.03,7316685,263363.0,0.8999999999999999,7317945,263172.0,0.0,-6.629999999999564,-0.0008391459696312142,0,1,1164
1165,0,0.03,7323571,268053.0,0.8999999999999999,7324831,264780.0,0.0,-99.09000000000052,-0.012322190014661344,0,1,1165
1166,0,0.04,7327711,264716.0,1.2,7328971,259253.00000000003,0.0,-219.7199999999986,-0.020750540201574387,0,1,1166
1167,0,0.03,7330471,259336.0,0.8999999999999999,7331731,262261.0,0.0,86.85,0.011163124286639726,0,1,1167
1168,0,0.03,7375640,285784.0,0.8999999999999999,7376900,286049.0,0.0,7.049999999998908,0.0008222993589562873,0,1,1168
1169,0,0.02,7379780,289838.0,0.6,7381040,290081.0,0.0,4.259999999999673,0.0007348932852144427,0,1,1169
1170,0,0.03,7389287,294126.0,0.8999999999999999,7390547,293455.0,0.0,-21.029999999999198,-0.00238333231336221,0,1,1170
1171,0,0.02,7393427,291849.0,0.6,7394687,291607.0,0.0,-5.440000000000145,-0.000931988802428678,0,1,1171
1172,0,0.02,7396187,287582.0,0.6,7397447,285449.0,0.0,-43.259999999999856,-0.0075213330458790625,0,1,1172
1173,0,0.02,7403086,291006.0,0.6,7404339,290957.0,0.0,-1.5799999999995635,-0.0002714720658679827,0,1,1173
1174,0,0.02,7427918,311115.0,0.6,7429178,312390.0,0.0,24.9,0.004001735692589556,0,1,1174
1175,0,0.01,7430676,311501.0,0.3,7431936,303632.0,0.0,-78.99000000000005,-0.025357864019698185,0,1,1175
1176,0,0.01,7434812,298186.0,0.3,7436072,309307.0,0.0,110.91000000000004,0.03719490519340279,0,1,1176
1177,0,0.01,7454108,331838.0,0.3,7455368,329565.0,0.0,-23.03000000000002,-0.0069401334386055905,0,1,1177
1178,0,0.01,7456868,323749.0,0.3,7458128,323343.0,0.0,-4.359999999999945,-0.0013467223064781498,0,1,1178
1179,0,0.01,7463768,332330.0,0.3,7465028,332843.0,0.0,4.830000000000109,0.0014533746577197692,0,1,1179
1180,0,0.01,7477566,329726.0,0.3,7478826,336055.0,0.0,62.98999999999997,0.019103740681656878,0,1,1180
1181,0,0.02,7481555,330320.0,0.6,7482815,329676.0,0.0,-13.480000000000109,-0.0020404456284814887,0,1,1181
1182,0,0.02,7488455,335663.0,0.6,7489715,337318.0,0.0,32.50000000000036,0.0048411650971361695,0,1,1182
1183,0,0.01,7491215,335861.0,0.3,7492475,331214.0,0.0,-46.77000000000025,-0.013925403664015843,0,1,1183
1184,0,0.02,7495355,332409.0,0.6,7496615,334652.0,0.0,44.25999999999967,0.006657461139740451,0,1,1184
1185,0,0.02,7502255,338876.0,0.6,7503515,336660.0,0.0,-44.92000000000062,-0.006627793057047506,0,1,1185
1186,0,0.02,7504864,336550.0,0.6,7506124,336534.0,0.0,-0.9199999999997089,-0.00013668102807899406,0,1,1186
1187,0,0.02,7509004,332126.0,0.6,7510264,333359.0,0.0,24.059999999999853,0.0036221193161631205,0,1,1187
1188,0,0.02,7511764,332103.0,0.6,7513024,327049.0,0.0,-101.67999999999992,-0.015308503687109107,0,1,1188
1189,0,0.02,7518664,332861.0,0.6,7523823,331555.0,0.0,-26.719999999999892,-0.004013687395038754,0,1,1189
1190,0,0.02,7529463,332645.0,0.6,7530723,334685.0,0.0,40.19999999999927,0.006042477716484431,0,1,1190
1191,0,0.03,7539123,336850.0,0.8999999999999999,7540383,333735.0,0.0,-94.35000000000073,-0.009336499925783061,0,1,1191
1192,0,0.02,7546023,329461.0,0.6,7547283,335697.0,0.0,124.12000000000026,0.018836827424186818,0,1,1192
1193,0,0.02,7559816,333286.0,0.6,7561076,333895.0,0.0,11.580000000000291,0.001737246689029886,0,1,1193
1194,0,0.04,7563956,331655.0,1.2,7565216,334855.0,0.0,126.8,0.009558125160181513,0,1,1194
1195,0,0.04,7566716,333872.0,1.2,7567976,337300.0,0.0,135.919999999999,0.010177553074231965,0,1,1195
1196,0,0.02,7580363,354045.0,0.6,7581623,359450.0,0.0,107.49999999999946,0.015181685943877114,0,1,1196
1197,0,0.01,7584503,363520.0,0.3,7585763,364178.0,0.0,6.279999999999927,0.0017275528169013884,0,1,1197
1198,0,0.02,7587263,363451.0,0.6,7588523,364399.0,0.0,18.360000000000035,0.002525787520188421,0,1,1198
1199,0,0.02,7594163,363974.0,0.6,7595423,368428.0,0.0,88.47999999999993,0.012154714347728125,0,1,1199
1200,0,0.01,7607963,385672.0,0.3,7609223,388555.0,0.0,28.529999999999927,0.007397477649401544,0,1,1200
1201,0,0.01,7614863,397485.0,0.3,7616123,401105.0,0.0,35.900000000000276,0.009031787363045217,0,1,1201
1202,0,0.01,7639703,393432.0,0.3,7640963,398426.0,0.0,49.64000000000006,0.012617173997031267,0,1,1202
1203,0,0.01,7642463,398891.0,0.3,7643723,400364.0,0.0,14.429999999999563,0.0036175296008181586,0,1,1203
1204,0,0.01,7649363,418580.0,0.3,7650623,408693.0,0.0,-99.16999999999989,-0.023692006307038053,0,1,1204
1205,0,0.01,7666997,421239.99999999994,0.3,7668257,420602.00000000006,0.0,-6.6799999999991995,-0.0015857943215267305,0,1,1205
1206,0,0.01,7683524,433485.0,0.3,7684784,433943.99999999994,0.0,4.289999999999236,0.0009896536212323924,0,1,1206
1207,0,0.01,7692984,433864.99999999994,0.3,7694244,431331.00000000006,0.0,-25.639999999999237,-0.00590967236352304,0,1,1207
1208,0,0.01,7694363,434780.0,0.3,7695623,433139.99999999994,0.0,-16.700000000000546,-0.0038410230461384024,0,1,1208
1209,0,0.01,7705403,459680.0,0.3,7706663,463239.00000000006,0.0,35.29000000000015,0.007677079707622726,0,1,1209
1210,0,0.01,7708163,460984.0,0.3,7709423,458160.00000000006,0.0,-28.539999999999782,-0.006191104246568163,0,1,1210
1211,0,0.01,7767177,499902.99999999994,0.3,7768437,484257.0,0.0,-156.76000000000005,-0.03135808346819284,0,1,1211
1212,0,0.01,7796154,479456.99999999994,0.3,7797414,485414.00000000006,0.0,59.27000000000062,0.012361901067249123,0,1,1212
1213,0,0.01,7803054,469277.00000000006,0.3,7804314,471610.99999999994,0.0,23.039999999999235,0.00490968021019552,0,1,1213
1214,0,0.01,7807194,459359.0,0.3,7808454,454668.0,0.0,-47.20999999999985,-0.010277364762636599,0,1,1214
1215,0,0.01,7820994,471647.99999999994,0.3,7822254,468797.0,0.0,-28.80999999999931,-0.006108368953117433,0,1,1215
1216,0,0.01,7823754,466177.00000000006,0.3,7825014,454566.0,0.0,-116.41000000000058,-0.02497120192544904,0,1,1216
1217,0,0.01,7827894,448380.0,0.3,7829154,454547.99999999994,0.0,61.379999999999384,0.013689281413086975,0,1,1217
1218,0,0.01,7834641,451052.99999999994,0.3,7835901,445064.99999999994,0.0,-60.180000000000106,-0.013342112789406148,0,1,1218
1219,0,0.01,7841541,448452.00000000006,0.3,7842801,444364.00000000006,0.0,-41.180000000000106,-0.009182699597727316,0,1,1219
1220,0,0.01,7844301,446898.99999999994,0.3,7845561,431827.00000000006,0.0,-151.01999999999936,-0.033792870424860955,0,1,1220
1221,0,0.01,7855341,433485.0,0.3,7856601,423552.00000000006,0.0,-99.62999999999992,-0.022983494238554947,0,1,1221
1222,0,0.01,7861880,410389.99999999994,0.3,7863140,398770.0,0.0,-116.49999999999936,-0.02838763127756509,0,1,1222
1223,0,0.01,7868660,401291.0,0.3,7869920,403836.0,0.0,25.149999999999817,0.006267272378398672,0,1,1223
1224,0,0.01,7875319,409745.0,0.3,7876579,407966.0,0.0,-18.08999999999951,-0.004414940999890056,0,1,1224
1225,0,0.01,7882219,404407.0,0.3,7883479,405680.0,0.0,12.430000000000017,0.003073636213023023,0,1,1225
1226,0,0.01,7884859,397776.0,0.3,7886119,401516.0,0.0,37.100000000000094,0.009326857326736679,0,1,1226
1227,0,0.01,7891759,404889.0,0.3,7893019,405357.0,0.0,4.380000000000291,0.0010817779687766996,0,1,1227
1228,0,0.01,7895899,401782.0,0.3,7897159,404436.0,0.0,26.239999999999963,0.006530904819031206,0,1,1228
